id,rank,polish,russian,part_of_speech,example_polish_1,example_russian_1,example_polish_2,example_russian_2,ukrainian,example_ukrainian_1,example_ukrainian_2
1,1,możliwość,возможность,noun,Mam możliwość pracy zdalnej trzy dni w tygodniu.,У меня есть возможность работать удалённо три дня в неделю.,Ta decyzja daje nam więcej możliwości.,Это решение даёт нам больше возможностей.,можливість,Маю можливість працювати віддалено три дні на тиждень.,Це рішення дає нам більше можливостей.
2,2,doświadczenie,опыт,noun,Mam doświadczenie w pracy z klientami.,У меня есть опыт работы с клиентами.,To doświadczenie bardzo mi pomogło.,Этот опыт мне очень помог.,досвід,Маю досвід роботи з клієнтами.,Цей досвід дуже мені допоміг.
3,3,obowiązek,обязанность,noun,To jest mój obowiązek jako pracownika.,Это моя обязанность как сотрудника.,Rodzice mają obowiązek dbać o dziecko.,Родители обязаны заботиться о ребёнке.,обов'язок,Це мій обов'язок як працівника.,Батьки мають обов'язок дбати про дитину.
4,4,odpowiedzialność,ответственность,noun,To duża odpowiedzialność.,Это большая ответственность.,Biorę odpowiedzialność za ten projekt.,Я беру ответственность за этот проект.,відповідальність,Це велика відповідальність.,Беру відповідальність за цей проєкт.
5,5,osiągnąć,достичь,verb,Chcę osiągnąć lepszy poziom języka polskiego.,Я хочу достичь лучшего уровня польского языка.,Firma osiągnęła dobry wynik.,Компания достигла хорошего результата.,досягти,Хочу досягти кращого рівня польської мови.,Компанія досягла гарного результату.
6,6,zależeć,зависеть,verb,Wszystko zależy od decyzji urzędu.,Всё зависит от решения учреждения.,Cena zależy od wielu czynników.,Цена зависит от многих факторов.,залежати,Все залежить від рішення установи.,Ціна залежить від багатьох факторів.
7,7,dotyczyć,"касаться, относиться к",verb,Ta informacja dotyczy wszystkich pracowników.,Эта информация касается всех сотрудников.,Pytanie dotyczy mojego pobytu w Polsce.,Вопрос касается моего пребывания в Польше.,стосуватися,Ця інформація стосується всіх працівників.,Питання стосується мого перебування в Польщі.
8,8,załatwić,"уладить, решить вопрос",verb,Muszę załatwić kilka spraw w urzędzie.,Мне нужно решить несколько дел в учреждении.,Udało mi się załatwić dokumenty.,Мне удалось оформить документы.,владнати,Маю владнати кілька справ в установі.,Мені вдалося владнати документи.
9,9,dochód,доход,noun,Muszę podać miesięczny dochód.,Я должен указать месячный доход.,Bank sprawdza dochód klienta.,Банк проверяет доход клиента.,дохід,Маю вказати місячний дохід.,Банк перевіряє дохід клієнта.
10,10,zatrudnienie,трудоустройство,noun,Szukam stabilnego zatrudnienia.,Я ищу стабильное трудоустройство.,Warunki zatrudnienia są opisane w umowie.,Условия трудоустройства описаны в договоре.,працевлаштування,Шукаю стабільного працевлаштування.,Умови працевлаштування описані в договорі.
11,11,świadczenie,"пособие, выплата",noun,Rodzina otrzymuje świadczenie na dziecko.,Семья получает пособие на ребёнка.,"Aby otrzymać świadczenie, trzeba złożyć wniosek.","Чтобы получить пособие, нужно подать заявление.",виплата,Сім'я отримує виплату на дитину.,"Щоб отримати виплату, потрібно подати заяву."
12,12,wniosek,заявление,noun,Złożyłem wniosek o kartę pobytu.,Я подал заявление на карту побыта.,Wniosek trzeba podpisać na ostatniej stronie.,Заявление нужно подписать на последней странице.,заява,Подав заяву на карту побиту.,Заяву потрібно підписати на останній сторінці.
13,13,pozwolenie,разрешение,noun,Potrzebuję pozwolenia na pracę.,Мне нужно разрешение на работу.,Nie dostałem jeszcze pozwolenia.,Я ещё не получил разрешение.,дозвіл,Потребую дозволу на роботу.,Ще не отримав дозволу.
14,14,warunek,условие,noun,To ważny warunek umowy.,Это важное условие договора.,Musisz spełnić wszystkie warunki.,Ты должен выполнить все условия.,умова,Це важлива умова договору.,Маєш виконати всі умови.
15,15,korzyść,"польза, выгода",noun,To rozwiązanie ma wiele korzyści.,У этого решения много преимуществ.,Nie widzę w tym żadnej korzyści.,Я не вижу в этом никакой пользы.,вигода,Це рішення має багато вигод.,Не бачу в цьому жодної вигоди.
16,16,wpływ,влияние,noun,Ta decyzja ma wpływ na nasze życie.,Это решение влияет на нашу жизнь.,Stres ma duży wpływ na zdrowie.,Стресс сильно влияет на здоровье.,вплив,Це рішення має вплив на наше життя.,Стрес має великий вплив на здоров'я.
17,17,zachowanie,поведение,noun,Jego zachowanie było nieodpowiednie.,Его поведение было неподходящим.,Dzieci często zmieniają zachowanie w nowym miejscu.,Дети часто меняют поведение в новом месте.,поведінка,Його поведінка була неналежною.,Діти часто змінюють поведінку в новому місці.
18,18,stosunek,отношение,noun,Mam pozytywny stosunek do tej zmiany.,У меня положительное отношение к этому изменению.,Jego stosunek do pracy jest bardzo odpowiedzialny.,Его отношение к работе очень ответственное.,ставлення,Маю позитивне ставлення до цієї зміни.,Його ставлення до роботи дуже відповідальне.
19,19,kontaktować się,связываться,verb,Proszę kontaktować się z nami mailowo.,"Пожалуйста, связывайтесь с нами по электронной почте.",Muszę skontaktować się z lekarzem.,Мне нужно связаться с врачом.,зв'язуватися,Просимо зв'язуватися з нами електронною поштою.,Маю зв'язатися з лікарем.
20,20,uzyskać,"получить, добиться",verb,Chcę uzyskać więcej informacji.,Я хочу получить больше информации.,Udało mi się uzyskać zgodę.,Мне удалось получить согласие.,отримати,Хочу отримати більше інформації.,Мені вдалося отримати згоду.
21,21,przeprowadzić,провести,verb,Przeprowadziliśmy analizę wyników za ostatni miesiąc.,Мы провели анализ результатов за последний месяц.,Firma przeprowadziła szkolenie dla nowych pracowników.,Компания провела обучение для новых сотрудников.,провести,Ми провели аналіз результатів за останній місяць.,Компанія провела навчання для нових співробітників.
22,22,rozwiązanie,решение,noun,To rozwiązanie pozwoli zaoszczędzić dużo czasu.,Это решение позволит сэкономить много времени.,Szukamy najlepszego rozwiązania tego problemu.,Мы ищем лучшее решение этой проблемы.,рішення,Це рішення дозволить заощадити багато часу.,Ми шукаємо найкраще рішення цієї проблеми.
23,23,ograniczenie,ограничение,noun,Nowe ograniczenia weszły w życie od poniedziałku.,Новые ограничения вступили в силу с понедельника.,Każdy system ma swoje ograniczenia.,У каждой системы есть свои ограничения.,обмеження,Нові обмеження набули чинності з понеділка.,Кожна система має свої обмеження.
24,24,okoliczność,обстоятельство,noun,W tych okolicznościach trudno było podjąć decyzję.,В этих обстоятельствах было трудно принять решение.,Musimy wziąć pod uwagę wszystkie okoliczności.,Мы должны учесть все обстоятельства.,обставина,За цих обставин було важко прийняти рішення.,Ми повинні врахувати всі обставини.
25,25,wydarzenie,событие,noun,To było ważne wydarzenie dla całej firmy.,Это было важное событие для всей компании.,W weekend odbędzie się duże wydarzenie kulturalne.,На выходных состоится крупное культурное событие.,подія,Це була важлива подія для всієї компанії.,На вихідних відбудеться велика культурна подія.
26,26,perspektywa,перспектива,noun,Z mojej perspektywy to dobra decyzja.,С моей точки зрения это хорошее решение.,Praca w tej firmie daje ciekawe perspektywy rozwoju.,Работа в этой компании даёт интересные перспективы развития.,перспектива,З моєї перспективи це гарне рішення.,Робота в цій компанії дає цікаві перспективи розвитку.
27,27,działalność,деятельность,noun,Firma rozpoczęła działalność w 2018 roku.,Компания начала деятельность в 2018 году.,Prowadzenie działalności wymaga dużej odpowiedzialności.,Ведение деятельности требует большой ответственности.,діяльність,Компанія розпочала діяльність у 2018 році.,Ведення діяльності вимагає великої відповідальності.
28,28,przedsiębiorstwo,предприятие,noun,To przedsiębiorstwo zatrudnia ponad tysiąc osób.,Это предприятие нанимает более тысячи человек.,Przedsiębiorstwo planuje dalszy rozwój.,Предприятие планирует дальнейшее развитие.,підприємство,Це підприємство наймає понад тисячу людей.,Підприємство планує подальший розвиток.
29,29,instytucja,учреждение,noun,Ta instytucja zajmuje się pomocą cudzoziemcom.,Это учреждение занимается помощью иностранцам.,Musisz dostarczyć dokumenty do odpowiedniej instytucji.,Ты должен предоставить документы в соответствующее учреждение.,установа,Ця установа займається допомогою іноземцям.,Ви повинні надати документи до відповідної установи.
30,30,procedura,процедура,noun,Procedura uzyskania pozwolenia może potrwać kilka miesięcy.,Процедура получения разрешения может занять несколько месяцев.,Pracownicy muszą przestrzegać obowiązujących procedur.,Сотрудники должны соблюдать действующие процедуры.,процедура,Процедура отримання дозволу може тривати кілька місяців.,Працівники повинні дотримуватися чинних процедур.
31,31,szczegół,деталь,noun,Musimy omówić wszystkie szczegóły projektu.,Мы должны обсудить все детали проекта.,Nie pamiętam tego szczegółu.,Я не помню этой детали.,деталь,Ми повинні обговорити всі деталі проєкту.,Я не пам'ятаю цієї деталі.
32,32,podpis,подпись,noun,Proszę złożyć podpis na ostatniej stronie.,"Пожалуйста, поставьте подпись на последней странице.",Bez podpisu dokument jest nieważny.,Без подписи документ недействителен.,підпис,"Будь ласка, поставте підпис на останній сторінці.",Без підпису документ є недійсним.
33,33,zgoda,согласие,noun,Potrzebuję twojej zgody.,Мне нужно твоё согласие.,Rodzice wyrazili zgodę na wyjazd.,Родители дали согласие на поездку.,згода,Мені потрібна твоя згода.,Батьки висловили згоду на поїздку.
34,34,odmowa,отказ,noun,Otrzymałem odmowę wydania dokumentu.,Я получил отказ в выдаче документа.,Nie spodziewałem się takiej odmowy.,Я не ожидал такого отказа.,відмова,Я отримав відмову у видачі документа.,Я не очікував такої відмови.
35,35,wymaganie,требование,noun,To podstawowe wymaganie tego stanowiska.,Это базовое требование этой должности.,Musimy spełnić wszystkie wymagania.,Мы должны выполнить все требования.,вимога,Це основна вимога до цієї посади.,Ми повинні виконати всі вимоги.
36,36,oczekiwanie,ожидание,noun,Czas oczekiwania wynosi około miesiąca.,Срок ожидания составляет около месяца.,Nasze oczekiwania były wyższe.,Наши ожидания были выше.,очікування,Час очікування становить близько місяця.,Наші очікування були вищими.
37,37,uczestnik,участник,noun,Każdy uczestnik otrzyma certyfikat.,Каждый участник получит сертификат.,W spotkaniu było dwudziestu uczestników.,На встрече было двадцать участников.,учасник,Кожен учасник отримає сертифікат.,На зустрічі було двадцять учасників.
38,38,współpraca,сотрудничество,noun,Nasza współpraca układa się bardzo dobrze.,Наше сотрудничество складывается очень хорошо.,Firma szuka partnerów do współpracy.,Компания ищет партнёров для сотрудничества.,співпраця,Наша співпраця складається дуже добре.,Компанія шукає партнерів для співпраці.
39,39,konkurencja,конкуренция,noun,Konkurencja na rynku jest duża.,Конкуренция на рынке высокая.,Musimy obserwować działania konkurencji.,Мы должны следить за действиями конкурентов.,конкуренція,Конкуренція на ринку велика.,Ми повинні спостерігати за діями конкуренції.
40,40,rozwój,развитие,noun,Rozwój firmy przebiega zgodnie z planem.,Развитие компании идёт по плану.,Inwestujemy w rozwój pracowników.,Мы инвестируем в развитие сотрудников.,розвиток,Розвиток компанії відбувається згідно з планом.,Ми інвестуємо в розвиток співробітників.
41,41,postęp,прогресс,noun,Widać duży postęp w nauce języka.,В изучении языка виден большой прогресс.,Projekt robi postępy każdego tygodnia.,Проект продвигается каждую неделю.,поступ,Видно значний поступ у вивченні мови.,Проєкт робить поступ щотижня.
42,42,wartość,ценность,noun,Najważniejszą wartością jest zaufanie.,Самая важная ценность — доверие.,Wartość mieszkania wzrosła.,Стоимость квартиры выросла.,цінність,Найважливішою цінністю є довіра.,Вартість квартири зросла.
43,43,cel,цель,noun,Moim celem jest płynna znajomość polskiego.,Моя цель — свободное владение польским.,Musimy określić główny cel projektu.,Мы должны определить главную цель проекта.,мета,Моєю метою є вільне володіння польською.,Ми повинні визначити головну мету проєкту.
44,44,analiza,анализ,noun,Analiza danych zajęła kilka dni.,Анализ данных занял несколько дней.,Przygotowujemy analizę rynku.,Мы готовим анализ рынка.,аналіз,Аналіз даних зайняв кілька днів.,Ми готуємо аналіз ринку.
45,45,decyzja,решение,noun,To była trudna decyzja.,Это было трудное решение.,Czekamy na decyzję urzędu.,Мы ждём решения учреждения.,рішення,Це було складне рішення.,Ми чекаємо на рішення установи.
46,46,wynik,результат,noun,Wynik egzaminu był bardzo dobry.,Результат экзамена был очень хорошим.,Jesteśmy zadowoleni z wyników pracy.,Мы довольны результатами работы.,результат,Результат іспиту був дуже добрим.,Ми задоволені результатами роботи.
47,47,ocena,оценка,noun,Uczeń otrzymał wysoką ocenę.,Ученик получил высокую оценку.,Twoja ocena sytuacji jest trafna.,Твоя оценка ситуации точна.,оцінка,Учень отримав високу оцінку.,Ваша оцінка ситуації є влучною.
48,48,argument,аргумент,noun,To mocny argument za zmianą.,Это сильный аргумент в пользу изменений.,Nie zgadzam się z tym argumentem.,Я не согласен с этим аргументом.,аргумент,Це сильний аргумент на користь змін.,Я не погоджуюся з цим аргументом.
49,49,dowód,доказательство,noun,Potrzebujemy dowodu na potwierdzenie tej informacji.,Нам нужно доказательство для подтверждения этой информации.,Policja znalazła ważny dowód.,Полиция нашла важное доказательство.,доказ,Нам потрібен доказ для підтвердження цієї інформації.,Поліція знайшла важливий доказ.
50,50,propozycja,предложение,noun,Mam ciekawą propozycję.,У меня есть интересное предложение.,Rozważymy wszystkie propozycje.,Мы рассмотрим все предложения.,пропозиція,У мене є цікава пропозиція.,Ми розглянемо всі пропозиції.
51,51,udział,участие,noun,Wzięliśmy udział w ważnym spotkaniu.,Мы приняли участие в важной встрече.,Udział w kursie jest bezpłatny.,Участие в курсе бесплатное.,участь,Ми взяли участь у важливій зустрічі.,Участь у курсі є безкоштовною.
52,52,przepis,"правило, норма",noun,Musimy przestrzegać nowych przepisów.,Мы должны соблюдать новые правила.,Ten przepis dotyczy wszystkich pracowników.,Эта норма касается всех сотрудников.,правило,Ми повинні дотримуватися нових правил.,Це правило стосується всіх працівників.
53,53,przestrzegać,соблюдать,verb,Pracownicy muszą przestrzegać procedur bezpieczeństwa.,Сотрудники должны соблюдать процедуры безопасности.,"Ważne jest, żeby przestrzegać terminów.",Важно соблюдать сроки.,дотримуватися,Працівники повинні дотримуватися процедур безпеки.,Важливо дотримуватися термінів.
54,54,udowodnić,доказать,verb,Muszę udowodnić swoje doświadczenie zawodowe.,Я должен доказать свой профессиональный опыт.,Trudno udowodnić to bez dokumentów.,Трудно доказать это без документов.,довести,Я повинен довести свій професійний досвід.,Важко довести це без документів.
55,55,wyjaśnić,объяснить,verb,Czy możesz wyjaśnić mi tę decyzję?,Можешь объяснить мне это решение?,"Urzędnik wyjaśnił, jakie dokumenty są potrzebne.","Сотрудник учреждения объяснил, какие документы нужны.",пояснити,Чи можеш ти пояснити мені це рішення?,"Чиновник пояснив, які документи потрібні."
56,56,przekonać,убедить,verb,Muszę przekonać szefa do mojego pomysłu.,Я должен убедить начальника в своей идее.,Nie udało mi się go przekonać.,Мне не удалось его убедить.,переконати,Я повинен переконати керівника у своїй ідеї.,Мені не вдалося його переконати.
57,57,przyznać,"признать, предоставить",verb,"Muszę przyznać, że to był błąd.","Я должен признать, что это была ошибка.",Urząd przyznał rodzinie świadczenie.,Учреждение назначило семье пособие.,визнати,"Я мушу визнати, що це була помилка.",Установа надала родині допомогу.
58,58,unikać,избегать,verb,Staram się unikać niepotrzebnego stresu.,Я стараюсь избегать ненужного стресса.,Warto unikać błędów w dokumentach.,Стоит избегать ошибок в документах.,уникати,Я намагаюся уникати непотрібного стресу.,Варто уникати помилок у документах.
59,59,rozważać,"рассматривать, обдумывать",verb,Rozważamy zakup mieszkania w Warszawie.,Мы рассматриваем покупку квартиры в Варшаве.,Firma rozważa zmianę procedury.,Компания рассматривает изменение процедуры.,розглядати,Ми розглядаємо купівлю квартири у Варшаві.,Компанія розглядає зміну процедури.
60,60,porównywać,сравнивать,verb,Porównujemy oferty kilku banków.,Мы сравниваем предложения нескольких банков.,Nie warto porównywać swojej sytuacji z innymi.,Не стоит сравнивать свою ситуацию с другими.,порівнювати,Ми порівнюємо пропозиції кількох банків.,Не варто порівнювати свою ситуацію з іншими.
61,61,oceniać,оценивать,verb,Trudno oceniać sytuację bez wszystkich informacji.,Трудно оценивать ситуацию без всей информации.,Pracodawca ocenia wyniki pracy zespołu.,Работодатель оценивает результаты работы команды.,оцінювати,Важко оцінювати ситуацію без усієї інформації.,Роботодавець оцінює результати роботи команди.
62,62,dotrzeć,добраться,verb,Muszę dotrzeć do urzędu przed zamknięciem.,Мне нужно добраться до учреждения до закрытия.,Informacja szybko dotarła do wszystkich pracowników.,Информация быстро дошла до всех сотрудников.,"дістатися, дійти",Мені потрібно дістатися до установи до закриття.,Інформація швидко дійшла до всіх працівників.
63,63,polegać,"полагаться, заключаться",verb,Mogę polegać na moim zespole.,Я могу положиться на свою команду.,Problem polega na braku dokumentów.,Проблема заключается в отсутствии документов.,"покладатися, полягати",Я можу покладатися на свою команду.,Проблема полягає у відсутності документів.
64,64,radzić,"советовать, справляться",verb,Lekarz radzi odpoczywać przez kilka dni.,Врач советует отдохнуть несколько дней.,Coraz lepiej radzę sobie po polsku.,Я всё лучше справляюсь на польском.,"радити, давати раду",Лікар радить відпочивати кілька днів.,Я все краще даю собі раду польською.
65,65,uwaga,внимание,noun,Proszę zwrócić uwagę na termin ważności dokumentu.,"Пожалуйста, обратите внимание на срок действия документа.",Ta uwaga była bardzo przydatna.,Это замечание было очень полезным.,"увага, примітка","Будь ласка, зверніть увагу на термін дії документа.",Ця примітка була дуже корисною.
66,66,wpływać,влиять,verb,Stres może wpływać na zdrowie.,Стресс может влиять на здоровье.,Decyzje rodziców wpływają na rozwój dziecka.,Решения родителей влияют на развитие ребёнка.,впливати,Стрес може впливати на здоров'я.,Рішення батьків впливають на розвиток дитини.
67,67,zwracać,"обращать, возвращать",verb,Warto zwracać uwagę na szczegóły.,Стоит обращать внимание на детали.,Sklep zwraca pieniądze za uszkodzony produkt.,Магазин возвращает деньги за повреждённый товар.,"звертати, повертати",Варто звертати увагу на деталі.,Магазин повертає гроші за пошкоджений товар.
68,68,przyzwyczaić,привыкнуть,verb,Trudno było mi przyzwyczaić się do nowego miasta.,Мне было трудно привыкнуть к новому городу.,Dziecko szybko przyzwyczaiło się do przedszkola.,Ребёнок быстро привык к детскому саду.,звикнути,Мені було важко звикнути до нового міста.,Дитина швидко звикла до дитячого садка.
69,69,rezygnować,отказываться,verb,Nie chcę rezygnować z nauki języka.,Я не хочу отказываться от изучения языка.,Firma rezygnuje z tej usługi.,Компания отказывается от этой услуги.,відмовлятися,Я не хочу відмовлятися від вивчення мови.,Компанія відмовляється від цієї послуги.
70,70,korzystać,пользоваться,verb,Codziennie korzystam z aplikacji bankowej.,Я каждый день пользуюсь банковским приложением.,Możesz korzystać z tej usługi bezpłatnie.,Ты можешь пользоваться этой услугой бесплатно.,користуватися,Щодня користуюся банківським додатком.,Ви можете користуватися цією послугою безкоштовно.
71,71,ubiegać,"подаваться, ходатайствовать",verb,Możesz ubiegać się o dofinansowanie.,Ты можешь податься на финансирование.,Cudzoziemiec ubiega się o zezwolenie na pobyt.,Иностранец подаётся на разрешение на пребывание.,"подавати заяву, клопотати",Ви можете подати заяву на отримання фінансування.,Іноземець подає заяву на дозвіл на проживання.
72,72,podlegać,подлежать,verb,Ten dochód podlega opodatkowaniu.,Этот доход подлежит налогообложению.,Dokumenty podlegają weryfikacji.,Документы подлежат проверке.,підлягати,Цей дохід підлягає оподаткуванню.,Документи підлягають перевірці.
73,73,obejmować,"охватывать, включать",verb,Umowa obejmuje dodatkowe ubezpieczenie.,Договор включает дополнительную страховку.,Program obejmuje kilka poziomów nauki.,Программа охватывает несколько уровней обучения.,"охоплювати, включати",Угода включає додаткове страхування.,Програма охоплює кілька рівнів навчання.
74,74,wynikać,"следовать, вытекать",verb,"Z dokumentu wynika, że decyzja jest pozytywna.","Из документа следует, что решение положительное.",Problem wynika z braku informacji.,Проблема возникает из-за отсутствия информации.,"випливати, виникати","З документа випливає, що рішення позитивне.",Проблема виникає через відсутність інформації.
75,75,przewidywać,"предполагать, предусматривать",verb,Umowa przewiduje możliwość pracy zdalnej.,Договор предусматривает возможность удалённой работы.,Trudno przewidzieć wynik tej sprawy.,Трудно предсказать результат этого дела.,передбачати,Угода передбачає можливість віддаленої роботи.,Важко передбачити результат цієї справи.
76,76,udostępniać,"предоставлять, делиться",verb,Urząd udostępnia formularze online.,Учреждение предоставляет формуляры онлайн.,Nie udostępniaj swoich danych obcym osobom.,Не передавай свои данные посторонним людям.,"надавати, ділитися",Установа надає онлайн-форми.,Не надавайте свої дані стороннім особам.
77,77,zapewniać,обеспечивать,verb,Pracodawca zapewnia szkolenie nowym pracownikom.,Работодатель обеспечивает обучение новым сотрудникам.,System zapewnia bezpieczeństwo danych.,Система обеспечивает безопасность данных.,забезпечувати,Роботодавець забезпечує навчання новим працівникам.,Система забезпечує безпеку даних.
78,78,potwierdzać,подтверждать,verb,Muszę potwierdzić swoją tożsamość.,Я должен подтвердить свою личность.,Dokument potwierdza moje zatrudnienie.,Документ подтверждает моё трудоустройство.,підтверджувати,Мені потрібно підтвердити свою особу.,Документ підтверджує моє працевлаштування.
79,79,odrzucić,отклонить,verb,Bank odrzucił mój wniosek kredytowy.,Банк отклонил моё кредитное заявление.,Nie warto odrzucić tej propozycji bez rozmowy.,Не стоит отклонять это предложение без разговора.,відхилити,Банк відхилив мою кредитну заявку.,Не варто відхиляти цю пропозицію без розмови.
80,80,zatwierdzić,утвердить,verb,Kierownik zatwierdził plan projektu.,Руководитель утвердил план проекта.,Wniosek został zatwierdzony przez urząd.,Заявление было утверждено учреждением.,затвердити,Керівник затвердив план проєкту.,Заявка була затверджена установою.
81,81,przedłużyć,продлить,verb,Chcę przedłużyć umowę najmu.,Я хочу продлить договор аренды.,Muszę przedłużyć ważność dokumentu.,Мне нужно продлить срок действия документа.,продовжити,Я хочу продовжити договір оренди.,Мені потрібно продовжити термін дії документа.
82,82,wygasać,истекать,verb,Moje pozwolenie wygasa w grudniu.,Моё разрешение истекает в декабре.,Umowa wygasa z końcem miesiąca.,Договор истекает в конце месяца.,закінчуватися,Мій дозвіл закінчується в грудні.,Договір закінчується наприкінці місяця.
83,83,obowiązywać,действовать,verb,Nowe przepisy obowiązują od stycznia.,Новые правила действуют с января.,Promocja obowiązuje tylko do końca tygodnia.,Акция действует только до конца недели.,діяти,Нові правила діють з січня.,Акція діє лише до кінця тижня.
84,84,meldunek,регистрация,noun,Do wniosku potrzebny jest meldunek.,Для заявления нужна регистрация.,Nie każdy cudzoziemiec ma stały meldunek.,Не у каждого иностранца есть постоянная регистрация.,реєстрація,Для заяви потрібна реєстрація.,Не кожен іноземець має постійну реєстрацію.
85,85,pobyt,пребывание,noun,Złożyłem wniosek o zezwolenie na pobyt.,Я подал заявление на разрешение на пребывание.,Legalny pobyt jest ważny przy wielu formalnościach.,Легальное пребывание важно при многих формальностях.,перебування,Я подав заяву на дозвіл на перебування.,Легальне перебування важливе для багатьох формальностей.
86,86,obywatelstwo,гражданство,noun,Chcę dowiedzieć się więcej o obywatelstwie.,Я хочу узнать больше о гражданстве.,Obywatelstwo można uzyskać po spełnieniu warunków.,Гражданство можно получить после выполнения условий.,громадянство,Я хочу дізнатися більше про громадянство.,Громадянство можна отримати після виконання умов.
87,87,zezwolenie,разрешение,noun,Czekam na zezwolenie na pobyt.,Я жду разрешение на пребывание.,Zezwolenie jest ważne przez trzy lata.,Разрешение действительно три года.,дозвіл,Я чекаю на дозвіл на перебування.,Дозвіл дійсний протягом трьох років.
88,88,zaświadczenie,справка,noun,Potrzebuję zaświadczenia o zatrudnieniu.,Мне нужна справка о трудоустройстве.,Lekarz wystawił zaświadczenie dla pracodawcy.,Врач выдал справку для работодателя.,довідка,Мені потрібна довідка про працевлаштування.,Лікар видав довідку для роботодавця.
89,89,opłata,"оплата, сбор",noun,Opłatę trzeba zrobić przelewem.,Оплату нужно сделать банковским переводом.,Wysokość opłaty zależy od rodzaju wniosku.,Размер сбора зависит от типа заявления.,оплата,Оплату потрібно здійснити переказом.,Розмір оплати залежить від типу заяви.
90,90,formularz,"формуляр, бланк",noun,Muszę wypełnić formularz online.,Я должен заполнить формуляр онлайн.,Formularz jest dostępny na stronie urzędu.,Бланк доступен на сайте учреждения.,бланк,Мені потрібно заповнити бланк онлайн.,Бланк доступний на сайті установи.
91,91,sprawa,"дело, вопрос",noun,Chcę zapytać o status mojej sprawy.,Я хочу спросить о статусе моего дела.,Ta sprawa jest dla mnie bardzo ważna.,Этот вопрос для меня очень важен.,справа,Я хочу запитати про статус моєї справи.,Ця справа для мене дуже важлива.
92,92,termin,"срок, дата",noun,Mam termin wizyty na przyszły tydzień.,У меня дата визита на следующую неделю.,Nie możemy przekroczyć tego terminu.,Мы не можем превысить этот срок.,термін,У мене призначена дата візиту на наступний тиждень.,Ми не можемо перевищити цей термін.
93,93,umowa,договор,noun,Podpisałem nową umowę o pracę.,Я подписал новый трудовой договор.,Przed podpisaniem umowy trzeba ją dokładnie przeczytać.,Перед подписанием договора нужно внимательно его прочитать.,договір,Я підписав новий трудовий договір.,Перед підписанням договору потрібно його уважно прочитати.
94,94,wynagrodzenie,"зарплата, вознаграждение",noun,Wynagrodzenie jest wypłacane raz w miesiącu.,Зарплата выплачивается один раз в месяц.,W umowie podano wysokość wynagrodzenia.,В договоре указали размер зарплаты.,винагорода,Винагорода виплачується раз на місяць.,У договорі зазначено розмір винагороди.
95,95,stanowisko,"должность, позиция",noun,Aplikuję na stanowisko specjalisty.,Я подаюсь на должность специалиста.,Moje stanowisko wiąże się z dużą odpowiedzialnością.,Моя должность связана с большой ответственностью.,посада,Я подаю заявку на посаду спеціаліста.,Моя посада пов'язана з великою відповідальністю.
96,96,zawodowy,профессиональный,adjective,Mam pięć lat doświadczenia zawodowego.,У меня пять лет профессионального опыта.,Rozwój zawodowy jest dla mnie ważny.,Профессиональное развитие для меня важно.,професійний,Я маю п'ять років професійного досвіду.,Професійний розвиток для мене важливий.
97,97,kwalifikacje,квалификация,noun,To stanowisko wymaga odpowiednich kwalifikacji.,Эта должность требует соответствующей квалификации.,Chcę podnieść swoje kwalifikacje.,Я хочу повысить свою квалификацию.,кваліфікація,Ця посада вимагає відповідної кваліфікації.,Я хочу підвищити свою кваліфікацію.
98,98,szkolenie,"обучение, тренинг",noun,Firma organizuje szkolenie dla pracowników.,Компания организует обучение для сотрудников.,Po szkoleniu otrzymasz certyfikat.,После обучения ты получишь сертификат.,навчання,Компанія організовує навчання для працівників.,Після навчання ви отримаєте сертифікат.
99,99,awans,повышение,noun,Otrzymałem awans po roku pracy.,Я получил повышение после года работы.,Awans wiąże się z większą odpowiedzialnością.,Повышение связано с большей ответственностью.,підвищення,Я отримав підвищення після року роботи.,Підвищення пов'язане з більшою відповідальністю.
100,100,pracodawca,работодатель,noun,Pracodawca powinien jasno określić obowiązki.,Работодатель должен чётко определить обязанности.,Mój pracodawca oferuje prywatne ubezpieczenie zdrowotne.,Мой работодатель предлагает частную медицинскую страховку.,роботодавець,Роботодавець повинен чітко визначити обов'язки.,Мій роботодавець пропонує приватне медичне страхування.
101,101,pracownik,сотрудник,noun,To słowo pojawia się często w pracy i codziennym życiu.,Это слово часто встречается в работе и повседневной жизни.,Warto dobrze rozumieć pojęcie: pracownik.,Стоит хорошо понимать понятие: сотрудник.,працівник,Це слово часто зустрічається в роботі та повсякденному житті.,Варто добре розуміти поняття: працівник.
102,102,zatrudniać,нанимать,verb,To słowo pojawia się często w pracy i codziennym życiu.,Это слово часто встречается в работе и повседневной жизни.,Warto dobrze rozumieć pojęcie: zatrudniać.,Стоит хорошо понимать понятие: нанимать.,наймати,Це слово часто зустрічається в роботі та повсякденному житті.,Варто добре розуміти поняття: наймати.
103,103,zwolnić,уволить,verb,To słowo pojawia się często w pracy i codziennym życiu.,Это слово часто встречается в работе и повседневной жизни.,Warto dobrze rozumieć pojęcie: zwolnić.,Стоит хорошо понимать понятие: уволить.,звільнити,Це слово часто зустрічається в роботі та повсякденному житті.,Варто добре розуміти поняття: звільнити.
104,104,zarobki,заработок,noun,To słowo pojawia się często w pracy i codziennym życiu.,Это слово часто встречается в работе и повседневной жизни.,Warto dobrze rozumieć pojęcie: zarobki.,Стоит хорошо понимать понятие: заработок.,заробіток,Це слово часто зустрічається в роботі та повсякденному житті.,Варто добре розуміти поняття: заробіток.
105,105,etat,штатная должность,noun,To słowo pojawia się często w pracy i codziennym życiu.,Это слово часто встречается в работе и повседневной жизни.,Warto dobrze rozumieć pojęcie: etat.,Стоит хорошо понимать понятие: штатная должность.,штат,Це слово часто зустрічається в роботі та повсякденному житті.,Варто добре розуміти поняття: штат.
106,106,urlop,отпуск,noun,To słowo pojawia się często w pracy i codziennym życiu.,Это слово часто встречается в работе и повседневной жизни.,Warto dobrze rozumieć pojęcie: urlop.,Стоит хорошо понимать понятие: отпуск.,відпустка,Це слово часто зустрічається в роботі та повсякденному житті.,Варто добре розуміти поняття: відпустка.
107,107,obecność,присутствие,noun,To słowo pojawia się często w pracy i codziennym życiu.,Это слово часто встречается в работе и повседневной жизни.,Warto dobrze rozumieć pojęcie: obecność.,Стоит хорошо понимать понятие: присутствие.,присутність,Це слово часто зустрічається в роботі та повсякденному житті.,Варто добре розуміти поняття: присутність.
108,108,nieobecność,отсутствие,noun,To słowo pojawia się często w pracy i codziennym życiu.,Это слово часто встречается в работе и повседневной жизни.,Warto dobrze rozumieć pojęcie: nieobecność.,Стоит хорошо понимать понятие: отсутствие.,відсутність,Це слово часто зустрічається в роботі та повсякденному житті.,Варто добре розуміти поняття: відсутність.
109,109,zastępstwo,замещение,noun,To słowo pojawia się często w pracy i codziennym życiu.,Это слово часто встречается в работе и повседневной жизни.,Warto dobrze rozumieć pojęcie: zastępstwo.,Стоит хорошо понимать понятие: замещение.,заміщення,Це слово часто зустрічається в роботі та повсякденному житті.,Варто добре розуміти поняття: заміщення.
110,110,obowiązki służbowe,служебные обязанности,noun,To słowo pojawia się często w pracy i codziennym życiu.,Это слово часто встречается в работе и повседневной жизни.,Warto dobrze rozumieć pojęcie: obowiązki służbowe.,Стоит хорошо понимать понятие: служебные обязанности.,службові обов'язки,Це слово часто зустрічається в роботі та повсякденному житті.,Варто добре розуміти поняття: службові обов'язки.
111,111,terminowość,пунктуальность,noun,To słowo pojawia się często w pracy i codziennym życiu.,Это слово часто встречается в работе и повседневной жизни.,Warto dobrze rozumieć pojęcie: terminowość.,Стоит хорошо понимать понятие: пунктуальность.,пунктуальність,Це слово часто зустрічається в роботі та повсякденному житті.,Варто добре розуміти поняття: пунктуальність.
112,112,wydajność,эффективность,noun,To słowo pojawia się często w pracy i codziennym życiu.,Это слово часто встречается в работе и повседневной жизни.,Warto dobrze rozumieć pojęcie: wydajność.,Стоит хорошо понимать понятие: эффективность.,ефективність,Це слово часто зустрічається в роботі та повсякденному житті.,Варто добре розуміти поняття: ефективність.
113,113,osiągnięcie,достижение,noun,To słowo pojawia się często w pracy i codziennym życiu.,Это слово часто встречается в работе и повседневной жизни.,Warto dobrze rozumieć pojęcie: osiągnięcie.,Стоит хорошо понимать понятие: достижение.,досягнення,Це слово часто зустрічається в роботі та повсякденному житті.,Варто добре розуміти поняття: досягнення.
114,114,umiejętność,навык,noun,To słowo pojawia się często w pracy i codziennym życiu.,Это слово часто встречается в работе и повседневной жизни.,Warto dobrze rozumieć pojęcie: umiejętność.,Стоит хорошо понимать понятие: навык.,навичка,Це слово часто зустрічається в роботі та повсякденному житті.,Варто добре розуміти поняття: навичка.
115,115,kompetencje,компетенции,noun,To słowo pojawia się często w pracy i codziennym życiu.,Это слово часто встречается в работе и повседневной жизни.,Warto dobrze rozumieć pojęcie: kompetencje.,Стоит хорошо понимать понятие: компетенции.,компетенції,Це слово часто зустрічається в роботі та повсякденному житті.,Варто добре розуміти поняття: компетенції.
116,116,doświadczać,испытывать,verb,To słowo pojawia się często w pracy i codziennym życiu.,Это слово часто встречается в работе и повседневной жизни.,Warto dobrze rozumieć pojęcie: doświadczać.,Стоит хорошо понимать понятие: испытывать.,відчувати,Це слово часто зустрічається в роботі та повсякденному житті.,Варто добре розуміти поняття: відчувати.
117,117,rozwijać się,развиваться,verb,To słowo pojawia się często w pracy i codziennym życiu.,Это слово часто встречается в работе и повседневной жизни.,Warto dobrze rozumieć pojęcie: rozwijać się.,Стоит хорошо понимать понятие: развиваться.,розвиватися,Це слово часто зустрічається в роботі та повсякденному житті.,Варто добре розуміти поняття: розвиватися.
118,118,poprawić,улучшить,verb,To słowo pojawia się często w pracy i codziennym życiu.,Это слово часто встречается в работе и повседневной жизни.,Warto dobrze rozumieć pojęcie: poprawić.,Стоит хорошо понимать понятие: улучшить.,покращити,Це слово часто зустрічається в роботі та повсякденному житті.,Варто добре розуміти поняття: покращити.
119,119,pogorszyć,ухудшить,verb,To słowo pojawia się często w pracy i codziennym życiu.,Это слово часто встречается в работе и повседневной жизни.,Warto dobrze rozumieć pojęcie: pogorszyć.,Стоит хорошо понимать понятие: ухудшить.,погіршити,Це слово часто зустрічається в роботі та повсякденному житті.,Варто добре розуміти поняття: погіршити.
120,120,spełniać,"выполнять, соответствовать",verb,To słowo pojawia się często w pracy i codziennym życiu.,Это слово часто встречается в работе и повседневной жизни.,Warto dobrze rozumieć pojęcie: spełniać.,"Стоит хорошо понимать понятие: выполнять, соответствовать.",виконувати,Це слово часто зустрічається в роботі та повсякденному житті.,Варто добре розуміти поняття: виконувати.
121,121,wymóg,требование,noun,To słowo pojawia się często w pracy i codziennym życiu.,Это слово часто встречается в работе и повседневной жизни.,Warto dobrze rozumieć pojęcie: wymóg.,Стоит хорошо понимать понятие: требование.,вимога,Це слово часто зустрічається в роботі та повсякденному житті.,Варто добре розуміти поняття: вимога.
122,122,kandydat,кандидат,noun,To słowo pojawia się często w pracy i codziennym życiu.,Это слово часто встречается в работе и повседневной жизни.,Warto dobrze rozumieć pojęcie: kandydat.,Стоит хорошо понимать понятие: кандидат.,кандидат,Це слово часто зустрічається в роботі та повсякденному житті.,Варто добре розуміти поняття: кандидат.
123,123,rekrutacja,найм,noun,To słowo pojawia się często w pracy i codziennym życiu.,Это слово часто встречается в работе и повседневной жизни.,Warto dobrze rozumieć pojęcie: rekrutacja.,Стоит хорошо понимать понятие: найм.,рекрутинг,Це слово часто зустрічається в роботі та повсякденному житті.,Варто добре розуміти поняття: рекрутинг.
124,124,rozmowa kwalifikacyjna,собеседование,noun,To słowo pojawia się często w pracy i codziennym życiu.,Это слово часто встречается в работе и повседневной жизни.,Warto dobrze rozumieć pojęcie: rozmowa kwalifikacyjna.,Стоит хорошо понимать понятие: собеседование.,співбесіда,Це слово часто зустрічається в роботі та повсякденному житті.,Варто добре розуміти поняття: співбесіда.
125,125,zatrudniony,трудоустроенный,adjective,To słowo pojawia się często w pracy i codziennym życiu.,Это слово часто встречается в работе и повседневной жизни.,Warto dobrze rozumieć pojęcie: zatrudniony.,Стоит хорошо понимать понятие: трудоустроенный.,працевлаштований,Це слово часто зустрічається в роботі та повсякденному житті.,Варто добре розуміти поняття: працевлаштований.
126,126,przedsiębiorca,предприниматель,noun,To słowo pojawia się często w pracy i codziennym życiu.,Это слово часто встречается в работе и повседневной жизни.,Warto dobrze rozumieć pojęcie: przedsiębiorca.,Стоит хорошо понимать понятие: предприниматель.,підприємець,Це слово часто зустрічається в роботі та повсякденному житті.,Варто добре розуміти поняття: підприємець.
127,127,dział księgowości,бухгалтерия,noun,To słowo pojawia się często w pracy i codziennym życiu.,Это слово часто встречается в работе и повседневной жизни.,Warto dobrze rozumieć pojęcie: dział księgowości.,Стоит хорошо понимать понятие: бухгалтерия.,бухгалтерія,Це слово часто зустрічається в роботі та повсякденному житті.,Варто добре розуміти поняття: бухгалтерія.
128,128,faktura,счёт-фактура,noun,To słowo pojawia się często w pracy i codziennym życiu.,Это слово часто встречается в работе и повседневной жизни.,Warto dobrze rozumieć pojęcie: faktura.,Стоит хорошо понимать понятие: счёт-фактура.,рахунок-фактура,Це слово часто зустрічається в роботі та повсякденному житті.,Варто добре розуміти поняття: рахунок-фактура.
129,129,rachunek,счёт,noun,To słowo pojawia się często w pracy i codziennym życiu.,Это слово часто встречается в работе и повседневной жизни.,Warto dobrze rozumieć pojęcie: rachunek.,Стоит хорошо понимать понятие: счёт.,рахунок,Це слово часто зустрічається в роботі та повсякденному житті.,Варто добре розуміти поняття: рахунок.
130,130,podatek,налог,noun,To słowo pojawia się często w pracy i codziennym życiu.,Это слово часто встречается в работе и повседневной жизни.,Warto dobrze rozumieć pojęcie: podatek.,Стоит хорошо понимать понятие: налог.,податок,Це слово часто зустрічається в роботі та повсякденному житті.,Варто добре розуміти поняття: податок.
131,131,urząd skarbowy,налоговая инспекция,noun,To słowo pojawia się często w pracy i codziennym życiu.,Это слово часто встречается в работе и повседневной жизни.,Warto dobrze rozumieć pojęcie: urząd skarbowy.,Стоит хорошо понимать понятие: налоговая инспекция.,податкова інспекція,Це слово часто зустрічається в роботі та повсякденному житті.,Варто добре розуміти поняття: податкова інспекція.
132,132,rozliczenie,"декларация, расчёт",noun,To słowo pojawia się często w pracy i codziennym życiu.,Это слово часто встречается в работе и повседневной жизни.,Warto dobrze rozumieć pojęcie: rozliczenie.,"Стоит хорошо понимать понятие: декларация, расчёт.",розрахунок,Це слово часто зустрічається в роботі та повсякденному житті.,Варто добре розуміти поняття: розрахунок.
133,133,przychód,"доход, выручка",noun,To słowo pojawia się często w pracy i codziennym życiu.,Это слово часто встречается в работе и повседневной жизни.,Warto dobrze rozumieć pojęcie: przychód.,"Стоит хорошо понимать понятие: доход, выручка.",дохід,Це слово часто зустрічається в роботі та повсякденному житті.,Варто добре розуміти поняття: дохід.
134,134,wydatek,расход,noun,To słowo pojawia się często w pracy i codziennym życiu.,Это слово часто встречается в работе и повседневной жизни.,Warto dobrze rozumieć pojęcie: wydatek.,Стоит хорошо понимать понятие: расход.,витрата,Це слово часто зустрічається в роботі та повсякденному житті.,Варто добре розуміти поняття: витрата.
135,135,oszczędność,сбережение,noun,To słowo pojawia się często w pracy i codziennym życiu.,Это слово часто встречается в работе и повседневной жизни.,Warto dobrze rozumieć pojęcie: oszczędność.,Стоит хорошо понимать понятие: сбережение.,заощадження,Це слово часто зустрічається в роботі та повсякденному житті.,Варто добре розуміти поняття: заощадження.
136,136,oszczędzać,экономить,verb,To słowo pojawia się często w pracy i codziennym życiu.,Это слово часто встречается в работе и повседневной жизни.,Warto dobrze rozumieć pojęcie: oszczędzać.,Стоит хорошо понимать понятие: экономить.,заощаджувати,Це слово часто зустрічається в роботі та повсякденному житті.,Варто добре розуміти поняття: заощаджувати.
137,137,kredyt,кредит,noun,To słowo pojawia się często w pracy i codziennym życiu.,Это слово часто встречается в работе и повседневной жизни.,Warto dobrze rozumieć pojęcie: kredyt.,Стоит хорошо понимать понятие: кредит.,кредит,Це слово часто зустрічається в роботі та повсякденному житті.,Варто добре розуміти поняття: кредит.
138,138,pożyczka,заём,noun,To słowo pojawia się często w pracy i codziennym życiu.,Это слово часто встречается в работе и повседневной жизни.,Warto dobrze rozumieć pojęcie: pożyczka.,Стоит хорошо понимать понятие: заём.,позика,Це слово часто зустрічається в роботі та повсякденному житті.,Варто добре розуміти поняття: позика.
139,139,rata,платёж,noun,To słowo pojawia się często w pracy i codziennym życiu.,Это слово часто встречается в работе и повседневной жизни.,Warto dobrze rozumieć pojęcie: rata.,Стоит хорошо понимать понятие: платёж.,внесок,Це слово часто зустрічається в роботі та повсякденному житті.,Варто добре розуміти поняття: внесок.
140,140,oprocentowanie,процентная ставка,noun,To słowo pojawia się często w pracy i codziennym życiu.,Это слово часто встречается в работе и повседневной жизни.,Warto dobrze rozumieć pojęcie: oprocentowanie.,Стоит хорошо понимать понятие: процентная ставка.,відсоткова ставка,Це слово часто зустрічається в роботі та повсякденному житті.,Варто добре розуміти поняття: відсоткова ставка.
141,141,bankowość,банковское дело,noun,To słowo pojawia się często w pracy i codziennym życiu.,Это слово часто встречается в работе и повседневной жизни.,Warto dobrze rozumieć pojęcie: bankowość.,Стоит хорошо понимать понятие: банковское дело.,банківська справа,Це слово часто зустрічається в роботі та повсякденному житті.,Варто добре розуміти поняття: банківська справа.
142,142,konto osobiste,личный счёт,noun,To słowo pojawia się często w pracy i codziennym życiu.,Это слово часто встречается в работе и повседневной жизни.,Warto dobrze rozumieć pojęcie: konto osobiste.,Стоит хорошо понимать понятие: личный счёт.,особистий рахунок,Це слово часто зустрічається в роботі та повсякденному житті.,Варто добре розуміти поняття: особистий рахунок.
143,143,przelew,банковский перевод,noun,To słowo pojawia się często w pracy i codziennym życiu.,Это слово часто встречается в работе и повседневной жизни.,Warto dobrze rozumieć pojęcie: przelew.,Стоит хорошо понимать понятие: банковский перевод.,переказ,Це слово часто зустрічається в роботі та повсякденному житті.,Варто добре розуміти поняття: переказ.
144,144,gotówka,наличные,noun,To słowo pojawia się często w pracy i codziennym życiu.,Это слово часто встречается в работе и повседневной жизни.,Warto dobrze rozumieć pojęcie: gotówka.,Стоит хорошо понимать понятие: наличные.,готівка,Це слово часто зустрічається в роботі та повсякденному житті.,Варто добре розуміти поняття: готівка.
145,145,bezgotówkowy,безналичный,adjective,To słowo pojawia się często w pracy i codziennym życiu.,Это слово часто встречается в работе и повседневной жизни.,Warto dobrze rozumieć pojęcie: bezgotówkowy.,Стоит хорошо понимать понятие: безналичный.,безготівковий,Це слово часто зустрічається в роботі та повсякденному житті.,Варто добре розуміти поняття: безготівковий.
146,146,transakcja,транзакция,noun,To słowo pojawia się często w pracy i codziennym życiu.,Это слово часто встречается в работе и повседневной жизни.,Warto dobrze rozumieć pojęcie: transakcja.,Стоит хорошо понимать понятие: транзакция.,транзакція,Це слово часто зустрічається в роботі та повсякденному житті.,Варто добре розуміти поняття: транзакція.
147,147,płatność,платёж,noun,To słowo pojawia się często w pracy i codziennym życiu.,Это слово часто встречается в работе и повседневной жизни.,Warto dobrze rozumieć pojęcie: płatność.,Стоит хорошо понимать понятие: платёж.,платіж,Це слово часто зустрічається в роботі та повсякденному житті.,Варто добре розуміти поняття: платіж.
148,148,zadłużenie,задолженность,noun,To słowo pojawia się często w pracy i codziennym życiu.,Это слово часто встречается в работе и повседневной жизни.,Warto dobrze rozumieć pojęcie: zadłużenie.,Стоит хорошо понимать понятие: задолженность.,заборгованість,Це слово часто зустрічається в роботі та повсякденному житті.,Варто добре розуміти поняття: заборгованість.
149,149,budżet,бюджет,noun,To słowo pojawia się często w pracy i codziennym życiu.,Это слово часто встречается в работе и повседневной жизни.,Warto dobrze rozumieć pojęcie: budżet.,Стоит хорошо понимать понятие: бюджет.,бюджет,Це слово часто зустрічається в роботі та повсякденному житті.,Варто добре розуміти поняття: бюджет.
150,150,plan finansowy,финансовый план,noun,To słowo pojawia się często w pracy i codziennym życiu.,Это слово часто встречается в работе и повседневной жизни.,Warto dobrze rozumieć pojęcie: plan finansowy.,Стоит хорошо понимать понятие: финансовый план.,фінансовий план,Це слово часто зустрічається в роботі та повсякденному житті.,Варто добре розуміти поняття: фінансовий план.
151,151,mieszkanie,квартира,noun,Kupiliśmy mieszkanie w spokojnej okolicy.,Мы купили квартиру в спокойном районе.,Szukam mieszkania blisko pracy.,Я ищу квартиру недалеко от работы.,квартира,Ми купили квартиру в тихому районі.,Я шукаю квартиру близько до роботи.
152,152,wynajem,аренда,noun,Koszt wynajmu wzrósł w tym roku.,Стоимость аренды выросла в этом году.,Interesuje mnie długoterminowy wynajem mieszkania.,Меня интересует долгосрочная аренда квартиры.,оренда,Вартість оренди зросла цього року.,Мене цікавить довгострокова оренда квартири.
153,153,najemca,арендатор,noun,Najemca powinien przestrzegać warunków umowy.,Арендатор должен соблюдать условия договора.,Właściciel skontaktował się z najemcą.,Владелец связался с арендатором.,орендар,Орендар повинен дотримуватися умов договору.,Власник зв'язався з орендарем.
154,154,właściciel,владелец,noun,Właściciel mieszkania mieszka za granicą.,Владелец квартиры живёт за границей.,Musisz uzyskać zgodę właściciela.,Ты должен получить согласие владельца.,власник,Власник квартири живе за кордоном.,Ви повинні отримати згоду власника.
155,155,czynsz,арендная плата,noun,Czynsz należy opłacić do dziesiątego dnia miesiąca.,Арендную плату нужно внести до десятого числа месяца.,W tym roku czynsz został podwyższony.,В этом году арендная плата была повышена.,орендна плата,Орендну плату потрібно сплатити до десятого числа місяця.,Цього року орендну плату було підвищено.
156,156,opłaty eksploatacyjne,коммунальные платежи,noun,Opłaty eksploatacyjne nie są wliczone w czynsz.,Коммунальные платежи не включены в арендную плату.,Zimą opłaty eksploatacyjne są zwykle wyższe.,Зимой коммунальные платежи обычно выше.,експлуатаційні платежі,Експлуатаційні платежі не включені в орендну плату.,Взимку експлуатаційні платежі зазвичай вищі.
157,157,media,коммунальные услуги,noun,Media są rozliczane osobno.,Коммунальные услуги оплачиваются отдельно.,Zużycie mediów wzrosło w ostatnim miesiącu.,Потребление коммунальных услуг выросло в прошлом месяце.,комунальні послуги,Комунальні послуги розраховуються окремо.,Споживання комунальних послуг зросло минулого місяця.
158,158,remont,ремонт,noun,W przyszłym miesiącu planujemy remont kuchni.,В следующем месяце мы планируем ремонт кухни.,Remont potrwa około dwóch tygodni.,Ремонт продлится около двух недель.,ремонт,Наступного місяця ми плануємо ремонт кухні.,Ремонт триватиме близько двох тижнів.
159,159,przeprowadzka,переезд,noun,Przeprowadzka do nowego mieszkania była bardzo stresująca.,Переезд в новую квартиру был очень стрессовым.,Pomagaliśmy znajomym podczas przeprowadzki.,Мы помогали друзьям во время переезда.,переїзд,Переїзд до нової квартири був дуже стресовим.,Ми допомагали друзям під час переїзду.
160,160,wyposażenie,оснащение,noun,Mieszkanie jest w pełni wyposażone.,Квартира полностью оборудована.,Nowe wyposażenie biura kosztowało dużo pieniędzy.,Новое оснащение офиса стоило много денег.,обладнання,Квартира повністю обладнана.,Нове обладнання офісу коштувало багато грошей.
161,161,umowa najmu,договор аренды,noun,Przed podpisaniem umowy najmu dokładnie przeczytałem wszystkie warunki.,Перед подписанием договора аренды я внимательно прочитал все условия.,Umowa najmu została zawarta na dwa lata.,Договор аренды был заключён на два года.,договір оренди,Перед підписанням договору оренди я уважно прочитав усі умови.,Договір оренди було укладено на два роки.
162,162,nieruchomość,недвижимость,noun,Ceny nieruchomości w Warszawie są bardzo wysokie.,Цены на недвижимость в Варшаве очень высокие.,Szukamy nieruchomości w spokojnej okolicy.,Мы ищем недвижимость в спокойном районе.,нерухомість,Ціни на нерухомість у Варшаві дуже високі.,Ми шукаємо нерухомість у спокійному районі.
163,163,hipoteka,ипотека,noun,Bank zaakceptował nasz wniosek o hipotekę.,Банк одобрил нашу заявку на ипотеку.,Przed podjęciem decyzji porównaliśmy kilka ofert hipotecznych.,Перед принятием решения мы сравнили несколько ипотечных предложений.,іпотека,Банк схвалив нашу заявку на іпотеку.,Перед прийняттям рішення ми порівняли кілька іпотечних пропозицій.
164,164,zdolność kredytowa,кредитоспособность,noun,Bank sprawdza zdolność kredytową każdego klienta.,Банк проверяет кредитоспособность каждого клиента.,Nasza zdolność kredytowa wzrosła po podwyżce wynagrodzenia.,Наша кредитоспособность выросла после повышения зарплаты.,кредитоспроможність,Банк перевіряє кредитоспроможність кожного клієнта.,Наша кредитоспроможність зросла після підвищення зарплати.
165,165,zakup nieruchomości,покупка недвижимости,noun,Zakup nieruchomości to jedna z najważniejszych decyzji finansowych.,Покупка недвижимости — одно из важнейших финансовых решений.,Przed zakupem nieruchomości warto skonsultować się z doradcą.,Перед покупкой недвижимости стоит проконсультироваться со специалистом.,купівля нерухомості,Купівля нерухомості – одне з найважливіших фінансових рішень.,Перед купівлею нерухомості варто проконсультуватися з консультантом.
166,166,warunki umowy,условия договора,noun,Warunki umowy zostały dokładnie opisane w dokumencie.,Условия договора были подробно описаны в документе.,Nie zgadzam się ze wszystkimi warunkami umowy.,Я не согласен со всеми условиями договора.,умови договору,Умови договору були детально описані в документі.,Я не згоден з усіма умовами договору.
167,167,ubezpieczenie,страхование,noun,Posiadanie ubezpieczenia daje poczucie bezpieczeństwa.,Наличие страховки даёт чувство безопасности.,Bank wymaga ubezpieczenia nieruchomości.,Банк требует страхование недвижимости.,страхування,Наявність страховки дає відчуття безпеки.,Банк вимагає страхування нерухомості.
168,168,polisa,страховой полис,noun,Polisa obejmuje szkody powstałe w wyniku pożaru.,"Страховой полис покрывает ущерб, возникший в результате пожара.",Muszę przedłużyć polisę przed końcem miesiąca.,Мне нужно продлить страховой полис до конца месяца.,поліс,"Поліс покриває збитки, що виникли внаслідок пожежі.",Мені потрібно продовжити поліс до кінця місяця.
169,169,odszkodowanie,компенсация,noun,Firma wypłaciła odszkodowanie za uszkodzony sprzęt.,Компания выплатила компенсацию за повреждённое оборудование.,"Aby otrzymać odszkodowanie, trzeba złożyć odpowiedni wniosek.","Чтобы получить компенсацию, нужно подать соответствующее заявление.",відшкодування,Компанія виплатила відшкодування за пошкоджене обладнання.,"Щоб отримати відшкодування, потрібно подати відповідну заяву."
170,170,szkoda,ущерб,noun,Ubezpieczyciel ocenił wysokość szkody.,Страховая компания оценила размер ущерба.,Szkoda została zgłoszona jeszcze tego samego dnia.,Об ущербе сообщили в тот же день.,шкода,Страховик оцінив розмір шкоди.,Про шкоду було повідомлено того ж дня.
171,171,zgłoszenie,"заявка, уведомление",noun,Zgłoszenie zostało przyjęte do realizacji.,Заявка была принята к исполнению.,Po wysłaniu zgłoszenia otrzymałem numer sprawy.,После отправки заявки я получил номер дела.,заявка,Заявку було прийнято до виконання.,Після надсилання заявки я отримав номер справи.
172,172,awaria,поломка,noun,Z powodu awarii system był niedostępny przez kilka godzin.,Из-за поломки система была недоступна несколько часов.,Awaria została usunięta jeszcze tego samego dnia.,Поломка была устранена в тот же день.,аварія,Через аварію система була недоступна протягом кількох годин.,Аварію було усунено того ж дня.
173,173,naprawa,ремонт,noun,Naprawa samochodu okazała się kosztowna.,Ремонт автомобиля оказался дорогим.,Sprzęt został oddany do naprawy.,Оборудование было передано в ремонт.,ремонт,Ремонт автомобіля виявився дорогим.,Обладнання було віддано на ремонт.
174,174,obsługa klienta,служба поддержки,noun,Skontaktowałem się z obsługą klienta w sprawie reklamacji.,Я связался со службой поддержки по поводу претензии.,Obsługa klienta odpowiedziała bardzo szybko.,Служба поддержки ответила очень быстро.,служба підтримки клієнтів,Я зв'язався зі службою підтримки клієнтів щодо рекламації.,Служба підтримки клієнтів відповіла дуже швидко.
175,175,reklamacja,претензия,noun,Złożyłem reklamację dotyczącą wadliwego produktu.,Я подал претензию по поводу бракованного товара.,Reklamacja została rozpatrzona pozytywnie.,Претензия была рассмотрена положительно.,рекламація,Я подав рекламацію щодо дефектного товару.,Рекламацію було розглянуто позитивно.
176,176,zwrot towaru,возврат товара,noun,Zwrot towaru jest możliwy w ciągu czternastu dni.,Возврат товара возможен в течение четырнадцати дней.,Sklep zaakceptował zwrot towaru bez problemu.,Магазин без проблем принял возврат товара.,повернення товару,Повернення товару можливе протягом чотирнадцяти днів.,Магазин без проблем прийняв повернення товару.
177,177,gwarancja,гарантия,noun,Produkt jest objęty dwuletnią gwarancją.,На товар распространяется двухлетняя гарантия.,Przed zakupem sprawdziłem warunki gwarancji.,Перед покупкой я проверил условия гарантии.,гарантія,На товар поширюється дворічна гарантія.,Перед покупкою я перевірив умови гарантії.
178,178,dostawa,доставка,noun,Dostawa została zrealizowana wcześniej niż planowano.,Доставка была выполнена раньше запланированного срока.,Koszt dostawy zależy od wielkości zamówienia.,Стоимость доставки зависит от размера заказа.,доставка,"Доставка була здійснена раніше, ніж планувалося.",Вартість доставки залежить від розміру замовлення.
179,179,odbiór,получение,noun,Odbiór dokumentu jest możliwy od poniedziałku.,Получить документ можно с понедельника.,Potwierdź odbiór przesyłki w systemie.,Подтверди получение отправления в системе.,отримання,Отримання документа можливе з понеділка.,Підтвердьте отримання відправлення в системі.
180,180,przesyłka,"посылка, отправление",noun,Przesyłka dotarła do mnie następnego dnia.,Посылка пришла ко мне на следующий день.,Możesz śledzić przesyłkę przez internet.,Ты можешь отслеживать отправление через интернет.,відправлення,Відправлення надійшло до мене наступного дня.,Ви можете відстежувати відправлення через інтернет.
181,181,zamówienie,заказ,noun,Moje zamówienie zostało już wysłane.,Мой заказ уже был отправлен.,Numer zamówienia znajdziesz w wiadomości e-mail.,Номер заказа можно найти в электронном письме.,замовлення,Моє замовлення вже відправлено.,Номер замовлення ви знайдете в електронному листі.
182,182,dostępność,доступность,noun,Sprawdziłem dostępność produktu przed zakupem.,Я проверил наличие товара перед покупкой.,Dostępność mieszkań w tej okolicy jest ograniczona.,Доступность квартир в этом районе ограничена.,доступність,Я перевірив доступність продукту перед покупкою.,Доступність житла в цьому районі обмежена.
183,183,brak,отсутствие,noun,Brak dokumentów może opóźnić całą procedurę.,Отсутствие документов может задержать всю процедуру.,Powodem odmowy był brak wymaganych załączników.,Причиной отказа стало отсутствие необходимых приложений.,відсутність,Відсутність документів може затримати всю процедуру.,Причиною відмови була відсутність необхідних додатків.
184,184,nadwyżka,излишек,noun,Firma osiągnęła nadwyżkę budżetową.,Компания получила бюджетный профицит.,Nadwyżkę środków przeznaczono na rozwój projektu.,Излишек средств направили на развитие проекта.,надлишок,Компанія досягла профіциту бюджету.,Надлишок коштів було спрямовано на розвиток проєкту.
185,185,niedobór,нехватка,noun,Na rynku występuje niedobór specjalistów IT.,На рынке наблюдается нехватка IT-специалистов.,Niedobór pracowników wpływa na tempo realizacji projektów.,Нехватка сотрудников влияет на скорость выполнения проектов.,нестача,На ринку спостерігається нестача IT-фахівців.,Нестача працівників впливає на темпи реалізації проєктів.
186,186,środowisko,среда,noun,Pracuję w międzynarodowym środowisku.,Я работаю в международной среде.,Dobre środowisko pracy zwiększa motywację pracowników.,Хорошая рабочая среда повышает мотивацию сотрудников.,середовище,Я працюю в міжнародному середовищі.,Гарне робоче середовище підвищує мотивацію працівників.
187,187,otoczenie,окружение,noun,Nowe otoczenie pomogło mi szybciej nauczyć się języka.,Новое окружение помогло мне быстрее выучить язык.,Dzieci rozwijają się pod wpływem swojego otoczenia.,Дети развиваются под влиянием своего окружения.,оточення,Нове оточення допомогло мені швидше вивчити мову.,Діти розвиваються під впливом свого оточення.
188,188,warunki życia,условия жизни,noun,Warunki życia w dużych miastach są bardzo różne.,Условия жизни в крупных городах очень различаются.,Przeprowadzili się do Polski w poszukiwaniu lepszych warunków życia.,Они переехали в Польшу в поисках лучших условий жизни.,умови життя,Умови життя у великих містах дуже різні.,Вони переїхали до Польщі в пошуках кращих умов життя.
189,189,jakość życia,качество жизни,noun,Regularny ruch poprawia jakość życia.,Регулярная физическая активность улучшает качество жизни.,Dla wielu osób bezpieczeństwo wpływa na jakość życia.,Для многих людей безопасность влияет на качество жизни.,якість життя,Регулярний рух покращує якість життя.,Для багатьох людей безпека впливає на якість життя.
190,190,stabilność,стабильность,noun,Stabilność finansowa daje poczucie bezpieczeństwa.,Финансовая стабильность даёт чувство безопасности.,Firma stawia na długoterminową stabilność.,Компания делает ставку на долгосрочную стабильность.,стабільність,Фінансова стабільність дає відчуття безпеки.,Компанія робить ставку на довгострокову стабільність.
191,191,bezpieczeństwo,безопасность,noun,Bezpieczeństwo danych jest dla nas priorytetem.,Безопасность данных является для нас приоритетом.,Rodzice dbają o bezpieczeństwo swoich dzieci.,Родители заботятся о безопасности своих детей.,безпека,Безпека даних є для нас пріоритетом.,Батьки дбають про безпеку своїх дітей.
192,192,ryzyko,риск,noun,Każda inwestycja wiąże się z pewnym ryzykiem.,Любая инвестиция связана с определённым риском.,Musimy ocenić ryzyko przed podjęciem decyzji.,Мы должны оценить риск перед принятием решения.,ризик,Кожна інвестиція пов'язана з певним ризиком.,Ми повинні оцінити ризик перед прийняттям рішення.
193,193,zagrożenie,угроза,noun,Eksperci ostrzegają przed nowymi zagrożeniami w sieci.,Эксперты предупреждают о новых угрозах в интернете.,Pożar stanowił zagrożenie dla mieszkańców budynku.,Пожар представлял угрозу для жителей здания.,загроза,Експерти попереджають про нові загрози в мережі.,Пожежа становила загрозу для мешканців будівлі.
194,194,ochrona,защита,noun,Ochrona danych osobowych jest regulowana przez prawo.,Защита персональных данных регулируется законом.,Firma inwestuje w ochronę swoich systemów.,Компания инвестирует в защиту своих систем.,захист,Захист персональних даних регулюється законом.,Компанія інвестує в захист своїх систем.
195,195,odpowiedni,подходящий,adjective,Musimy znaleźć odpowiednie rozwiązanie tego problemu.,Мы должны найти подходящее решение этой проблемы.,To nie jest odpowiedni moment na taką rozmowę.,Сейчас не самый подходящий момент для такого разговора.,відповідний,Ми повинні знайти відповідне вирішення цієї проблеми.,Це невідповідний момент для такої розмови.
196,196,skuteczny,эффективный,adjective,To bardzo skuteczna metoda nauki języka.,Это очень эффективный метод изучения языка.,Firma wdrożyła skuteczne procedury bezpieczeństwa.,Компания внедрила эффективные процедуры безопасности.,ефективний,Це дуже ефективний метод вивчення мови.,Компанія впровадила ефективні процедури безпеки.
197,197,niezbędny,необходимый,adjective,Paszport jest niezbędny podczas podróży zagranicznej.,Паспорт необходим во время поездок за границу.,Do złożenia wniosku potrzebne są wszystkie niezbędne dokumenty.,Для подачи заявления нужны все необходимые документы.,необхідний,Паспорт є необхідним під час закордонної подорожі.,Для подання заяви потрібні всі необхідні документи.
198,198,istotny,"существенный, важny",adjective,To istotny element całego projektu.,Это важный элемент всего проекта.,Zmiana przepisów miała istotny wpływ na firmę.,Изменение законодательства оказало существенное влияние на компанию.,суттєвий,Це суттєвий елемент всього проєкту.,Зміна правил мала суттєвий вплив на компанію.
199,199,dostępny,доступный,adjective,Produkt jest już dostępny w sprzedaży.,Товар уже доступен в продаже.,Wszystkie informacje są dostępne na stronie internetowej.,Вся информация доступна на сайте.,доступний,Продукт вже доступний у продажу.,Вся інформація доступна на вебсайті.
200,200,korzystny,выгодный,adjective,To bardzo korzystna oferta kredytowa.,Это очень выгодное кредитное предложение.,Zmiana okazała się korzystna dla obu stron.,Изменение оказалось выгодным для обеих сторон.,вигідний,Це дуже вигідна кредитна пропозиція.,Зміна виявилася вигідною для обох сторін.
201,201,opinia,мнение,noun,Pojęcie „opinia” często pojawia się w codziennym życiu w Polsce.,Понятие «мнение» часто встречается в повседневной жизни в Польше.,"Warto dobrze rozumieć słowo „opinia”, bo jest praktyczne.","Стоит хорошо понимать слово «мнение», потому что оно практичное.",думка,Поняття «думка» часто зустрічається в повсякденному житті в Польщі.,"Варто добре розуміти слово «думка», бо воно практичне."
202,202,wrażenie,впечатление,noun,Pojęcie „wrażenie” często pojawia się w codziennym życiu w Polsce.,Понятие «впечатление» часто встречается в повседневной жизни в Польше.,"Warto dobrze rozumieć słowo „wrażenie”, bo jest praktyczne.","Стоит хорошо понимать слово «впечатление», потому что оно практичное.",враження,Поняття «враження» часто зустрічається в повсякденному житті в Польщі.,"Варто добре розуміти слово «враження», бо воно практичне."
203,203,pogląd,"взгляд, точка зрения",noun,Pojęcie „pogląd” często pojawia się w codziennym życiu w Polsce.,Понятие «взгляд» часто встречается в повседневной жизни в Польше.,"Warto dobrze rozumieć słowo „pogląd”, bo jest praktyczne.","Стоит хорошо понимать слово «взгляд», потому что оно практичное.",погляд,Поняття «погляд» часто зустрічається в повсякденному житті в Польщі.,"Варто добре розуміти слово «погляд», бо воно практичне."
204,204,dyskusja,обсуждение,noun,Pojęcie „dyskusja” często pojawia się w codziennym życiu w Polsce.,Понятие «обсуждение» часто встречается в повседневной жизни в Польше.,"Warto dobrze rozumieć słowo „dyskusja”, bo jest praktyczne.","Стоит хорошо понимать слово «обсуждение», потому что оно практичное.",дискусія,Поняття «дискусія» часто зустрічається в повсякденному житті в Польщі.,"Варто добре розуміти слово «дискусія», бо воно практичне."
205,205,rozmówca,собеседник,noun,Pojęcie „rozmówca” często pojawia się w codziennym życiu w Polsce.,Понятие «собеседник» часто встречается в повседневной жизни в Польше.,"Warto dobrze rozumieć słowo „rozmówca”, bo jest praktyczne.","Стоит хорошо понимать слово «собеседник», потому что оно практичное.",співрозмовник,Поняття «співрозмовник» часто зустрічається в повсякденному житті в Польщі.,"Варто добре розуміти слово «співрозмовник», бо воно практичне."
206,206,przekonanie,убеждение,noun,Pojęcie „przekonanie” często pojawia się w codziennym życiu w Polsce.,Понятие «убеждение» часто встречается в повседневной жизни в Польше.,"Warto dobrze rozumieć słowo „przekonanie”, bo jest praktyczne.","Стоит хорошо понимать слово «убеждение», потому что оно практичное.",переконання,Поняття «переконання» часто зустрічається в повсякденному житті в Польщі.,"Варто добре розуміти слово «переконання», бо воно практичне."
207,207,zaufanie,доверие,noun,Pojęcie „zaufanie” często pojawia się w codziennym życiu w Polsce.,Понятие «доверие» часто встречается в повседневной жизни в Польше.,"Warto dobrze rozumieć słowo „zaufanie”, bo jest praktyczne.","Стоит хорошо понимать слово «доверие», потому что оно практичное.",довіра,Поняття «довіра» часто зустрічається в повсякденному житті в Польщі.,"Варто добре розуміти слово «довіра», бо воно практичне."
208,208,szacunek,уважение,noun,Pojęcie „szacunek” często pojawia się w codziennym życiu w Polsce.,Понятие «уважение» часто встречается в повседневной жизни в Польше.,"Warto dobrze rozumieć słowo „szacunek”, bo jest praktyczne.","Стоит хорошо понимать слово «уважение», потому что оно практичное.",повага,Поняття «повага» часто зустрічається в повсякденному житті в Польщі.,"Варто добре розуміти слово «повага», бо воно практичне."
209,209,wsparcie,поддержка,noun,Pojęcie „wsparcie” często pojawia się w codziennym życiu w Polsce.,Понятие «поддержка» часто встречается в повседневной жизни в Польше.,"Warto dobrze rozumieć słowo „wsparcie”, bo jest praktyczne.","Стоит хорошо понимать слово «поддержка», потому что оно практичное.",підтримка,Поняття «підтримка» часто зустрічається в повсякденному житті в Польщі.,"Варто добре розуміти слово «підтримка», бо воно практичне."
210,210,porozumienie,"соглашение, понимание",noun,Pojęcie „porozumienie” często pojawia się w codziennym życiu w Polsce.,Понятие «соглашение» часто встречается в повседневной жизни в Польше.,"Warto dobrze rozumieć słowo „porozumienie”, bo jest praktyczne.","Стоит хорошо понимать слово «соглашение», потому что оно практичное.",порозуміння,Поняття «порозуміння» часто зустрічається в повсякденному житті в Польщі.,"Варто добре розуміти слово «порозуміння», бо воно практичне."
211,211,konflikt,конфликт,noun,Pojęcie „konflikt” często pojawia się w codziennym życiu w Polsce.,Понятие «конфликт» часто встречается в повседневной жизни в Польше.,"Warto dobrze rozumieć słowo „konflikt”, bo jest praktyczne.","Стоит хорошо понимать слово «конфликт», потому что оно практичное.",конфлікт,Поняття «конфлікт» часто зустрічається в повсякденному житті в Польщі.,"Варто добре розуміти слово «конфлікт», бо воно практичне."
212,212,nieporozumienie,недоразумение,noun,Pojęcie „nieporozumienie” często pojawia się w codziennym życiu w Polsce.,Понятие «недоразумение» часто встречается в повседневной жизни в Польше.,"Warto dobrze rozumieć słowo „nieporozumienie”, bo jest praktyczne.","Стоит хорошо понимать слово «недоразумение», потому что оно практичное.",непорозуміння,Поняття «непорозуміння» часто зустрічається в повсякденному житті в Польщі.,"Варто добре розуміти слово «непорозуміння», бо воно практичне."
213,213,zachęcać,поощрять,verb,Warto umieć poprawnie używać wyrażenia „zachęcać” w rozmowie.,Стоит уметь правильно использовать выражение «поощрять» в разговоре.,"To wyrażenie często pojawia się w pracy, dokumentach i codziennych sytuacjach.","Это выражение часто встречается на работе, в документах и повседневных ситуациях.",заохочувати,Варто вміти правильно використовувати вислів «заохочувати» в розмові.,"Цей вислів часто зустрічається в роботі, документах і повсякденних ситуаціях."
214,214,odradzać,отговаривать,verb,Warto umieć poprawnie używać wyrażenia „odradzać” w rozmowie.,Стоит уметь правильно использовать выражение «отговаривать» в разговоре.,"To wyrażenie często pojawia się w pracy, dokumentach i codziennych sytuacjach.","Это выражение часто встречается на работе, в документах и повседневных ситуациях.",відраджувати,Варто вміти правильно використовувати вислів «відраджувати» в розмові.,"Цей вислів часто зустрічається в роботі, документах і повсякденних ситуаціях."
215,215,wyrażać,выражать,verb,Warto umieć poprawnie używać wyrażenia „wyrażać” w rozmowie.,Стоит уметь правильно использовать выражение «выражать» в разговоре.,"To wyrażenie często pojawia się w pracy, dokumentach i codziennych sytuacjach.","Это выражение часто встречается на работе, в документах и повседневных ситуациях.",виражати,Варто вміти правильно використовувати вислів «виражати» в розмові.,"Цей вислів часто зустрічається в роботі, документах і повсякденних ситуаціях."
216,216,podkreślać,подчёркивать,verb,Warto umieć poprawnie używać wyrażenia „podkreślać” w rozmowie.,Стоит уметь правильно использовать выражение «подчёркивать» в разговоре.,"To wyrażenie często pojawia się w pracy, dokumentach i codziennych sytuacjach.","Это выражение часто встречается на работе, в документах и повседневных ситуациях.",підкреслювати,Варто вміти правильно використовувати вислів «підкреслювати» в розмові.,"Цей вислів часто зустрічається в роботі, документах і повсякденних ситуаціях."
217,217,twierdzić,утверждать,verb,Warto umieć poprawnie używać wyrażenia „twierdzić” w rozmowie.,Стоит уметь правильно использовать выражение «утверждать» в разговоре.,"To wyrażenie często pojawia się w pracy, dokumentach i codziennych sytuacjach.","Это выражение часто встречается на работе, в документах и повседневных ситуациях.",стверджувати,Варто вміти правильно використовувати вислів «стверджувати» в розмові.,"Цей вислів часто зустрічається в роботі, документах і повсякденних ситуаціях."
218,218,przyznać się,признаться,verb,Warto umieć poprawnie używać wyrażenia „przyznać się” w rozmowie.,Стоит уметь правильно использовать выражение «признаться» в разговоре.,"To wyrażenie często pojawia się w pracy, dokumentach i codziennych sytuacjach.","Это выражение часто встречается на работе, в документах и повседневных ситуациях.",зізнатися,Варто вміти правильно використовувати вислів «зізнатися» в розмові.,"Цей вислів часто зустрічається в роботі, документах і повсякденних ситуаціях."
219,219,zgadzać się,соглашаться,verb,Warto umieć poprawnie używać wyrażenia „zgadzać się” w rozmowie.,Стоит уметь правильно использовать выражение «соглашаться» в разговоре.,"To wyrażenie często pojawia się w pracy, dokumentach i codziennych sytuacjach.","Это выражение часто встречается на работе, в документах и повседневных ситуациях.",погоджуватися,Варто вміти правильно використовувати вислів «погоджуватися» в розмові.,"Цей вислів часто зустрічається в роботі, документах і повсякденних ситуаціях."
220,220,sprzeciwiać się,возражать,verb,Warto umieć poprawnie używać wyrażenia „sprzeciwiać się” w rozmowie.,Стоит уметь правильно использовать выражение «возражать» в разговоре.,"To wyrażenie często pojawia się w pracy, dokumentach i codziennych sytuacjach.","Это выражение часто встречается на работе, в документах и повседневных ситуациях.",заперечувати,Варто вміти правильно використовувати вислів «заперечувати» в розмові.,"Цей вислів часто зустрічається в роботі, документах і повсякденних ситуаціях."
221,221,emocja,эмоция,noun,Pojęcie „emocja” często pojawia się w codziennym życiu w Polsce.,Понятие «эмоция» часто встречается в повседневной жизни в Польше.,"Warto dobrze rozumieć słowo „emocja”, bo jest praktyczne.","Стоит хорошо понимать слово «эмоция», потому что оно практичное.",емоція,Поняття «емоція» часто зустрічається в повсякденному житті в Польщі.,"Варто добре розуміти слово «емоція», бо воно практичне."
222,222,nastrój,настроение,noun,Pojęcie „nastrój” często pojawia się w codziennym życiu w Polsce.,Понятие «настроение» часто встречается в повседневной жизни в Польше.,"Warto dobrze rozumieć słowo „nastrój”, bo jest praktyczne.","Стоит хорошо понимать слово «настроение», потому что оно практичное.",настрій,Поняття «настрій» часто зустрічається в повсякденному житті в Польщі.,"Варто добре розуміти слово «настрій», бо воно практичне."
223,223,stres,стресс,noun,Pojęcie „stres” często pojawia się w codziennym życiu w Polsce.,Понятие «стресс» часто встречается в повседневной жизни в Польше.,"Warto dobrze rozumieć słowo „stres”, bo jest praktyczne.","Стоит хорошо понимать слово «стресс», потому что оно практичное.",стрес,Поняття «стрес» часто зустрічається в повсякденному житті в Польщі.,"Варто добре розуміти слово «стрес», бо воно практичне."
224,224,presja,давление,noun,Pojęcie „presja” często pojawia się w codziennym życiu w Polsce.,Понятие «давление» часто встречается в повседневной жизни в Польше.,"Warto dobrze rozumieć słowo „presja”, bo jest praktyczne.","Стоит хорошо понимать слово «давление», потому что оно практичное.",тиск,Поняття «тиск» часто зустрічається в повсякденному житті в Польщі.,"Варто добре розуміти слово «тиск», бо воно практичне."
225,225,motywacja,мотивация,noun,Pojęcie „motywacja” często pojawia się w codziennym życiu w Polsce.,Понятие «мотивация» часто встречается в повседневной жизни в Польше.,"Warto dobrze rozumieć słowo „motywacja”, bo jest praktyczne.","Стоит хорошо понимать слово «мотивация», потому что оно практичное.",мотивація,Поняття «мотивація» часто зустрічається в повсякденному житті в Польщі.,"Варто добре розуміти слово «мотивація», бо воно практичне."
226,226,pewność siebie,уверенность в себе,noun,Pojęcie „pewność siebie” często pojawia się w codziennym życiu w Polsce.,Понятие «уверенность в себе» часто встречается в повседневной жизни в Польше.,"Warto dobrze rozumieć słowo „pewność siebie”, bo jest praktyczne.","Стоит хорошо понимать слово «уверенность в себе», потому что оно практичное.",впевненість у собі,Поняття «впевненість у собі» часто зустрічається в повсякденному житті в Польщі.,"Варто добре розуміти слово «впевненість у собі», бо воно практичне."
227,227,wątpliwość,сомнение,noun,Pojęcie „wątpliwość” często pojawia się w codziennym życiu w Polsce.,Понятие «сомнение» часто встречается в повседневной жизни в Польше.,"Warto dobrze rozumieć słowo „wątpliwość”, bo jest praktyczne.","Стоит хорошо понимать слово «сомнение», потому что оно практичное.",сумнів,Поняття «сумнів» часто зустрічається в повсякденному житті в Польщі.,"Варто добре розуміти слово «сумнів», бо воно практичне."
228,228,rozczarowanie,разочарование,noun,Pojęcie „rozczarowanie” często pojawia się w codziennym życiu w Polsce.,Понятие «разочарование» часто встречается в повседневной жизни в Польше.,"Warto dobrze rozumieć słowo „rozczarowanie”, bo jest praktyczne.","Стоит хорошо понимать слово «разочарование», потому что оно практичное.",розчарування,Поняття «розчарування» часто зустрічається в повсякденному житті в Польщі.,"Варто добре розуміти слово «розчарування», бо воно практичне."
229,229,satysfakcja,удовлетворение,noun,Pojęcie „satysfakcja” często pojawia się w codziennym życiu w Polsce.,Понятие «удовлетворение» часто встречается в повседневной жизни в Польше.,"Warto dobrze rozumieć słowo „satysfakcja”, bo jest praktyczne.","Стоит хорошо понимать слово «удовлетворение», потому что оно практичное.",задоволення,Поняття «задоволення» часто зустрічається в повсякденному житті в Польщі.,"Варто добре розуміти слово «задоволення», бо воно практичне."
230,230,wdzięczność,благодарность,noun,Pojęcie „wdzięczność” często pojawia się w codziennym życiu w Polsce.,Понятие «благодарность» часто встречается в повседневной жизни в Польше.,"Warto dobrze rozumieć słowo „wdzięczność”, bo jest praktyczne.","Стоит хорошо понимать слово «благодарность», потому что оно практичное.",вдячність,Поняття «вдячність» часто зустрічається в повсякденному житті в Польщі.,"Варто добре розуміти слово «вдячність», бо воно практичне."
231,231,uczciwy,честный,adjective,Słowo „uczciwy” często pomaga dokładniej opisać sytuację.,Слово «честный» часто помогает точнее описать ситуацию.,"To przydatne słowo w pracy, rozmowach i oficjalnych tekstach.","Это полезное слово в работе, разговорах и официальных текстах.",чесний,Слово «чесний» часто допомагає точніше описати ситуацію.,"Це корисне слово в роботі, розмовах та офіційних текстах."
232,232,odpowiedzialny,ответственный,adjective,Słowo „odpowiedzialny” często pomaga dokładniej opisać sytuację.,Слово «ответственный» часто помогает точнее описать ситуацию.,"To przydatne słowo w pracy, rozmowach i oficjalnych tekstach.","Это полезное слово в работе, разговорах и официальных текстах.",відповідальний,Слово «відповідальний» часто допомагає точніше описати ситуацію.,"Це корисне слово в роботі, розмовах та офіційних текстах."
233,233,cierpliwy,терпеливый,adjective,Słowo „cierpliwy” często pomaga dokładniej opisać sytuację.,Слово «терпеливый» часто помогает точнее описать ситуацию.,"To przydatne słowo w pracy, rozmowach i oficjalnych tekstach.","Это полезное слово в работе, разговорах и официальных текстах.",терплячий,Слово «терплячий» часто допомагає точніше описати ситуацію.,"Це корисне слово в роботі, розмовах та офіційних текстах."
234,234,ambitny,амбициозный,adjective,Słowo „ambitny” często pomaga dokładniej opisać sytuację.,Слово «амбициозный» часто помогает точнее описать ситуацию.,"To przydatne słowo w pracy, rozmowach i oficjalnych tekstach.","Это полезное слово в работе, разговорах и официальных текстах.",амбітний,Слово «амбітний» часто допомагає точніше описати ситуацію.,"Це корисне слово в роботі, розмовах та офіційних текстах."
235,235,życzliwy,доброжелательный,adjective,Słowo „życzliwy” często pomaga dokładniej opisać sytuację.,Слово «доброжелательный» часто помогает точнее описать ситуацию.,"To przydatne słowo w pracy, rozmowach i oficjalnych tekstach.","Это полезное слово в работе, разговорах и официальных текстах.",доброзичливий,Слово «доброзичливий» часто допомагає точніше описати ситуацію.,"Це корисне слово в роботі, розмовах та офіційних текстах."
236,236,uparty,упрямый,adjective,Słowo „uparty” często pomaga dokładniej opisać sytuację.,Слово «упрямый» часто помогает точнее описать ситуацию.,"To przydatne słowo w pracy, rozmowach i oficjalnych tekstach.","Это полезное слово в работе, разговорах и официальных текстах.",упертий,Слово «упертий» часто допомагає точніше описати ситуацію.,"Це корисне слово в роботі, розмовах та офіційних текстах."
237,237,wrażliwy,чувствительный,adjective,Słowo „wrażliwy” często pomaga dokładniej opisać sytuację.,Слово «чувствительный» часто помогает точнее описать ситуацию.,"To przydatne słowo w pracy, rozmowach i oficjalnych tekstach.","Это полезное слово в работе, разговорах и официальных текстах.",чутливий,Слово «чутливий» часто допомагає точніше описати ситуацію.,"Це корисне слово в роботі, розмовах та офіційних текстах."
238,238,pewny,уверенный,adjective,Słowo „pewny” często pomaga dokładniej opisać sytuację.,Слово «уверенный» часто помогает точнее описать ситуацию.,"To przydatne słowo w pracy, rozmowach i oficjalnych tekstach.","Это полезное слово в работе, разговорах и официальных текстах.",впевнений,Слово «впевнений» часто допомагає точніше описати ситуацію.,"Це корисне слово в роботі, розмовах та офіційних текстах."
239,239,szczery,искренний,adjective,Słowo „szczery” często pomaga dokładniej opisać sytuację.,Слово «искренний» часто помогает точнее описать ситуацию.,"To przydatne słowo w pracy, rozmowach i oficjalnych tekstach.","Это полезное слово в работе, разговорах и официальных текстах.",щирий,Слово «щирий» часто допомагає точніше описати ситуацію.,"Це корисне слово в роботі, розмовах та офіційних текстах."
240,240,spokojny,спокойный,adjective,Słowo „spokojny” często pomaga dokładniej opisać sytuację.,Слово «спокойный» часто помогает точнее описать ситуацию.,"To przydatne słowo w pracy, rozmowach i oficjalnych tekstach.","Это полезное слово в работе, разговорах и официальных текстах.",спокійний,Слово «спокійний» часто допомагає точніше описати ситуацію.,"Це корисне слово в роботі, розмовах та офіційних текстах."
241,241,znajomość,"знакомство, знание",noun,Pojęcie „znajomość” często pojawia się w codziennym życiu w Polsce.,Понятие «знакомство» часто встречается в повседневной жизни в Польше.,"Warto dobrze rozumieć słowo „znajomość”, bo jest praktyczne.","Стоит хорошо понимать слово «знакомство», потому что оно практичное.","знайомство, знання",Поняття «знайомство» часто зустрічається в повсякденному житті в Польщі.,"Варто добре розуміти слово «знайомство», бо воно практичне."
242,242,relacja,"отношение, связь",noun,Pojęcie „relacja” często pojawia się w codziennym życiu w Polsce.,Понятие «отношение» часто встречается в повседневной жизни в Польше.,"Warto dobrze rozumieć słowo „relacja”, bo jest praktyczne.","Стоит хорошо понимать слово «отношение», потому что оно практичное.","відносини, зв'язок",Поняття «відносини» часто зустрічається в повсякденному житті в Польщі.,"Варто добре розуміти слово «відносини», бо воно практичне."
243,243,przyjaźń,дружба,noun,Pojęcie „przyjaźń” często pojawia się w codziennym życiu w Polsce.,Понятие «дружба» часто встречается в повседневной жизни в Польше.,"Warto dobrze rozumieć słowo „przyjaźń”, bo jest praktyczne.","Стоит хорошо понимать слово «дружба», потому что оно практичное.",дружба,Поняття «дружба» часто зустрічається в повсякденному житті в Польщі.,"Варто добре розуміти слово «дружба», бо воно практичне."
244,244,znajomy,знакомый,noun,Pojęcie „znajomy” często pojawia się w codziennym życiu w Polsce.,Понятие «знакомый» часто встречается в повседневной жизни в Польше.,"Warto dobrze rozumieć słowo „znajomy”, bo jest praktyczne.","Стоит хорошо понимать слово «знакомый», потому что оно практичное.",знайомий,Поняття «знайомий» часто зустрічається в повсякденному житті в Польщі.,"Варто добре розуміти слово «знайомий», бо воно практичне."
245,245,sąsiad,сосед,noun,Pojęcie „sąsiad” często pojawia się w codziennym życiu w Polsce.,Понятие «сосед» часто встречается в повседневной жизни в Польше.,"Warto dobrze rozumieć słowo „sąsiad”, bo jest praktyczne.","Стоит хорошо понимать слово «сосед», потому что оно практичное.",сусід,Поняття «сусід» часто зустрічається в повсякденному житті в Польщі.,"Варто добре розуміти слово «сусід», бо воно практичне."
246,246,spotkanie,встреча,noun,Pojęcie „spotkanie” często pojawia się w codziennym życiu w Polsce.,Понятие «встреча» часто встречается в повседневной жизни в Польше.,"Warto dobrze rozumieć słowo „spotkanie”, bo jest praktyczne.","Стоит хорошо понимать слово «встреча», потому что оно практичное.",зустріч,Поняття «зустріч» часто зустрічається в повсякденному житті в Польщі.,"Варто добре розуміти слово «зустріч», бо воно практичне."
247,247,zaproszenie,приглашение,noun,Pojęcie „zaproszenie” często pojawia się w codziennym życiu w Polsce.,Понятие «приглашение» часто встречается в повседневной жизни в Польше.,"Warto dobrze rozumieć słowo „zaproszenie”, bo jest praktyczne.","Стоит хорошо понимать слово «приглашение», потому что оно практичное.",запрошення,Поняття «запрошення» часто зустрічається в повсякденному житті в Польщі.,"Варто добре розуміти слово «запрошення», бо воно практичне."
248,248,rozmowa,разговор,noun,Pojęcie „rozmowa” często pojawia się w codziennym życiu w Polsce.,Понятие «разговор» часто встречается в повседневной жизни в Польше.,"Warto dobrze rozumieć słowo „rozmowa”, bo jest praktyczne.","Стоит хорошо понимать слово «разговор», потому что оно практичное.",розмова,Поняття «розмова» часто зустрічається в повсякденному житті в Польщі.,"Варто добре розуміти слово «розмова», бо воно практичне."
249,249,wypowiedź,высказывание,noun,Pojęcie „wypowiedź” często pojawia się w codziennym życiu w Polsce.,Понятие «высказывание» часто встречается в повседневной жизни в Польше.,"Warto dobrze rozumieć słowo „wypowiedź”, bo jest praktyczne.","Стоит хорошо понимать слово «высказывание», потому что оно практичное.",висловлювання,Поняття «висловлювання» часто зустрічається в повсякденному житті в Польщі.,"Варто добре розуміти слово «висловлювання», бо воно практичне."
250,250,komentarz,комментарий,noun,Pojęcie „komentarz” często pojawia się w codziennym życiu w Polsce.,Понятие «комментарий» часто встречается в повседневной жизни в Польше.,"Warto dobrze rozumieć słowo „komentarz”, bo jest praktyczne.","Стоит хорошо понимать слово «комментарий», потому что оно практичное.",коментар,Поняття «коментар» часто зустрічається в повсякденному житті в Польщі.,"Варто добре розуміти слово «коментар», бо воно практичне."
251,251,pytanie,вопрос,noun,Pojęcie „pytanie” często pojawia się w codziennym życiu w Polsce.,Понятие «вопрос» часто встречается в повседневной жизни в Польше.,"Warto dobrze rozumieć słowo „pytanie”, bo jest praktyczne.","Стоит хорошо понимать слово «вопрос», потому что оно практичное.",питання,Поняття «питання» часто зустрічається в повсякденному житті в Польщі.,"Варто добре розуміти слово «питання», бо воно практичне."
252,252,odpowiedź,ответ,noun,Pojęcie „odpowiedź” często pojawia się w codziennym życiu w Polsce.,Понятие «ответ» часто встречается в повседневной жизни в Польше.,"Warto dobrze rozumieć słowo „odpowiedź”, bo jest praktyczne.","Стоит хорошо понимать слово «ответ», потому что оно практичное.",відповідь,Поняття «відповідь» часто зустрічається в повсякденному житті в Польщі.,"Варто добре розуміти слово «відповідь», бо воно практичне."
253,253,wyjaśnienie,объяснение,noun,Pojęcie „wyjaśnienie” często pojawia się w codziennym życiu w Polsce.,Понятие «объяснение» часто встречается в повседневной жизни в Польше.,"Warto dobrze rozumieć słowo „wyjaśnienie”, bo jest praktyczne.","Стоит хорошо понимать слово «объяснение», потому что оно практичное.",пояснення,Поняття «пояснення» часто зустрічається в повсякденному житті в Польщі.,"Варто добре розуміти слово «пояснення», бо воно практичне."
254,254,prośba,просьба,noun,Pojęcie „prośba” często pojawia się w codziennym życiu w Polsce.,Понятие «просьба» часто встречается в повседневной жизни в Польше.,"Warto dobrze rozumieć słowo „prośba”, bo jest praktyczne.","Стоит хорошо понимать слово «просьба», потому что оно практичное.",прохання,Поняття «прохання» часто зустрічається в повсякденному житті в Польщі.,"Варто добре розуміти слово «прохання», бо воно практичне."
255,255,odmówić,отказать,verb,Warto umieć poprawnie używać wyrażenia „odmówić” w rozmowie.,Стоит уметь правильно использовать выражение «отказать» в разговоре.,"To wyrażenie często pojawia się w pracy, dokumentach i codziennych sytuacjach.","Это выражение часто встречается на работе, в документах и повседневных ситуациях.",відмовити,Варто вміти правильно використовувати вираз «відмовити» в розмові.,"Цей вираз часто зустрічається в роботі, документах і повсякденних ситуаціях."
256,256,zaproponować,предложить,verb,Warto umieć poprawnie używać wyrażenia „zaproponować” w rozmowie.,Стоит уметь правильно использовать выражение «предложить» в разговоре.,"To wyrażenie często pojawia się w pracy, dokumentach i codziennych sytuacjach.","Это выражение часто встречается на работе, в документах и повседневных ситуациях.",запропонувати,Варто вміти правильно використовувати вираз «запропонувати» в розмові.,"Цей вираз часто зустрічається в роботі, документах і повсякденних ситуаціях."
257,257,uzgodnić,согласовать,verb,Warto umieć poprawnie używać wyrażenia „uzgodnić” w rozmowie.,Стоит уметь правильно использовать выражение «согласовать» в разговоре.,"To wyrażenie często pojawia się w pracy, dokumentach i codziennych sytuacjach.","Это выражение часто встречается на работе, в документах и повседневных ситуациях.",узгодити,Варто вміти правильно використовувати вираз «узгодити» в розмові.,"Цей вираз часто зустрічається в роботі, документах і повсякденних ситуаціях."
258,258,ustalić,"установить, определить",verb,Warto umieć poprawnie używać wyrażenia „ustalić” w rozmowie.,Стоит уметь правильно использовать выражение «установить» в разговоре.,"To wyrażenie często pojawia się w pracy, dokumentach i codziennych sytuacjach.","Это выражение часто встречается на работе, в документах и повседневных ситуациях.",встановити,Варто вміти правильно використовувати вираз «встановити» в розмові.,"Цей вираз часто зустрічається в роботі, документах і повсякденних ситуаціях."
259,259,poinformować,проинформировать,verb,Warto umieć poprawnie używać wyrażenia „poinformować” w rozmowie.,Стоит уметь правильно использовать выражение «проинформировать» в разговоре.,"To wyrażenie często pojawia się w pracy, dokumentach i codziennych sytuacjach.","Это выражение часто встречается на работе, в документах и повседневных ситуациях.",поінформувати,Варто вміти правильно використовувати вираз «поінформувати» в розмові.,"Цей вираз часто зустрічається в роботі, документах і повсякденних ситуаціях."
260,260,powiadomić,уведомить,verb,Warto umieć poprawnie używać wyrażenia „powiadomić” w rozmowie.,Стоит уметь правильно использовать выражение «уведомить» в разговоре.,"To wyrażenie często pojawia się w pracy, dokumentach i codziennych sytuacjach.","Это выражение часто встречается на работе, в документах и повседневных ситуациях.",повідомити,Варто вміти правильно використовувати вираз «повідомити» в розмові.,"Цей вираз часто зустрічається в роботі, документах і повсякденних ситуаціях."
261,261,decydować,"решать, принимать решение",verb,"Musimy zdecydować, którą ofertę wybrać.","Мы должны решить, какое предложение выбрать.",Ostatecznie zdecydowali się zostać w Polsce.,В итоге они решили остаться в Польше.,вирішувати,"Ми повинні вирішити, яку пропозицію обрати.","Зрештою, вони вирішили залишитися в Польщі."
262,262,postanowić,решить,verb,Postanowiłem rozpocząć naukę języka polskiego.,Я решил начать изучение польского языка.,Po długiej rozmowie postanowili kupić mieszkanie.,После долгого разговора они решили купить квартиру.,постановити,Я постановив розпочати вивчення польської мови.,Після довгої розмови вони постановили купити квартиру.
263,263,wybierać,выбирать,verb,Trudno wybrać najlepszą opcję.,Трудно выбрать лучший вариант.,Klienci coraz częściej wybierają zakupy online.,Клиенты всё чаще выбирают покупки онлайн.,вибирати,Важко вибрати найкращий варіант.,Клієнти все частіше вибирають покупки онлайн.
264,264,preferować,предпочитать,verb,Preferuję kontakt mailowy.,Я предпочитаю общение по электронной почте.,Większość klientów preferuje płatności bezgotówkowe.,Большинство клиентов предпочитает безналичную оплату.,віддавати перевагу,Я віддаю перевагу контакту електронною поштою.,Більшість клієнтів віддає перевагу безготівковим платежам.
265,265,rozważyć,рассмотреть,verb,Warto rozważyć wszystkie możliwości.,Стоит рассмотреть все возможности.,Firma rozważa otwarcie nowego oddziału.,Компания рассматривает открытие нового филиала.,розглянути,Варто розглянути всі можливості.,Компанія розглядає відкриття нового відділу.
266,266,zamierzać,намереваться,verb,Zamierzam zmienić pracę w przyszłym roku.,Я намереваюсь сменить работу в следующем году.,Nie zamierzamy rezygnować z projektu.,Мы не собираемся отказываться от проекта.,мати намір,Я маю намір змінити роботу наступного року.,Ми не маємо наміру відмовлятися від проєкту.
267,267,planować,планировать,verb,Planujemy wakacje na wrzesień.,Мы планируем отпуск на сентябрь.,Firma planuje zwiększyć zatrudnienie.,Компания планирует увеличить количество сотрудников.,планувати,Ми плануємо відпустку на вересень.,Компанія планує збільшити зайнятість.
268,268,organizować,организовывать,verb,Organizujemy spotkanie dla nowych pracowników.,Мы организуем встречу для новых сотрудников.,Miasto organizuje wiele wydarzeń kulturalnych.,Город организует множество культурных мероприятий.,організовувати,Ми організовуємо зустріч для нових працівників.,Місто організовує багато культурних заходів.
269,269,przygotować,подготовить,verb,Muszę przygotować wszystkie dokumenty.,Мне нужно подготовить все документы.,Przygotowaliśmy szczegółowy plan działania.,Мы подготовили подробный план действий.,підготувати,Я маю підготувати всі документи.,Ми підготували детальний план дій.
270,270,przygotowanie,подготовка,noun,Dobre przygotowanie zwiększa szanse na sukces.,Хорошая подготовка повышает шансы на успех.,Przygotowanie prezentacji zajęło kilka dni.,Подготовка презентации заняла несколько дней.,підготовка,Добра підготовка збільшує шанси на успіх.,Підготовка презентації зайняла кілька днів.
271,271,powód,причина,noun,Jaki jest powód tej decyzji?,Какова причина этого решения?,Nie znam dokładnego powodu odmowy.,Я не знаю точной причины отказа.,причина,Яка причина цього рішення?,Я не знаю точної причини відмови.
272,272,przyczyna,причина,noun,Przyczyna problemu została już znaleziona.,Причина проблемы уже найдена.,Lekarz wyjaśnił przyczynę dolegliwości.,Врач объяснил причину недомогания.,причина,Причину проблеми вже знайдено.,Лікар пояснив причину недуги.
273,273,skutek,последствие,noun,To był skutek złej organizacji pracy.,Это было последствием плохой организации работы.,Musimy przewidzieć możliwe skutki tej decyzji.,Мы должны предусмотреть возможные последствия этого решения.,наслідок,Це був наслідок поганої організації праці.,Ми повинні передбачити можливі наслідки цього рішення.
274,274,efekt,эффект,noun,Efekt naszej pracy był bardzo dobry.,Результат нашей работы был очень хорошим.,Pierwsze efekty są już widoczne.,Первые результаты уже заметны.,ефект,Ефект нашої роботи був дуже добрий.,Перші ефекти вже помітні.
275,275,rezultat,результат,noun,Rezultat przeszedł nasze oczekiwania.,Результат превзошёл наши ожидания.,Jesteśmy zadowoleni z osiągniętego rezultatu.,Мы довольны достигнутым результатом.,результат,Результат перевершив наші очікування.,Ми задоволені досягнутим результатом.
276,276,konsekwencja,последствие,noun,Każda decyzja ma swoje konsekwencje.,Каждое решение имеет свои последствия.,Musisz być świadomy możliwych konsekwencji.,Ты должен осознавать возможные последствия.,наслідок,Кожне рішення має свої наслідки.,Ти повинен бути свідомий можливих наслідків.
277,277,okazja,"возможность, случай",noun,To dobra okazja do nauki języka.,Это хорошая возможность для изучения языка.,Skorzystałem z okazji i zadałem pytanie.,Я воспользовался случаем и задал вопрос.,нагода,Це добра нагода для вивчення мови.,Я скористався нагодою і поставив запитання.
278,278,szansa,шанс,noun,Masz dużą szansę na sukces.,У тебя большие шансы на успех.,To była jedyna szansa na rozwiązanie problemu.,Это был единственный шанс решить проблему.,шанс,Ти маєш великий шанс на успіх.,Це був єдиний шанс вирішити проблему.
279,279,zagwarantować,гарантировать,verb,Nikt nie może zagwarantować sukcesu.,Никто не может гарантировать успех.,Umowa zagwarantowała klientowi dodatkowe prawa.,Договор гарантировал клиенту дополнительные права.,гарантувати,Ніхто не може гарантувати успіху.,Угода гарантувала клієнту додаткові права.
280,280,umożliwić,сделать возможным,verb,Nowe przepisy umożliwią szybszą obsługę wniosków.,Новые правила сделают возможным более быстрое рассмотрение заявлений.,Technologia umożliwia pracę z dowolnego miejsca.,Технологии позволяют работать из любого места.,уможливити,Нові правила уможливлять швидше опрацювання заяв.,Технологія уможливлює роботу з будь-якого місця.
281,281,sytuacja,ситуация,noun,Pojęcie „sytuacja” często pojawia się w codziennym życiu w Polsce.,Понятие «ситуация» часто встречается в повседневной жизни в Польше.,"Warto dobrze rozumieć słowo „sytuacja”, bo jest praktyczne.","Стоит хорошо понимать слово «ситуация», потому что оно практичное.",ситуація,Поняття «ситуація» часто зустрічається в повсякденному житті в Польщі.,"Варто добре розуміти слово «ситуація», бо воно практичне."
282,282,przypadek,случай,noun,Pojęcie „przypadek” często pojawia się w codziennym życiu w Polsce.,Понятие «случай» часто встречается в повседневной жизни в Польше.,"Warto dobrze rozumieć słowo „przypadek”, bo jest praktyczne.","Стоит хорошо понимать слово «случай», потому что оно практичное.",випадок,Поняття «випадок» часто зустрічається в повсякденному житті в Польщі.,"Варто добре розуміти слово «випадок», бо воно практичне."
283,283,zdarzenie,событие,noun,Pojęcie „zdarzenie” często pojawia się w codziennym życiu w Polsce.,Понятие «событие» часто встречается в повседневной жизни в Польше.,"Warto dobrze rozumieć słowo „zdarzenie”, bo jest praktyczne.","Стоит хорошо понимать слово «событие», потому что оно практичное.",подія,Поняття «подія» часто зустрічається в повсякденному житті в Польщі.,"Варто добре розуміти слово «подія», бо воно практичне."
284,284,proces,процесс,noun,Pojęcie „proces” często pojawia się w codziennym życiu w Polsce.,Понятие «процесс» часто встречается в повседневной жизни в Польше.,"Warto dobrze rozumieć słowo „proces”, bo jest praktyczne.","Стоит хорошо понимать слово «процесс», потому что оно практичное.",процес,Поняття «процес» часто зустрічається в повсякденному житті в Польщі.,"Варто добре розуміти слово «процес», бо воно практичне."
285,285,etap,этап,noun,Pojęcie „etap” często pojawia się w codziennym życiu w Polsce.,Понятие «этап» часто встречается в повседневной жизни в Польше.,"Warto dobrze rozumieć słowo „etap”, bo jest praktyczne.","Стоит хорошо понимать слово «этап», потому что оно практичное.",етап,Поняття «етап» часто зустрічається в повсякденному житті в Польщі.,"Варто добре розуміти слово «етап», бо воно практичне."
286,286,poziom,уровень,noun,Pojęcie „poziom” często pojawia się w codziennym życiu w Polsce.,Понятие «уровень» часто встречается в повседневной жизни в Польше.,"Warto dobrze rozumieć słowo „poziom”, bo jest praktyczne.","Стоит хорошо понимать слово «уровень», потому что оно практичное.",рівень,Поняття «рівень» часто зустрічається в повсякденному житті в Польщі.,"Варто добре розуміти слово «рівень», бо воно практичне."
287,287,tempo,темп,noun,Pojęcie „tempo” często pojawia się w codziennym życiu w Polsce.,Понятие «темп» часто встречается в повседневной жизни в Польше.,"Warto dobrze rozumieć słowo „tempo”, bo jest praktyczne.","Стоит хорошо понимать слово «темп», потому что оно практичное.",темп,Поняття «темп» часто зустрічається в повсякденному житті в Польщі.,"Варто добре розуміти слово «темп», бо воно практичне."
288,288,zmiana,изменение,noun,Pojęcie „zmiana” często pojawia się w codziennym życiu w Polsce.,Понятие «изменение» часто встречается в повседневной жизни в Польше.,"Warto dobrze rozumieć słowo „zmiana”, bo jest praktyczne.","Стоит хорошо понимать слово «изменение», потому что оно практичное.",зміна,Поняття «зміна» часто зустрічається в повсякденному житті в Польщі.,"Варто добре розуміти слово «зміна», бо воно практичне."
289,289,zwiększyć,увеличить,verb,Warto umieć poprawnie używać wyrażenia „zwiększyć” w rozmowie.,Стоит уметь правильно использовать выражение «увеличить» в разговоре.,"To wyrażenie często pojawia się w pracy, dokumentach i codziennych sytuacjach.","Это выражение часто встречается на работе, в документах и повседневных ситуациях.",збільшити,Варто вміти правильно використовувати вираз «збільшити» в розмові.,"Цей вираз часто зустрічається в роботі, документах і повсякденних ситуаціях."
290,290,zmniejszyć,уменьшить,verb,Warto umieć poprawnie używać wyrażenia „zmniejszyć” w rozmowie.,Стоит уметь правильно использовать выражение «уменьшить» в разговоре.,"To wyrażenie często pojawia się w pracy, dokumentach i codziennych sytuacjach.","Это выражение часто встречается на работе, в документах и повседневных ситуациях.",зменшити,Варто вміти правильно використовувати вираз «зменшити» в розмові.,"Цей вираз часто зустрічається в роботі, документах і повсякденних ситуаціях."
291,291,ograniczyć,ограничить,verb,Warto umieć poprawnie używać wyrażenia „ograniczyć” w rozmowie.,Стоит уметь правильно использовать выражение «ограничить» в разговоре.,"To wyrażenie często pojawia się w pracy, dokumentach i codziennych sytuacjach.","Это выражение часто встречается на работе, в документах и повседневных ситуациях.",обмежити,Варто вміти правильно використовувати вираз «обмежити» в розмові.,"Цей вираз часто зустрічається в роботі, документах і повсякденних ситуаціях."
292,292,ulepszyć,улучшить,verb,Warto umieć poprawnie używać wyrażenia „ulepszyć” w rozmowie.,Стоит уметь правильно использовать выражение «улучшить» в разговоре.,"To wyrażenie często pojawia się w pracy, dokumentach i codziennych sytuacjach.","Это выражение часто встречается на работе, в документах и повседневных ситуациях.",покращити,Варто вміти правильно використовувати вираз «покращити» в розмові.,"Цей вираз часто зустрічається в роботі, документах і повсякденних ситуаціях."
293,293,usprawnić,оптимизировать,verb,Warto umieć poprawnie używać wyrażenia „usprawnić” w rozmowie.,Стоит уметь правильно использовать выражение «оптимизировать» в разговоре.,"To wyrażenie często pojawia się w pracy, dokumentach i codziennych sytuacjach.","Это выражение часто встречается на работе, в документах и повседневных ситуациях.",вдосконалити,Варто вміти правильно використовувати вираз «вдосконалити» в розмові.,"Цей вираз часто зустрічається в роботі, документах і повсякденних ситуаціях."
294,294,realizować,реализовывать,verb,Warto umieć poprawnie używać wyrażenia „realizować” w rozmowie.,Стоит уметь правильно использовать выражение «реализовывать» в разговоре.,"To wyrażenie często pojawia się w pracy, dokumentach i codziennych sytuacjach.","Это выражение часто встречается на работе, в документах и повседневных ситуациях.",реалізовувати,Варто вміти правильно використовувати вираз «реалізовувати» в розмові.,"Цей вираз часто зустрічається в роботі, документах і повсякденних ситуаціях."
295,295,wykonać,выполнить,verb,Warto umieć poprawnie używać wyrażenia „wykonać” w rozmowie.,Стоит уметь правильно использовать выражение «выполнить» в разговоре.,"To wyrażenie często pojawia się w pracy, dokumentach i codziennych sytuacjach.","Это выражение часто встречается на работе, в документах и повседневных ситуациях.",виконати,Варто вміти правильно використовувати вираз «виконати» в розмові.,"Цей вираз часто зустрічається в роботі, документах і повсякденних ситуаціях."
296,296,zakończyć,завершить,verb,Warto umieć poprawnie używać wyrażenia „zakończyć” w rozmowie.,Стоит уметь правильно использовать выражение «завершить» в разговоре.,"To wyrażenie często pojawia się w pracy, dokumentach i codziennych sytuacjach.","Это выражение часто встречается на работе, в документах и повседневных ситуациях.",завершити,Варто вміти правильно використовувати вираз «завершити» в розмові.,"Цей вираз часто зустрічається в роботі, документах і повсякденних ситуаціях."
297,297,kontynuować,продолжать,verb,Warto umieć poprawnie używać wyrażenia „kontynuować” w rozmowie.,Стоит уметь правильно использовать выражение «продолжать» в разговоре.,"To wyrażenie często pojawia się w pracy, dokumentach i codziennych sytuacjach.","Это выражение часто встречается на работе, в документах и повседневных ситуациях.",продовжувати,Варто вміти правильно використовувати вираз «продовжувати» в розмові.,"Цей вираз часто зустрічається в роботі, документах і повсякденних ситуаціях."
298,298,osiągać,достигать,verb,Warto umieć poprawnie używać wyrażenia „osiągać” w rozmowie.,Стоит уметь правильно использовать выражение «достигать» в разговоре.,"To wyrażenie często pojawia się w pracy, dokumentach i codziennych sytuacjach.","Это выражение часто встречается на работе, в документах и повседневных ситуациях.",досягати,Варто вміти правильно використовувати вираз «досягати» в розмові.,"Цей вираз часто зустрічається в роботі, документах і повсякденних ситуаціях."
299,299,wdrażać,внедрять,verb,Warto umieć poprawnie używać wyrażenia „wdrażać” w rozmowie.,Стоит уметь правильно использовать выражение «внедрять» в разговоре.,"To wyrażenie często pojawia się w pracy, dokumentach i codziennych sytuacjach.","Это выражение часто встречается на работе, в документах и повседневных ситуациях.",впроваджувати,Варто вміти правильно використовувати вираз «впроваджувати» в розмові.,"Цей вираз часто зустрічається в роботі, документах і повсякденних ситуаціях."
300,300,harmonogram,график,noun,Pojęcie „harmonogram” często pojawia się w codziennym życiu w Polsce.,Понятие «график» часто встречается в повседневной жизни в Польше.,"Warto dobrze rozumieć słowo „harmonogram”, bo jest praktyczne.","Стоит хорошо понимать слово «график», потому что оно практичное.",графік,Поняття «графік» часто зустрічається в повсякденному житті в Польщі.,"Варто добре розуміти слово «графік», бо воно практичне."
301,301,lekarz,врач,noun,Pojęcie „lekarz” często pojawia się w codziennym życiu w Polsce.,Понятие «врач» часто встречается в повседневной жизни в Польше.,"Warto dobrze rozumieć słowo „lekarz”, bo jest praktyczne.","Стоит хорошо понимать слово «врач», потому что оно практичное.",лікар,Поняття «лікар» часто зустрічається в повсякденному житті в Польщі.,"Варто добре розуміти слово «лікар», бо воно практичне."
302,302,pacjent,пациент,noun,Pojęcie „pacjent” często pojawia się w codziennym życiu w Polsce.,Понятие «пациент» часто встречается в повседневной жизни в Польше.,"Warto dobrze rozumieć słowo „pacjent”, bo jest praktyczne.","Стоит хорошо понимать слово «пациент», потому что оно практичное.",пацієнт,Поняття «пацієнт» часто зустрічається в повсякденному житті в Польщі.,"Варто добре розуміти слово «пацієнт», бо воно практичне."
303,303,badanie,"обследование, анализ",noun,Pojęcie „badanie” często pojawia się w codziennym życiu w Polsce.,Понятие «обследование» часто встречается в повседневной жизни в Польше.,"Warto dobrze rozumieć słowo „badanie”, bo jest praktyczne.","Стоит хорошо понимать слово «обследование», потому что оно практичное.",обстеження,Поняття «обстеження» часто зустрічається в повсякденному житті в Польщі.,"Варто добре розуміти слово «обстеження», бо воно практичне."
304,304,wynik badania,результат обследования,noun,Pojęcie „wynik badania” często pojawia się w codziennym życiu w Polsce.,Понятие «результат обследования» часто встречается в повседневной жизни в Польше.,"Warto dobrze rozumieć słowo „wynik badania”, bo jest praktyczne.","Стоит хорошо понимать слово «результат обследования», потому что оно практичное.",результат обстеження,Поняття «результат обстеження» часто зустрічається в повсякденному житті в Польщі.,"Варто добре розуміти слово «результат обстеження», бо воно практичне."
305,305,leczenie,лечение,noun,Pojęcie „leczenie” często pojawia się w codziennym życiu w Polsce.,Понятие «лечение» часто встречается в повседневной жизни в Польше.,"Warto dobrze rozumieć słowo „leczenie”, bo jest praktyczne.","Стоит хорошо понимать слово «лечение», потому что оно практичное.",лікування,Поняття «лікування» часто зустрічається в повсякденному житті в Польщі.,"Варто добре розуміти слово «лікування», бо воно практичне."
306,306,objaw,симптом,noun,Pojęcie „objaw” często pojawia się w codziennym życiu w Polsce.,Понятие «симптом» часто встречается в повседневной жизни в Польше.,"Warto dobrze rozumieć słowo „objaw”, bo jest praktyczne.","Стоит хорошо понимать слово «симптом», потому что оно практичное.",симптом,Поняття «симптом» часто зустрічається в повсякденному житті в Польщі.,"Варто добре розуміти слово «симптом», бо воно практичне."
307,307,dolegliwość,недомогание,noun,Pojęcie „dolegliwość” często pojawia się w codziennym życiu w Polsce.,Понятие «недомогание» часто встречается в повседневной жизни в Польше.,"Warto dobrze rozumieć słowo „dolegliwość”, bo jest praktyczne.","Стоит хорошо понимать слово «недомогание», потому что оно практичное.",недуга,Поняття «недуга» часто зустрічається в повсякденному житті в Польщі.,"Варто добре розуміти слово «недуга», бо воно практичне."
308,308,zdrowie,здоровье,noun,Pojęcie „zdrowie” często pojawia się w codziennym życiu w Polsce.,Понятие «здоровье» часто встречается в повседневной жизни в Польше.,"Warto dobrze rozumieć słowo „zdrowie”, bo jest praktyczne.","Стоит хорошо понимать слово «здоровье», потому что оно практичное.",здоров'я,Поняття «здоров'я» часто зустрічається в повсякденному житті в Польщі.,"Варто добре розуміти слово «здоров'я», бо воно практичне."
309,309,choroba,болезнь,noun,Pojęcie „choroba” często pojawia się w codziennym życiu w Polsce.,Понятие «болезнь» часто встречается в повседневной жизни в Польше.,"Warto dobrze rozumieć słowo „choroba”, bo jest praktyczne.","Стоит хорошо понимать слово «болезнь», потому что оно практичное.",хвороба,Поняття «хвороба» часто зустрічається в повсякденному житті в Польщі.,"Варто добре розуміти слово «хвороба», бо воно практичне."
310,310,przeziębienie,простуда,noun,Pojęcie „przeziębienie” często pojawia się w codziennym życiu w Polsce.,Понятие «простуда» часто встречается в повседневной жизни в Польше.,"Warto dobrze rozumieć słowo „przeziębienie”, bo jest praktyczne.","Стоит хорошо понимать слово «простуда», потому что оно практичное.",застуда,Поняття «застуда» часто зустрічається в повсякденному житті в Польщі.,"Варто добре розуміти слово «застуда», бо воно практичне."
311,311,gorączka,температура,noun,Pojęcie „gorączka” często pojawia się w codziennym życiu w Polsce.,Понятие «температура» часто встречается в повседневной жизни в Польше.,"Warto dobrze rozumieć słowo „gorączka”, bo jest praktyczne.","Стоит хорошо понимать слово «температура», потому что оно практичное.",гарячка,Поняття «гарячка» часто зустрічається в повсякденному житті в Польщі.,"Варто добре розуміти слово «гарячка», бо воно практичне."
312,312,ból,боль,noun,Pojęcie „ból” często pojawia się w codziennym życiu w Polsce.,Понятие «боль» часто встречается в повседневной жизни в Польше.,"Warto dobrze rozumieć słowo „ból”, bo jest praktyczne.","Стоит хорошо понимать слово «боль», потому что оно практичное.",біль,Поняття «біль» часто зустрічається в повсякденному житті в Польщі.,"Варто добре розуміти слово «біль», бо воно практичне."
313,313,recepta,рецепт,noun,Pojęcie „recepta” często pojawia się w codziennym życiu w Polsce.,Понятие «рецепт» часто встречается в повседневной жизни в Польше.,"Warto dobrze rozumieć słowo „recepta”, bo jest praktyczne.","Стоит хорошо понимать слово «рецепт», потому что оно практичное.",рецепт,Поняття «рецепт» часто зустрічається в повсякденному житті в Польщі.,"Варто добре розуміти слово «рецепт», бо воно практичне."
314,314,lek,лекарство,noun,Pojęcie „lek” często pojawia się w codziennym życiu w Polsce.,Понятие «лекарство» часто встречается в повседневной жизни в Польше.,"Warto dobrze rozumieć słowo „lek”, bo jest praktyczne.","Стоит хорошо понимать слово «лекарство», потому что оно практичное.",ліки,Поняття «ліки» часто зустрічається в повсякденному житті в Польщі.,"Варто добре розуміти слово «ліки», бо воно практичне."
315,315,apteka,аптека,noun,Pojęcie „apteka” często pojawia się w codziennym życiu w Polsce.,Понятие «аптека» часто встречается в повседневной жизни в Польше.,"Warto dobrze rozumieć słowo „apteka”, bo jest praktyczne.","Стоит хорошо понимать слово «аптека», потому что оно практичное.",аптека,Поняття «аптека» часто зустрічається в повсякденному житті в Польщі.,"Варто добре розуміти слово «аптека», бо воно практичне."
316,316,szczepienie,прививка,noun,Pojęcie „szczepienie” często pojawia się w codziennym życiu w Polsce.,Понятие «прививка» часто встречается в повседневной жизни в Польше.,"Warto dobrze rozumieć słowo „szczepienie”, bo jest praktyczne.","Стоит хорошо понимать слово «прививка», потому что оно практичное.",щеплення,Поняття «щеплення» часто зустрічається в повсякденному житті в Польщі.,"Варто добре розуміти слово «щеплення», бо воно практичне."
317,317,opieka zdrowotna,здравоохранение,noun,Pojęcie „opieka zdrowotna” często pojawia się w codziennym życiu w Polsce.,Понятие «здравоохранение» часто встречается в повседневной жизни в Польше.,"Warto dobrze rozumieć słowo „opieka zdrowotna”, bo jest praktyczne.","Стоит хорошо понимать слово «здравоохранение», потому что оно практичное.",охорона здоров'я,Поняття «охорона здоров'я» часто зустрічається в повсякденному житті в Польщі.,"Варто добре розуміти слово «охорона здоров'я», бо воно практичне."
318,318,ubezpieczenie zdrowotne,медицинская страховка,noun,Pojęcie „ubezpieczenie zdrowotne” często pojawia się w codziennym życiu w Polsce.,Понятие «медицинская страховка» часто встречается в повседневной жизни в Польше.,"Warto dobrze rozumieć słowo „ubezpieczenie zdrowotne”, bo jest praktyczne.","Стоит хорошо понимать слово «медицинская страховка», потому что оно практичное.",медичне страхування,Поняття «медичне страхування» часто зустрічається в повсякденному житті в Польщі.,"Варто добре розуміти слово «медичне страхування», бо воно практичне."
319,319,wizyta,визит,noun,Pojęcie „wizyta” często pojawia się w codziennym życiu w Polsce.,Понятие «визит» часто встречается в повседневной жизни в Польше.,"Warto dobrze rozumieć słowo „wizyta”, bo jest praktyczne.","Стоит хорошо понимать слово «визит», потому что оно практичное.",візит,Поняття «візит» часто зустрічається в повсякденному житті в Польщі.,"Варто добре розуміти слово «візит», бо воно практичне."
320,320,specjalista,специалист,noun,Pojęcie „specjalista” często pojawia się w codziennym życiu w Polsce.,Понятие «специалист» часто встречается в повседневной жизни в Польше.,"Warto dobrze rozumieć słowo „specjalista”, bo jest praktyczne.","Стоит хорошо понимать слово «специалист», потому что оно практичное.",спеціаліст,Поняття «спеціаліст» часто зустрічається в повсякденному житті в Польщі.,"Варто добре розуміти слово «спеціаліст», бо воно практичне."
321,321,rodzic,родитель,noun,Pojęcie „rodzic” często pojawia się w codziennym życiu w Polsce.,Понятие «родитель» часто встречается в повседневной жизни в Польше.,"Warto dobrze rozumieć słowo „rodzic”, bo jest praktyczne.","Стоит хорошо понимать слово «родитель», потому что оно практичное.",один з батьків,Поняття «один з батьків» часто зустрічається в повсякденному житті в Польщі.,"Варто добре розуміти слово «один з батьків», бо воно практичне."
322,322,matka,мать,noun,Pojęcie „matka” często pojawia się w codziennym życiu w Polsce.,Понятие «мать» часто встречается в повседневной жизни в Польше.,"Warto dobrze rozumieć słowo „matka”, bo jest praktyczne.","Стоит хорошо понимать слово «мать», потому что оно практичное.",мати,Поняття «мати» часто зустрічається в повсякденному житті в Польщі.,"Варто добре розуміти слово «мати», бо воно практичне."
323,323,ojciec,отец,noun,Pojęcie „ojciec” często pojawia się w codziennym życiu w Polsce.,Понятие «отец» часто встречается в повседневной жизни в Польше.,"Warto dobrze rozumieć słowo „ojciec”, bo jest praktyczne.","Стоит хорошо понимать слово «отец», потому что оно практичное.",батько,Поняття «батько» часто зустрічається в повсякденному житті в Польщі.,"Варто добре розуміти слово «батько», бо воно практичне."
324,324,dziecko,ребёнок,noun,Pojęcie „dziecko” często pojawia się w codziennym życiu w Polsce.,Понятие «ребёнок» часто встречается в повседневной жизни в Польше.,"Warto dobrze rozumieć słowo „dziecko”, bo jest praktyczne.","Стоит хорошо понимать слово «ребёнок», потому что оно практичное.",дитина,Поняття «дитина» часто зустрічається в повсякденному житті в Польщі.,"Варто добре розуміти слово «дитина», бо воно практичне."
325,325,niemowlę,младенец,noun,Pojęcie „niemowlę” często pojawia się w codziennym życiu w Polsce.,Понятие «младенец» часто встречается в повседневной жизни в Польше.,"Warto dobrze rozumieć słowo „niemowlę”, bo jest praktyczne.","Стоит хорошо понимать слово «младенец», потому что оно практичное.",немовля,Поняття «немовля» часто зустрічається в повсякденному житті в Польщі.,"Варто добре розуміти слово «немовля», бо воно практичне."
326,326,wychowanie,воспитание,noun,Pojęcie „wychowanie” często pojawia się w codziennym życiu w Polsce.,Понятие «воспитание» часто встречается в повседневной жизни в Польше.,"Warto dobrze rozumieć słowo „wychowanie”, bo jest praktyczne.","Стоит хорошо понимать слово «воспитание», потому что оно практичное.",виховання,Поняття «виховання» часто зустрічається в повсякденному житті в Польщі.,"Варто добре розуміти слово «виховання», бо воно практичне."
327,327,opieka,уход,noun,Pojęcie „opieka” często pojawia się w codziennym życiu w Polsce.,Понятие «уход» часто встречается в повседневной жизни в Польше.,"Warto dobrze rozumieć słowo „opieka”, bo jest praktyczne.","Стоит хорошо понимать слово «уход», потому что оно практичное.",опіка,Поняття «опіка» часто зустрічається в повсякденному житті в Польщі.,"Варто добре розуміти слово «опіка», бо воно практичне."
328,328,rozwój dziecka,развитие ребёнка,noun,Pojęcie „rozwój dziecka” często pojawia się w codziennym życiu w Polsce.,Понятие «развитие ребёнка» часто встречается в повседневной жизни в Польше.,"Warto dobrze rozumieć słowo „rozwój dziecka”, bo jest praktyczne.","Стоит хорошо понимать слово «развитие ребёнка», потому что оно практичное.",розвиток дитини,Поняття «розвиток дитини» часто зустрічається в повсякденному житті в Польщі.,"Варто добре розуміти слово «розвиток дитини», бо воно практичне."
329,329,ciąża,беременность,noun,Pojęcie „ciąża” często pojawia się w codziennym życiu w Polsce.,Понятие «беременность» часто встречается в повседневной жизни в Польше.,"Warto dobrze rozumieć słowo „ciąża”, bo jest praktyczne.","Стоит хорошо понимать слово «беременность», потому что оно практичное.",вагітність,Поняття «вагітність» часто зустрічається в повсякденному житті в Польщі.,"Варто добре розуміти слово «вагітність», бо воно практичне."
330,330,poród,роды,noun,Pojęcie „poród” często pojawia się w codziennym życiu w Polsce.,Понятие «роды» часто встречается в повседневной жизни в Польше.,"Warto dobrze rozumieć słowo „poród”, bo jest praktyczne.","Стоит хорошо понимать слово «роды», потому что оно практичное.",пологи,Поняття «пологи» часто зустрічається в повсякденному житті в Польщі.,"Варто добре розуміти слово «пологи», бо воно практичне."
331,331,urlop macierzyński,декретный отпуск,noun,Pojęcie „urlop macierzyński” często pojawia się w codziennym życiu w Polsce.,Понятие «декретный отпуск» часто встречается в повседневной жизни в Польше.,"Warto dobrze rozumieć słowo „urlop macierzyński”, bo jest praktyczne.","Стоит хорошо понимать слово «декретный отпуск», потому что оно практичное.",декретна відпустка,Поняття «декретна відпустка» часто зустрічається в повсякденному житті в Польщі.,"Варто добре розуміти слово «декретна відпустка», бо воно практичне."
332,332,urlop rodzicielski,родительский отпуск,noun,Pojęcie „urlop rodzicielski” często pojawia się w codziennym życiu w Polsce.,Понятие «родительский отпуск» часто встречается в повседневной жизни в Польше.,"Warto dobrze rozumieć słowo „urlop rodzicielski”, bo jest praktyczne.","Стоит хорошо понимать слово «родительский отпуск», потому что оно практичное.",батьківська відпустка,Поняття «батьківська відпустка» часто зустрічається в повсякденному житті в Польщі.,"Варто добре розуміти слово «батьківська відпустка», бо воно практичне."
333,333,żłobek,ясли,noun,Pojęcie „żłobek” często pojawia się w codziennym życiu w Polsce.,Понятие «ясли» часто встречается в повседневной жизни в Польше.,"Warto dobrze rozumieć słowo „żłobek”, bo jest praktyczne.","Стоит хорошо понимать слово «ясли», потому что оно практичное.",ясла,Поняття «ясла» часто зустрічається в повсякденному житті в Польщі.,"Варто добре розуміти слово «ясла», бо воно практичне."
334,334,przedszkole,детский сад,noun,Pojęcie „przedszkole” często pojawia się w codziennym życiu w Polsce.,Понятие «детский сад» часто встречается в повседневной жизни в Польше.,"Warto dobrze rozumieć słowo „przedszkole”, bo jest praktyczne.","Стоит хорошо понимать слово «детский сад», потому что оно практичное.",дитячий садок,Поняття «дитячий садок» часто зустрічається в повсякденному житті в Польщі.,"Варто добре розуміти слово «дитячий садок», бо воно практичне."
335,335,szkoła,школа,noun,Pojęcie „szkoła” często pojawia się w codziennym życiu w Polsce.,Понятие «школа» часто встречается в повседневной жизни в Польше.,"Warto dobrze rozumieć słowo „szkoła”, bo jest praktyczne.","Стоит хорошо понимать слово «школа», потому что оно практичное.",школа,Поняття «школа» часто зустрічається в повсякденному житті в Польщі.,"Варто добре розуміти слово «школа», бо воно практичне."
336,336,nauczyciel,учитель,noun,Pojęcie „nauczyciel” często pojawia się w codziennym życiu w Polsce.,Понятие «учитель» часто встречается в повседневной жизни в Польше.,"Warto dobrze rozumieć słowo „nauczyciel”, bo jest praktyczne.","Стоит хорошо понимать слово «учитель», потому что оно практичное.",вчитель,Поняття «вчитель» часто зустрічається в повсякденному житті в Польщі.,"Варто добре розуміти слово «вчитель», бо воно практичне."
337,337,uczeń,ученик,noun,Pojęcie „uczeń” często pojawia się w codziennym życiu w Polsce.,Понятие «ученик» часто встречается в повседневной жизни в Польше.,"Warto dobrze rozumieć słowo „uczeń”, bo jest praktyczne.","Стоит хорошо понимать слово «ученик», потому что оно практичное.",учень,Поняття «учень» часто зустрічається в повсякденному житті в Польщі.,"Варто добре розуміти слово «учень», бо воно практичне."
338,338,edukacja,образование,noun,Pojęcie „edukacja” często pojawia się w codziennym życiu w Polsce.,Понятие «образование» часто встречается в повседневной жизни в Польше.,"Warto dobrze rozumieć słowo „edukacja”, bo jest praktyczne.","Стоит хорошо понимать слово «образование», потому что оно практичное.",освіта,Поняття «освіта» часто зустрічається в повсякденному житті в Польщі.,"Варто добре розуміти слово «освіта», бо воно практичне."
339,339,nauka,"обучение, учёба",noun,Pojęcie „nauka” często pojawia się w codziennym życiu w Polsce.,Понятие «обучение» часто встречается в повседневной жизни в Польше.,"Warto dobrze rozumieć słowo „nauka”, bo jest praktyczne.","Стоит хорошо понимать слово «обучение», потому что оно практичное.",навчання,Поняття «навчання» часто зустрічається в повсякденному житті в Польщі.,"Варто добре розуміти слово «навчання», бо воно практичне."
340,340,umiejętności,навыки,noun,Pojęcie „umiejętności” często pojawia się w codziennym życiu w Polsce.,Понятие «навыки» часто встречается в повседневной жизни в Польше.,"Warto dobrze rozumieć słowo „umiejętności”, bo jest praktyczne.","Стоит хорошо понимать слово «навыки», потому что оно практичное.",навички,Поняття «навички» часто зустрічається в повсякденному житті в Польщі.,"Варто добре розуміти слово «навички», бо воно практичне."
341,341,egzamin,экзамен,noun,Pojęcie „doświadczenie” często pojawia się w codziennym życiu w Polsce.,Понятие «опыт» часто встречается в повседневной жизни в Польше.,"Warto dobrze rozumieć słowo „doświadczenie”, bo jest praktyczne.","Стоит хорошо понимать слово «опыт», потому что оно практичное.",іспит,Поняття «досвід» часто зустрічається в повсякденному житті в Польщі.,"Варто добре розуміти слово «досвід», бо воно практичне."
342,342,praktyka,практика,noun,Pojęcie „praktyka” często pojawia się w codziennym życiu w Polsce.,Понятие «практика» часто встречается в повседневной жизни в Польше.,"Warto dobrze rozumieć słowo „praktyka”, bo jest praktyczne.","Стоит хорошо понимать слово «практика», потому что оно практичное.",практика,Поняття «практика» часто зустрічається в повсякденному житті в Польщі.,"Варто добре розуміти слово «практика», бо воно практичне."
343,343,student,студент,noun,Pojęcie „obowiązek” często pojawia się w codziennym życiu w Polsce.,Понятие «обязанность» часто встречается в повседневной жизни в Польше.,"Warto dobrze rozumieć słowo „obowiązek”, bo jest praktyczne.","Стоит хорошо понимать слово «обязанность», потому что оно практичное.",студент,Поняття «обов'язок» часто зустрічається в повсякденному житті в Польщі.,"Варто добре розуміти слово «обов'язок», бо воно практичне."
344,344,prawo,право,noun,Pojęcie „prawo” często pojawia się w codziennym życiu w Polsce.,Понятие «право» часто встречается в повседневной жизни в Польше.,"Warto dobrze rozumieć słowo „prawo”, bo jest praktyczne.","Стоит хорошо понимать слово «право», потому что оно практичное.",право,Поняття «право» часто зустрічається в повсякденному житті в Польщі.,"Варто добре розуміти слово «право», бо воно практичне."
345,345,uczelnia,университет,noun,Pojęcie „przepis” często pojawia się w codziennym życiu w Polsce.,Понятие «правило» часто встречается в повседневной жизни в Польше.,"Warto dobrze rozumieć słowo „przepis”, bo jest praktyczne.","Стоит хорошо понимать слово «правило», потому что оно практичное.",виш,Поняття «правило» часто зустрічається в повсякденному житті в Польщі.,"Варто добре розуміти слово «правило», бо воно практичне."
346,346,dokument,документ,noun,Pojęcie „dokument” często pojawia się w codziennym życiu w Polsce.,Понятие «документ» часто встречается в повседневной жизни в Польше.,"Warto dobrze rozumieć słowo „dokument”, bo jest praktyczne.","Стоит хорошо понимать слово «документ», потому что оно практичное.",документ,Поняття «документ» часто зустрічається в повсякденному житті в Польщі.,"Варто добре розуміти слово «документ», бо воно практичне."
347,347,dyplom,диплом,noun,Pojęcie „zaświadczenie” często pojawia się w codziennym życiu w Polsce.,Понятие «справка» часто встречается в повседневной жизни в Польше.,"Warto dobrze rozumieć słowo „zaświadczenie”, bo jest praktyczne.","Стоит хорошо понимать слово «справка», потому что оно практичное.",диплом,Поняття «довідка» часто зустрічається в повсякденному житті в Польщі.,"Варто добре розуміти слово «довідка», бо воно практичне."
348,348,legitymacja,удостоверение,noun,Pojęcie „wniosek” często pojawia się w codziennym życiu w Polsce.,Понятие «заявление» часто встречается в повседневной жизни в Польше.,"Warto dobrze rozumieć słowo „wniosek”, bo jest praktyczne.","Стоит хорошо понимать слово «заявление», потому что оно практичное.",посвідчення,Поняття «заява» часто зустрічається в повсякденному житті в Польщі.,"Варто добре розуміти слово «заява», бо воно практичне."
349,349,gospodarka,экономика,noun,Pojęcie „pozwolenie” często pojawia się w codziennym życiu w Polsce.,Понятие «разрешение» часто встречается в повседневной жизни в Польше.,"Warto dobrze rozumieć słowo „pozwolenie”, bo jest praktyczne.","Стоит хорошо понимать слово «разрешение», потому что оно практичное.",економіка,Поняття «дозвіл» часто зустрічається в повсякденному житті в Польщі.,"Варто добре розуміти слово «дозвіл», бо воно практичне."
350,350,obywatel,гражданин,noun,Pojęcie „obywatel” często pojawia się w codziennym życiu w Polsce.,Понятие «гражданин» часто встречается в повседневной жизни в Польше.,"Warto dobrze rozumieć słowo „obywatel”, bo jest praktyczne.","Стоит хорошо понимать слово «гражданин», потому что оно практичное.",громадянин,Поняття «громадянин» часто зустрічається в повсякденному житті в Польщі.,"Варто добре розуміти слово «громадянин», бо воно практичне."
351,351,cudzoziemiec,иностранец,noun,Pojęcie „cudzoziemiec” często pojawia się w codziennym życiu w Polsce.,Понятие «иностранец» часто встречается в повседневной жизни в Польше.,"Warto dobrze rozumieć słowo „cudzoziemiec”, bo jest praktyczne.","Стоит хорошо понимать слово «иностранец», потому что оно практичное.",іноземець,Поняття «іноземець» часто зустрічається в повсякденному житті в Польщі.,"Варто добре розуміти слово «іноземець», бо воно практичне."
352,352,rezydent,резидент,noun,Pojęcie „pobyt” często pojawia się w codziennym życiu w Polsce.,Понятие «пребывание» часто встречается в повседневной жизни в Польше.,"Warto dobrze rozumieć słowo „pobyt”, bo jest praktyczne.","Стоит хорошо понимать слово «пребывание», потому что оно практичное.",резидент,Поняття «перебування» часто зустрічається в повсякденному житті в Польщі.,"Варто добре розуміти слово «перебування», бо воно практичне."
353,353,adres zameldowania,адрес регистрации,noun,Pojęcie „meldunek” często pojawia się w codziennym życiu w Polsce.,Понятие «регистрация по месту жительства» часто встречается в повседневной жизни в Польше.,"Warto dobrze rozumieć słowo „meldunek”, bo jest praktyczne.","Стоит хорошо понимать слово «регистрация по месту жительства», потому что оно практичное.",адреса реєстрації,Поняття «реєстрація» часто зустрічається в повсякденному житті в Польщі.,"Варто добре розуміти слово «реєстрація», бо воно практичне."
354,354,urzędnik,чиновник,noun,Pojęcie „urzędnik” często pojawia się w codziennym życiu w Polsce.,Понятие «чиновник» часто встречается в повседневной жизни в Польше.,"Warto dobrze rozumieć słowo „urzędnik”, bo jest praktyczne.","Стоит хорошо понимать слово «чиновник», потому что оно практичное.",чиновник,Поняття «чиновник» часто зустрічається в повсякденному житті в Польщі.,"Варто добре розуміти слово «чиновник», бо воно практичне."
355,355,urząd,учреждение,noun,Pojęcie „urząd” często pojawia się w codziennym życiu w Polsce.,Понятие «учреждение» часто встречается в повседневной жизни в Польше.,"Warto dobrze rozumieć słowo „urząd”, bo jest praktyczne.","Стоит хорошо понимать слово «учреждение», потому что оно практичное.",установа,Поняття «установа» часто зустрічається в повсякденному житті в Польщі.,"Варто добре розуміти слово «установа», бо воно практичне."
356,356,rozpatrzyć,рассмотреть,noun,Pojęcie „decyzja” często pojawia się w codziennym życiu w Polsce.,Понятие «решение» часто встречается в повседневной жизни в Польше.,"Warto dobrze rozumieć słowo „decyzja”, bo jest praktyczne.","Стоит хорошо понимать слово «решение», потому что оно практичное.",розглянути,Поняття «рішення» часто зустрічається в повсякденному житті в Польщі.,"Варто добре розуміти слово «рішення», бо воно практичне."
357,357,deadline,крайний срок,noun,Pojęcie „termin” często pojawia się w codziennym życiu w Polsce.,Понятие «срок» часто встречается в повседневной жизни в Польше.,"Warto dobrze rozumieć słowo „termin”, bo jest praktyczne.","Стоит хорошо понимать слово «срок», потому что оно практичное.",крайній термін,Поняття «термін» часто зустрічається в повсякденному житті в Польщі.,"Варто добре розуміти слово «термін», бо воно практичне."
358,358,ważność,срок действия,noun,Pojęcie „ważność” często pojawia się w codziennym życiu w Polsce.,Понятие «срок действия» часто встречается в повседневной жизни в Польше.,"Warto dobrze rozumieć słowo „ważność”, bo jest praktyczne.","Стоит хорошо понимать слово «срок действия», потому что оно практичное.",чинність,Поняття «чинність» часто зустрічається в повсякденному житті в Польщі.,"Варто добре розуміти слово «чинність», бо воно практичне."
359,359,odnowić,обновить,verb,Warto umieć poprawnie używać wyrażenia „przedłużyć” w rozmowie.,Стоит уметь правильно использовать выражение «продлить» в разговоре.,"To wyrażenie często pojawia się w pracy, dokumentach i codziennych sytuacjach.","Это выражение часто встречается на работе, в документах и повседневных ситуациях.",поновити,Варто вміти правильно використовувати вираз «продовжити» в розмові.,"Цей вираз часто зустрічається в роботі, документах та повсякденних ситуаціях."
360,360,potwierdzenie,подтверждение,noun,Pojęcie „potwierdzenie” często pojawia się w codziennym życiu w Polsce.,Понятие «подтверждение» часто встречается в повседневной жизни в Польше.,"Warto dobrze rozumieć słowo „potwierdzenie”, bo jest praktyczne.","Стоит хорошо понимать слово «подтверждение», потому что оно практичное.",підтвердження,Поняття «підтвердження» часто зустрічається в повсякденному житті в Польщі.,"Варто добре розуміти слово «підтвердження», бо воно практичне."
361,361,podróż,путешествие,noun,Pojęcie „podróż” często pojawia się w codziennym życiu w Polsce.,Понятие «путешествие» часто встречается в повседневной жизни в Польше.,"Warto dobrze rozumieć słowo „podróż”, bo jest praktyczne.","Стоит хорошо понимать слово «путешествие», потому что оно практичное.",подорож,Поняття «подорож» часто зустрічається в повсякденному житті в Польщі.,"Варто добре розуміти слово «подорож», бо воно практичне."
362,362,wyjazd,"отъезд, поездка",noun,Pojęcie „wyjazd” często pojawia się w codziennym życiu w Polsce.,Понятие «отъезд» часто встречается в повседневной жизни в Польше.,"Warto dobrze rozumieć słowo „wyjazd”, bo jest praktyczne.","Стоит хорошо понимать слово «отъезд», потому что оно практичное.",виїзд,Поняття «виїзд» часто зустрічається в повсякденному житті в Польщі.,"Варто добре розуміти слово «виїзд», бо воно практичне."
363,363,przyjazd,приезд,noun,Pojęcie „przyjazd” często pojawia się w codziennym życiu w Polsce.,Понятие «приезд» часто встречается в повседневной жизни в Польше.,"Warto dobrze rozumieć słowo „przyjazd”, bo jest praktyczne.","Стоит хорошо понимать слово «приезд», потому что оно практичное.",приїзд,Поняття «приїзд» часто зустрічається в повсякденному житті в Польщі.,"Варто добре розуміти слово «приїзд», бо воно практичне."
364,364,trasa,маршрут,noun,Pojęcie „trasa” często pojawia się w codziennym życiu w Polsce.,Понятие «маршрут» часто встречается в повседневной жизни в Польше.,"Warto dobrze rozumieć słowo „trasa”, bo jest praktyczne.","Стоит хорошо понимать слово «маршрут», потому что оно практичное.",маршрут,Поняття «маршрут» часто зустрічається в повсякденному житті в Польщі.,"Варто добре розуміти слово «маршрут», бо воно практичне."
365,365,połączenie,"сообщение, соединение",noun,Pojęcie „połączenie” często pojawia się w codziennym życiu w Polsce.,Понятие «сообщение» часто встречается в повседневной жизни в Польше.,"Warto dobrze rozumieć słowo „połączenie”, bo jest praktyczne.","Стоит хорошо понимать слово «сообщение», потому что оно практичное.",сполучення,Поняття «сполучення» часто зустрічається в повсякденному житті в Польщі.,"Варто добре розуміти слово «сполучення», бо воно практичне."
366,366,przystanek,остановка,noun,Pojęcie „przystanek” często pojawia się w codziennym życiu w Polsce.,Понятие «остановка» часто встречается в повседневной жизни в Польше.,"Warto dobrze rozumieć słowo „przystanek”, bo jest praktyczne.","Стоит хорошо понимать слово «остановка», потому что оно практичное.",зупинка,Поняття «зупинка» часто зустрічається в повсякденному житті в Польщі.,"Варто добре розуміти слово «зупинка», бо воно практичне."
367,367,dworzec,вокзал,noun,Pojęcie „dworzec” często pojawia się w codziennym życiu w Polsce.,Понятие «вокзал» часто встречается в повседневной жизни в Польше.,"Warto dobrze rozumieć słowo „dworzec”, bo jest praktyczne.","Стоит хорошо понимать слово «вокзал», потому что оно практичное.",вокзал,Поняття «вокзал» часто зустрічається в повсякденному житті в Польщі.,"Варто добре розуміти слово «вокзал», бо воно практичне."
368,368,lotnisko,аэропорт,noun,Pojęcie „lotnisko” często pojawia się w codziennym życiu w Polsce.,Понятие «аэропорт» часто встречается в повседневной жизни в Польше.,"Warto dobrze rozumieć słowo „lotnisko”, bo jest praktyczne.","Стоит хорошо понимать слово «аэропорт», потому что оно практичное.",аеропорт,Поняття «аеропорт» часто зустрічається в повсякденному житті в Польщі.,"Варто добре розуміти слово «аеропорт», бо воно практичне."
369,369,opóźnienie,задержка,noun,Pojęcie „opóźnienie” często pojawia się w codziennym życiu w Polsce.,Понятие «задержка» часто встречается в повседневной жизни в Польше.,"Warto dobrze rozumieć słowo „opóźnienie”, bo jest praktyczne.","Стоит хорошо понимать слово «задержка», потому что оно практичное.",затримка,Поняття «затримка» часто зустрічається в повсякденному житті в Польщі.,"Варто добре розуміти слово «затримка», бо воно практичне."
370,370,rozkład jazdy,расписание,noun,Pojęcie „rozkład jazdy” często pojawia się w codziennym życiu w Polsce.,Понятие «расписание» часто встречается в повседневной жизни в Польше.,"Warto dobrze rozumieć słowo „rozkład jazdy”, bo jest praktyczne.","Стоит хорошо понимать слово «расписание», потому что оно практичное.",розклад руху,Поняття «розклад руху» часто зустрічається в повсякденному житті в Польщі.,"Варто добре розуміти слово «розклад руху», бо воно практичне."
371,371,bilet,билет,noun,Pojęcie „bilet” często pojawia się w codziennym życiu w Polsce.,Понятие «билет» часто встречается в повседневной жизни в Польше.,"Warto dobrze rozumieć słowo „bilet”, bo jest praktyczne.","Стоит хорошо понимать слово «билет», потому что оно практичное.",квиток,Поняття «квиток» часто зустрічається в повсякденному житті в Польщі.,"Варто добре розуміти слово «квиток», бо воно практичне."
372,372,kierowca,водитель,noun,Pojęcie „kierowca” często pojawia się w codziennym życiu w Polsce.,Понятие «водитель» часто встречается в повседневной жизни в Польше.,"Warto dobrze rozumieć słowo „kierowca”, bo jest praktyczne.","Стоит хорошо понимать слово «водитель», потому что оно практичное.",водій,Поняття «водій» часто зустрічається в повсякденному житті в Польщі.,"Варто добре розуміти слово «водій», бо воно практичне."
373,373,pasażer,пассажир,noun,Pojęcie „pasażer” często pojawia się w codziennym życiu w Polsce.,Понятие «пассажир» часто встречается в повседневной жизни в Польше.,"Warto dobrze rozumieć słowo „pasażer”, bo jest praktyczne.","Стоит хорошо понимать слово «пассажир», потому что оно практичное.",пасажир,Поняття «пасажир» часто зустрічається в повсякденному житті в Польщі.,"Варто добре розуміти слово «пасажир», бо воно практичне."
374,374,ruch drogowy,дорожное движение,noun,Pojęcie „ruch drogowy” często pojawia się w codziennym życiu w Polsce.,Понятие «дорожное движение» часто встречается в повседневной жизни в Польше.,"Warto dobrze rozumieć słowo „ruch drogowy”, bo jest praktyczne.","Стоит хорошо понимать слово «дорожное движение», потому что оно практичное.",дорожній рух,Поняття «дорожній рух» часто зустрічається в повсякденному житті в Польщі.,"Варто добре розуміти слово «дорожній рух», бо воно практичне."
375,375,wypadek,"авария, ДТП",noun,Pojęcie „wypadek” często pojawia się w codziennym życiu w Polsce.,Понятие «авария» часто встречается в повседневной жизни в Польше.,"Warto dobrze rozumieć słowo „wypadek”, bo jest praktyczne.","Стоит хорошо понимать слово «авария», потому что оно практичное.",аварія,Поняття «аварія» часто зустрічається в повсякденному житті в Польщі.,"Варто добре розуміти слово «аварія», бо воно практичне."
376,376,objazd,объезд,noun,Pojęcie „objazd” często pojawia się w codziennym życiu w Polsce.,Понятие «объезд» часто встречается в повседневной жизни в Польше.,"Warto dobrze rozumieć słowo „objazd”, bo jest praktyczne.","Стоит хорошо понимать слово «объезд», потому что оно практичное.",об'їзд,Поняття «об'їзд» часто зустрічається в повсякденному житті в Польщі.,"Варто добре розуміти слово «об'їзд», бо воно практичне."
377,377,parking,парковка,noun,Pojęcie „parking” często pojawia się w codziennym życiu w Polsce.,Понятие «парковка» часто встречается в повседневной жизни в Польше.,"Warto dobrze rozumieć słowo „parking”, bo jest praktyczne.","Стоит хорошо понимать слово «парковка», потому что оно практичное.",парковка,Поняття «парковка» часто зустрічається в повсякденному житті в Польщі.,"Варто добре розуміти слово «парковка», бо воно практичне."
378,378,stacja,станция,noun,Pojęcie „stacja” często pojawia się w codziennym życiu w Polsce.,Понятие «станция» часто встречается в повседневной жизни в Польше.,"Warto dobrze rozumieć słowo „stacja”, bo jest praktyczne.","Стоит хорошо понимать слово «станция», потому что оно практичное.",станція,Поняття «станція» часто зустрічається в повсякденному житті в Польщі.,"Варто добре розуміти слово «станція», бо воно практичне."
379,379,przesiadka,пересадка,noun,Pojęcie „przesiadka” często pojawia się w codziennym życiu w Polsce.,Понятие «пересадка» часто встречается в повседневной жизни в Польше.,"Warto dobrze rozumieć słowo „przesiadka”, bo jest praktyczne.","Стоит хорошо понимать слово «пересадка», потому что оно практичное.",пересадка,Поняття «пересадка» часто зустрічається в повсякденному житті в Польщі.,"Варто добре розуміти слово «пересадка», бо воно практичне."
380,380,korek,пробка,noun,Pojęcie „korek” często pojawia się w codziennym życiu w Polsce.,Понятие «пробка» часто встречается в повседневной жизни в Польше.,"Warto dobrze rozumieć słowo „korek”, bo jest praktyczne.","Стоит хорошо понимать слово «пробка», потому что оно практичное.",затор,Поняття «затор» часто зустрічається в повсякденному житті в Польщі.,"Варто добре розуміти слово «затор», бо воно практичне."
381,381,zakwaterowanie,проживание,noun,Pojęcie „zakwaterowanie” często pojawia się w codziennym życiu w Polsce.,Понятие «проживание» часто встречается в повседневной жизни в Польше.,"Warto dobrze rozumieć słowo „zakwaterowanie”, bo jest praktyczne.","Стоит хорошо понимать слово «проживание», потому что оно практичное.",проживання,Поняття «проживання» часто зустрічається в повсякденному житті в Польщі.,"Варто добре розуміти слово «проживання», бо воно практичне."
382,382,hotel,отель,noun,Pojęcie „hotel” często pojawia się w codziennym życiu w Polsce.,Понятие «отель» часто встречается в повседневной жизни в Польше.,"Warto dobrze rozumieć słowo „hotel”, bo jest praktyczne.","Стоит хорошо понимать слово «отель», потому что оно практичное.",готель,Поняття «готель» часто зустрічається в повсякденному житті в Польщі.,"Варто добре розуміти слово «готель», бо воно практичне."
383,383,rezerwacja,бронирование,noun,Pojęcie „rezerwacja” często pojawia się w codziennym życiu w Polsce.,Понятие «бронирование» часто встречается в повседневной жизни в Польше.,"Warto dobrze rozumieć słowo „rezerwacja”, bo jest praktyczne.","Стоит хорошо понимать слово «бронирование», потому что оно практичное.",бронювання,Поняття «бронювання» часто зустрічається в повсякденному житті в Польщі.,"Варто добре розуміти слово «бронювання», бо воно практичне."
384,384,gość,гость,noun,Pojęcie „gość” często pojawia się w codziennym życiu w Polsce.,Понятие «гость» часто встречается в повседневной жизни в Польше.,"Warto dobrze rozumieć słowo „gość”, bo jest praktyczne.","Стоит хорошо понимать слово «гость», потому что оно практичное.",гість,Поняття «гість» часто зустрічається в повсякденному житті в Польщі.,"Варто добре розуміти слово «гість», бо воно практичне."
385,385,recepcja,ресепшен,noun,Pojęcie „recepcja” często pojawia się w codziennym życiu w Polsce.,Понятие «ресепшен» часто встречается в повседневной жизни в Польше.,"Warto dobrze rozumieć słowo „recepcja”, bo jest praktyczne.","Стоит хорошо понимать слово «ресепшен», потому что оно практичное.",рецепція,Поняття «рецепція» часто зустрічається в повсякденному житті в Польщі.,"Варто добре розуміти слово «рецепція», бо воно практичне."
386,386,pokój,"номер, комната",noun,Pojęcie „pokój” często pojawia się w codziennym życiu w Polsce.,Понятие «номер» часто встречается в повседневной жизни в Польше.,"Warto dobrze rozumieć słowo „pokój”, bo jest praktyczne.","Стоит хорошо понимать слово «номер», потому что оно практичное.","номер, кімната",Поняття «номер» часто зустрічається в повсякденному житті в Польщі.,"Варто добре розуміти слово «номер», бо воно практичне."
387,387,nocleg,ночлег,noun,Pojęcie „nocleg” często pojawia się w codziennym życiu w Polsce.,Понятие «ночлег» часто встречается в повседневной жизни в Польше.,"Warto dobrze rozumieć słowo „nocleg”, bo jest praktyczne.","Стоит хорошо понимать слово «ночлег», потому что оно практичное.",нічліг,Поняття «нічліг» часто зустрічається в повсякденному житті в Польщі.,"Варто добре розуміти слово «нічліг», бо воно практичне."
388,388,nocować,ночевать,noun,Pojęcie „pobyt” często pojawia się w codziennym życiu w Polsce.,Понятие «пребывание» часто встречается в повседневной жизни в Польше.,"Warto dobrze rozumieć słowo „pobyt”, bo jest praktyczne.","Стоит хорошо понимать слово «пребывание», потому что оно практичное.",ночувати,Поняття «ночувати» часто зустрічається в повсякденному житті в Польщі.,"Варто добре розуміти слово «ночувати», бо воно практичне."
389,389,turysta,турист,noun,Pojęcie „turysta” często pojawia się w codziennym życiu w Polsce.,Понятие «турист» часто встречается в повседневной жизни в Польше.,"Warto dobrze rozumieć słowo „turysta”, bo jest praktyczne.","Стоит хорошо понимать слово «турист», потому что оно практичное.",турист,Поняття «турист» часто зустрічається в повсякденному житті в Польщі.,"Варто добре розуміти слово «турист», бо воно практичне."
390,390,zwiedzać,осматривать достопримечательности,verb,Warto umieć poprawnie używać wyrażenia „zwiedzać” w rozmowie.,Стоит уметь правильно использовать выражение «осматривать достопримечательности» в разговоре.,"To wyrażenie często pojawia się w pracy, dokumentach i codziennych sytuacjach.","Это выражение часто встречается на работе, в документах и повседневных ситуациях.",оглядати,Варто вміти правильно використовувати вираз «оглядати» в розмові.,"Цей вираз часто зустрічається в роботі, документах і повсякденних ситуаціях."
391,391,pogoda,погода,noun,Pojęcie „pogoda” często pojawia się w codziennym życiu w Polsce.,Понятие «погода» часто встречается в повседневной жизни в Польше.,"Warto dobrze rozumieć słowo „pogoda”, bo jest praktyczne.","Стоит хорошо понимать слово «погода», потому что оно практичное.",погода,Поняття «погода» часто зустрічається в повсякденному житті в Польщі.,"Варто добре розуміти слово «погода», бо воно практичне."
392,392,prognoza,прогноз,noun,Pojęcie „prognoza” często pojawia się w codziennym życiu w Polsce.,Понятие «прогноз» часто встречается в повседневной жизни в Польше.,"Warto dobrze rozumieć słowo „prognoza”, bo jest praktyczne.","Стоит хорошо понимать слово «прогноз», потому что оно практичное.",прогноз,Поняття «прогноз» часто зустрічається в повсякденному житті в Польщі.,"Варто добре розуміти слово «прогноз», бо воно практичне."
393,393,temperatura,температура,noun,Pojęcie „temperatura” często pojawia się w codziennym życiu w Polsce.,Понятие «температура» часто встречается в повседневной жизни в Польше.,"Warto dobrze rozumieć słowo „temperatura”, bo jest praktyczne.","Стоит хорошо понимать слово «температура», потому что оно практичное.",температура,Поняття «температура» часто зустрічається в повсякденному житті в Польщі.,"Варто добре розуміти слово «температура», бо воно практичне."
394,394,deszcz,дождь,noun,Pojęcie „deszcz” często pojawia się w codziennym życiu w Polsce.,Понятие «дождь» часто встречается в повседневной жизни в Польше.,"Warto dobrze rozumieć słowo „deszcz”, bo jest praktyczne.","Стоит хорошо понимать слово «дождь», потому что оно практичное.",дощ,Поняття «дощ» часто зустрічається в повсякденному житті в Польщі.,"Варто добре розуміти слово «дощ», бо воно практичне."
395,395,śnieg,снег,noun,Pojęcie „śnieg” często pojawia się w codziennym życiu w Polsce.,Понятие «снег» часто встречается в повседневной жизни в Польше.,"Warto dobrze rozumieć słowo „śnieg”, bo jest praktyczne.","Стоит хорошо понимать слово «снег», потому что оно практичное.",сніг,Поняття «сніг» часто зустрічається в повсякденному житті в Польщі.,"Варто добре розуміти слово «сніг», бо воно практичне."
396,396,wiatr,ветер,noun,Pojęcie „wiatr” często pojawia się w codziennym życiu w Polsce.,Понятие «ветер» часто встречается в повседневной жизни в Польше.,"Warto dobrze rozumieć słowo „wiatr”, bo jest praktyczne.","Стоит хорошо понимать слово «ветер», потому что оно практичное.",вітер,Поняття «вітер» часто зустрічається в повсякденному житті в Польщі.,"Варто добре розуміти слово «вітер», бо воно практичне."
397,397,burza,гроза,noun,Pojęcie „burza” często pojawia się w codziennym życiu w Polsce.,Понятие «гроза» часто встречается в повседневной жизни в Польше.,"Warto dobrze rozumieć słowo „burza”, bo jest praktyczne.","Стоит хорошо понимать слово «гроза», потому что оно практичное.",гроза,Поняття «гроза» часто зустрічається в повсякденному житті в Польщі.,"Варто добре розуміти слово «гроза», бо воно практичне."
398,398,słońce,солнце,noun,Pojęcie „słońce” często pojawia się w codziennym życiu w Polsce.,Понятие «солнце» часто встречается в повседневной жизни в Польше.,"Warto dobrze rozumieć słowo „słońce”, bo jest praktyczne.","Стоит хорошо понимать слово «солнце», потому что оно практичное.",сонце,Поняття «сонце» часто зустрічається в повсякденному житті в Польщі.,"Варто добре розуміти слово «сонце», бо воно практичне."
399,399,cień,тень,noun,Pojęcie „cień” często pojawia się w codziennym życiu w Polsce.,Понятие «тень» часто встречается в повседневной жизни в Польше.,"Warto dobrze rozumieć słowo „cień”, bo jest praktyczne.","Стоит хорошо понимать слово «тень», потому что оно практичное.",тінь,Поняття «тінь» часто зустрічається в повсякденному житті в Польщі.,"Варто добре розуміти слово «тінь», бо воно практичне."
400,400,klimat,климат,noun,Pojęcie „klimat” często pojawia się w codziennym życiu w Polsce.,Понятие «климат» часто встречается в повседневной жизни в Польше.,"Warto dobrze rozumieć słowo „klimat”, bo jest praktyczne.","Стоит хорошо понимать слово «климат», потому что оно практичное.",клімат,Поняття «клімат» часто зустрічається в повсякденному житті в Польщі.,"Варто добре розуміти слово «клімат», бо воно практичне."
401,401,zakupy,покупки,noun,Pojęcie „zakupy” często pojawia się w codziennym życiu w Polsce.,Понятие «покупки» часто встречается в повседневной жизни в Польше.,"Warto dobrze rozumieć słowo „zakupy”, bo jest praktyczne.","Стоит хорошо понимать слово «покупки», потому что оно практичное.",покупки,Поняття «покупки» часто зустрічається в повсякденному житті в Польщі.,"Варто добре розуміти слово «покупки», бо воно практичне."
402,402,produkt,"товар, продукт",noun,Pojęcie „produkt” często pojawia się w codziennym życiu w Polsce.,Понятие «товар» часто встречается в повседневной жизни в Польше.,"Warto dobrze rozumieć słowo „produkt”, bo jest praktyczne.","Стоит хорошо понимать слово «товар», потому что оно практичное.",продукт,Поняття «продукт» часто зустрічається в повсякденному житті в Польщі.,"Варто добре розуміти слово «продукт», бо воно практичне."
403,403,towar,товар,noun,Pojęcie „towar” często pojawia się w codziennym życiu w Polsce.,Понятие «товар» часто встречается в повседневной жизни в Польше.,"Warto dobrze rozumieć słowo „towar”, bo jest praktyczne.","Стоит хорошо понимать слово «товар», потому что оно практичное.",товар,Поняття «товар» часто зустрічається в повсякденному житті в Польщі.,"Варто добре розуміти слово «товар», бо воно практичне."
404,404,koszyk,корзина,noun,Pojęcie „koszyk” często pojawia się w codziennym życiu w Polsce.,Понятие «корзина» часто встречается в повседневной жизни в Польше.,"Warto dobrze rozumieć słowo „koszyk”, bo jest praktyczne.","Стоит хорошо понимать слово «корзина», потому что оно практичное.",кошик,Поняття «кошик» часто зустрічається в повсякденному житті в Польщі.,"Варто добре розуміти слово «кошик», бо воно практичне."
405,405,promocja,акция,noun,Pojęcie „promocja” często pojawia się w codziennym życiu w Polsce.,Понятие «акция» часто встречается в повседневной жизни в Польше.,"Warto dobrze rozumieć słowo „promocja”, bo jest praktyczne.","Стоит хорошо понимать слово «акция», потому что оно практичное.",акція,Поняття «акція» часто зустрічається в повсякденному житті в Польщі.,"Варто добре розуміти слово «акція», бо воно практичне."
406,406,zniżka,скидка,noun,Pojęcie „zniżka” często pojawia się w codziennym życiu w Polsce.,Понятие «скидка» часто встречается в повседневной жизни в Польше.,"Warto dobrze rozumieć słowo „zniżka”, bo jest praktyczne.","Стоит хорошо понимать слово «скидка», потому что оно практичное.",знижка,Поняття «знижка» часто зустрічається в повсякденному житті в Польщі.,"Варто добре розуміти слово «знижка», бо воно практичне."
407,407,cena,цена,noun,Pojęcie „cena” często pojawia się w codziennym życiu w Polsce.,Понятие «цена» часто встречается в повседневной жизни в Польше.,"Warto dobrze rozumieć słowo „cena”, bo jest praktyczne.","Стоит хорошо понимать слово «цена», потому что оно практичное.",ціна,Поняття «ціна» часто зустрічається в повсякденному житті в Польщі.,"Варто добре розуміти слово «ціна», бо воно практичне."
408,408,koszt,стоимость,noun,Pojęcie „wartość” często pojawia się w codziennym życiu w Polsce.,Понятие «ценность» часто встречается в повседневной жизни в Польше.,"Warto dobrze rozumieć słowo „wartość”, bo jest praktyczne.","Стоит хорошо понимать слово «ценность», потому что оно практичное.",вартість,Поняття «вартість» часто зустрічається в повсякденному житті в Польщі.,"Варто добре розуміти слово «вартість», бо воно практичне."
409,409,jakość,качество,noun,Pojęcie „jakość” często pojawia się w codziennym życiu w Polsce.,Понятие «качество» часто встречается в повседневной жизни в Польше.,"Warto dobrze rozumieć słowo „jakość”, bo jest praktyczne.","Стоит хорошо понимать слово «качество», потому что оно практичное.",якість,Поняття «якість» часто зустрічається в повсякденному житті в Польщі.,"Варто добре розуміти слово «якість», бо воно практичне."
410,410,wybór,выбор,noun,Pojęcie „wybór” często pojawia się w codziennym życiu w Polsce.,Понятие «выбор» часто встречается в повседневной жизни в Польше.,"Warto dobrze rozumieć słowo „wybór”, bo jest praktyczne.","Стоит хорошо понимать слово «выбор», потому что оно практичное.",вибір,Поняття «вибір» часто зустрічається в повсякденному житті в Польщі.,"Варто добре розуміти слово «вибір», бо воно практичне."
411,411,sprzedawca,продавец,noun,Pojęcie „sprzedawca” często pojawia się w codziennym życiu w Polsce.,Понятие «продавец» часто встречается в повседневной жизни в Польше.,"Warto dobrze rozumieć słowo „sprzedawca”, bo jest praktyczne.","Стоит хорошо понимать слово «продавец», потому что оно практичное.",продавець,Поняття «продавець» часто зустрічається в повсякденному житті в Польщі.,"Варто добре розуміти слово «продавець», бо воно практичне."
412,412,klient,клиент,noun,Pojęcie „klient” często pojawia się w codziennym życiu w Polsce.,Понятие «клиент» часто встречается в повседневной жизни в Польше.,"Warto dobrze rozumieć słowo „klient”, bo jest praktyczne.","Стоит хорошо понимать слово «клиент», потому что оно практичное.",клієнт,Поняття «клієнт» часто зустрічається в повсякденному житті в Польщі.,"Варто добре розуміти слово «клієнт», бо воно практичне."
413,413,sklep internetowy,интернет-магазин,noun,Pojęcie „sklep internetowy” często pojawia się w codziennym życiu w Polsce.,Понятие «интернет-магазин» часто встречается в повседневной жизни в Польше.,"Warto dobrze rozumieć słowo „sklep internetowy”, bo jest praktyczne.","Стоит хорошо понимать слово «интернет-магазин», потому что оно практичное.",інтернет-магазин,Поняття «інтернет-магазин» часто зустрічається в повсякденному житті в Польщі.,"Варто добре розуміти слово «інтернет-магазин», бо воно практичне."
414,414,stan magazynowy,остаток на складе,noun,Pojęcie „dostępność” często pojawia się w codziennym życiu w Polsce.,Понятие «наличие» часто встречается в повседневной жизни в Польше.,"Warto dobrze rozumieć słowo „dostępność”, bo jest praktyczne.","Стоит хорошо понимать слово «наличие», потому что оно практичное.",наявність на складі,Поняття «доступність» часто зустрічається в повсякденному житті в Польщі.,"Варто добре розуміти слово «доступність», бо воно практичне."
415,415,rezerwować,бронировать,noun,Pojęcie „zamówienie” często pojawia się w codziennym życiu w Polsce.,Понятие «заказ» часто встречается в повседневной жизни в Польше.,"Warto dobrze rozumieć słowo „zamówienie”, bo jest praktyczne.","Стоит хорошо понимать слово «заказ», потому что оно практичное.",бронювати,Поняття «замовлення» часто зустрічається в повсякденному житті в Польщі.,"Варто добре розуміти слово «замовлення», бо воно практичне."
416,416,zwrot,возврат,noun,Pojęcie „zwrot” często pojawia się w codziennym życiu w Polsce.,Понятие «возврат» часто встречается в повседневной жизни в Польше.,"Warto dobrze rozumieć słowo „zwrot”, bo jest praktyczne.","Стоит хорошо понимать слово «возврат», потому что оно практичное.",повернення,Поняття «повернення» часто зустрічається в повсякденному житті в Польщі.,"Варто добре розуміти слово «повернення», бо воно практичне."
417,417,gwarantować,гарантировать,noun,Pojęcie „reklamacja” często pojawia się w codziennym życiu w Polsce.,Понятие «претензия» часто встречается в повседневной жизни в Польше.,"Warto dobrze rozumieć słowo „reklamacja”, bo jest praktyczne.","Стоит хорошо понимать слово «претензия», потому что оно практичное.",гарантувати,Поняття «рекламація» часто зустрічається в повсякденному житті в Польщі.,"Варто добре розуміти слово «рекламація», бо воно практичне."
418,418,gotować,готовить,verb,Warto umieć poprawnie używać wyrażenia „gotować” w rozmowie.,Стоит уметь правильно использовать выражение «готовить» в разговоре.,"To wyrażenie często pojawia się w pracy, dokumentach i codziennych sytuacjach.","Это выражение часто встречается на работе, в документах и повседневных ситуациях.",готувати,Варто вміти правильно використовувати вираз «готувати» в розмові.,"Цей вираз часто зустрічається в роботі, документах і повсякденних ситуаціях."
419,419,przygotowywać,"подготавливать, готовить",verb,Warto umieć poprawnie używać wyrażenia „przygotowywać” w rozmowie.,Стоит уметь правильно использовать выражение «подготавливать» в разговоре.,"To wyrażenie często pojawia się w pracy, dokumentach i codziennych sytuacjach.","Это выражение часто встречается на работе, в документах и повседневных ситуациях.",готувати,Варто вміти правильно використовувати вираз «готувати» в розмові.,"Цей вираз часто зустрічається в роботі, документах і повсякденних ситуаціях."
420,420,posiłek,приём пищи,noun,Pojęcie „posiłek” często pojawia się w codziennym życiu w Polsce.,Понятие «приём пищи» часто встречается в повседневной жизни в Польше.,"Warto dobrze rozumieć słowo „posiłek”, bo jest praktyczne.","Стоит хорошо понимать слово «приём пищи», потому что оно практичное.",прийом їжі,Поняття «прийом їжі» часто зустрічається в повсякденному житті в Польщі.,"Варто добре розуміти слово «прийом їжі», бо воно практичне."
421,421,śniadanie,завтрак,noun,Pojęcie „śniadanie” często pojawia się w codziennym życiu w Polsce.,Понятие «завтрак» часто встречается в повседневной жизни в Польше.,"Warto dobrze rozumieć słowo „śniadanie”, bo jest praktyczne.","Стоит хорошо понимать слово «завтрак», потому что оно практичное.",сніданок,Поняття «сніданок» часто зустрічається в повсякденному житті в Польщі.,"Варто добре розуміти слово «сніданок», бо воно практичне."
422,422,obiad,обед,noun,Pojęcie „obiad” często pojawia się w codziennym życiu w Polsce.,Понятие «обед» часто встречается в повседневной жизни в Польше.,"Warto dobrze rozumieć słowo „obiad”, bo jest praktyczne.","Стоит хорошо понимать слово «обед», потому что оно практичное.",обід,Поняття «обід» часто зустрічається в повсякденному житті в Польщі.,"Варто добре розуміти слово «обід», бо воно практичне."
423,423,kolacja,ужин,noun,Pojęcie „kolacja” często pojawia się w codziennym życiu w Polsce.,Понятие «ужин» часто встречается в повседневной жизни в Польше.,"Warto dobrze rozumieć słowo „kolacja”, bo jest praktyczne.","Стоит хорошо понимать слово «ужин», потому что оно практичное.",вечеря,Поняття «вечеря» часто зустрічається в повсякденному житті в Польщі.,"Варто добре розуміти слово «вечеря», бо воно практичне."
424,424,instrukcja,инструкция,noun,Pojęcie „przepis” często pojawia się w codziennym życiu w Polsce.,Понятие «рецепт» часто встречается в повседневной жизни в Польше.,"Warto dobrze rozumieć słowo „przepis”, bo jest praktyczne.","Стоит хорошо понимать слово «рецепт», потому что оно практичное.",інструкція,Поняття «рецепт» часто зустрічається в повсякденному житті в Польщі.,"Варто добре розуміти слово «рецепт», бо воно практичне."
425,425,składnik,ингредиент,noun,Pojęcie „składnik” często pojawia się w codziennym życiu w Polsce.,Понятие «ингредиент» часто встречается в повседневной жизни в Польше.,"Warto dobrze rozumieć słowo „składnik”, bo jest praktyczne.","Стоит хорошо понимать слово «ингредиент», потому что оно практичное.",інгредієнт,Поняття «інгредієнт» часто зустрічається в повсякденному житті в Польщі.,"Варто добре розуміти слово «інгредієнт», бо воно практичне."
426,426,smak,вкус,noun,Pojęcie „smak” często pojawia się w codziennym życiu w Polsce.,Понятие «вкус» часто встречается в повседневной жизни в Польше.,"Warto dobrze rozumieć słowo „smak”, bo jest praktyczne.","Стоит хорошо понимать слово «вкус», потому что оно практичное.",смак,Поняття «смак» часто зустрічається в повсякденному житті в Польщі.,"Варто добре розуміти слово «смак», бо воно практичне."
427,427,świeży,свежий,adjective,Słowo „świeży” często pomaga dokładniej opisać sytuację.,Слово «свежий» часто помогает точнее описать ситуацию.,"To przydatne słowo w pracy, rozmowach i oficjalnych tekstach.","Это полезное слово в работе, разговорах и официальных текстах.",свіжий,Слово «свіжий» часто допомагає точніше описати ситуацію.,"Це корисне слово в роботі, розмовах та офіційних текстах."
428,428,mrożony,замороженный,adjective,Słowo „mrożony” często pomaga dokładniej opisać sytuację.,Слово «замороженный» часто помогает точнее описать ситуацию.,"To przydatne słowo w pracy, rozmowach i oficjalnych tekstach.","Это полезное слово в работе, разговорах и официальных текстах.",заморожений,Слово «заморожений» часто допомагає точніше описати ситуацію.,"Це корисне слово в роботі, розмовах та офіційних текстах."
429,429,zdrowy,здоровый,adjective,Słowo „zdrowy” często pomaga dokładniej opisać sytuację.,Слово «здоровый» часто помогает точнее описать ситуацию.,"To przydatne słowo w pracy, rozmowach i oficjalnych tekstach.","Это полезное слово в работе, разговорах и официальных текстах.",здоровий,Слово «здоровий» часто допомагає точніше описати ситуацію.,"Це корисне слово в роботі, розмовах та офіційних текстах."
430,430,niezdrowy,вредный для здоровья,adjective,Słowo „niezdrowy” często pomaga dokładniej opisać sytuację.,Слово «вредный для здоровья» часто помогает точнее описать ситуацию.,"To przydatne słowo w pracy, rozmowach i oficjalnych tekstach.","Это полезное слово в работе, разговорах и официальных текстах.",нездоровий,Слово «нездоровий» часто допомагає точніше описати ситуацію.,"Це корисне слово в роботі, розмовах та офіційних текстах."
431,431,warzywo,овощ,noun,Pojęcie „warzywo” często pojawia się w codziennym życiu w Polsce.,Понятие «овощ» часто встречается в повседневной жизни в Польше.,"Warto dobrze rozumieć słowo „warzywo”, bo jest praktyczne.","Стоит хорошо понимать слово «овощ», потому что оно практичное.",овоч,Поняття «овоч» часто зустрічається в повсякденному житті в Польщі.,"Варто добре розуміти слово «овоч», бо воно практичне."
432,432,owoc,фрукт,noun,Pojęcie „owoc” często pojawia się w codziennym życiu w Polsce.,Понятие «фрукт» часто встречается в повседневной жизни в Польше.,"Warto dobrze rozumieć słowo „owoc”, bo jest praktyczne.","Стоит хорошо понимать слово «фрукт», потому что оно практичное.",фрукт,Поняття «фрукт» часто зустрічається в повсякденному житті в Польщі.,"Варто добре розуміти слово «фрукт», бо воно практичне."
433,433,mięso,мясо,noun,Pojęcie „mięso” często pojawia się w codziennym życiu w Polsce.,Понятие «мясо» часто встречается в повседневной жизни в Польше.,"Warto dobrze rozumieć słowo „mięso”, bo jest praktyczne.","Стоит хорошо понимать слово «мясо», потому что оно практичное.",м'ясо,Поняття «м'ясо» часто зустрічається в повсякденному житті в Польщі.,"Варто добре розуміти слово «м'ясо», бо воно практичне."
434,434,nabiał,молочные продукты,noun,Pojęcie „nabiał” często pojawia się w codziennym życiu w Polsce.,Понятие «молочные продукты» часто встречается в повседневной жизни в Польше.,"Warto dobrze rozumieć słowo „nabiał”, bo jest praktyczne.","Стоит хорошо понимать слово «молочные продукты», потому что оно практичное.",молочні продукти,Поняття «молочні продукти» часто зустрічається в повсякденному житті в Польщі.,"Варто добре розуміти слово «молочні продукти», бо воно практичне."
435,435,pieczywo,хлебобулочные изделия,noun,Pojęcie „pieczywo” często pojawia się w codziennym życiu w Polsce.,Понятие «хлебобулочные изделия» часто встречается в повседневной жизни в Польше.,"Warto dobrze rozumieć słowo „pieczywo”, bo jest praktyczne.","Стоит хорошо понимать слово «хлебобулочные изделия», потому что оно практичное.",хлібобулочні вироби,Поняття «хлібобулочні вироби» часто зустрічається в повсякденному житті в Польщі.,"Варто добре розуміти слово «хлібобулочні вироби», бо воно практичне."
436,436,napój,напиток,noun,Pojęcie „napój” często pojawia się w codziennym życiu w Polsce.,Понятие «напиток» часто встречается в повседневной жизни в Польше.,"Warto dobrze rozumieć słowo „napój”, bo jest praktyczne.","Стоит хорошо понимать слово «напиток», потому что оно практичное.",напій,Поняття «напій» часто зустрічається в повсякденному житті в Польщі.,"Варто добре розуміти слово «напій», бо воно практичне."
437,437,woda,вода,noun,Pojęcie „woda” często pojawia się w codziennym życiu w Polsce.,Понятие «вода» часто встречается в повседневной жизни в Польше.,"Warto dobrze rozumieć słowo „woda”, bo jest praktyczne.","Стоит хорошо понимать слово «вода», потому что оно практичное.",вода,Поняття «вода» часто зустрічається в повсякденному житті в Польщі.,"Варто добре розуміти слово «вода», бо воно практичне."
438,438,kawa,кофе,noun,Pojęcie „kawa” często pojawia się w codziennym życiu w Polsce.,Понятие «кофе» часто встречается в повседневной жизни в Польше.,"Warto dobrze rozumieć słowo „kawa”, bo jest praktyczne.","Стоит хорошо понимать слово «кофе», потому что оно практичное.",кава,Поняття «кава» часто зустрічається в повсякденному житті в Польщі.,"Варто добре розуміти слово «кава», бо воно практичне."
439,439,herbata,чай,noun,Pojęcie „herbata” często pojawia się w codziennym życiu w Polsce.,Понятие «чай» часто встречается в повседневной жизни в Польше.,"Warto dobrze rozumieć słowo „herbata”, bo jest praktyczne.","Стоит хорошо понимать слово «чай», потому что оно практичное.",чай,Поняття «чай» часто зустрічається в повсякденному житті в Польщі.,"Варто добре розуміти слово «чай», бо воно практичне."
440,440,sok,сок,noun,Pojęcie „sok” często pojawia się w codziennym życiu w Polsce.,Понятие «сок» часто встречается в повседневной жизни в Польше.,"Warto dobrze rozumieć słowo „sok”, bo jest praktyczne.","Стоит хорошо понимать слово «сок», потому что оно практичное.",сік,Поняття «сік» часто зустрічається в повсякденному житті в Польщі.,"Варто добре розуміти слово «сік», бо воно практичне."
441,441,cukier,сахар,noun,Do herbaty nie dodaję cukru.,Я не добавляю сахар в чай.,Lekarz zalecił ograniczyć cukier w diecie.,Врач рекомендовал сократить сахар в рационе.,цукор,Я не додаю цукру до чаю.,Лікар порадив обмежити цукор у дієті.
442,442,sól,соль,noun,W tej potrawie jest za dużo soli.,В этом блюде слишком много соли.,Staram się jeść mniej soli.,Я стараюсь есть меньше соли.,сіль,У цій страві забагато солі.,Я намагаюся їсти менше солі.
443,443,śniadanie na wynos,завтрак навынос,noun,Kupiłem śniadanie na wynos przed pracą.,Я купил завтрак навынос перед работой.,Ta kawiarnia oferuje śniadania na wynos.,Это кафе предлагает завтраки навынос.,сніданок на винос,Я купив сніданок на винос перед роботою.,Ця кав'ярня пропонує сніданки на винос.
444,444,restauracja,ресторан,noun,Wieczorem idziemy do restauracji.,Вечером мы идём в ресторан.,Ta restauracja serwuje dania kuchni włoskiej.,Этот ресторан подаёт блюда итальянской кухни.,ресторан,Увечері ми йдемо до ресторану.,Цей ресторан подає страви італійської кухні.
445,445,kawiarnia,кафе,noun,Spotkajmy się w kawiarni obok biura.,Давай встретимся в кафе рядом с офисом.,To moja ulubiona kawiarnia w Warszawie.,Это моё любимое кафе в Варшаве.,кав'ярня,Зустрінемося в кав'ярні біля офісу.,Це моя улюблена кав'ярня у Варшаві.
446,446,kelner,официант,noun,Kelner przyniósł nam menu.,Официант принёс нам меню.,Poprosiliśmy kelnera o rachunek.,Мы попросили официанта принести счёт.,офіціант,Офіціант приніс нам меню.,Ми попросили офіціанта рахунок.
447,447,menu,меню,noun,Sprawdziłem menu przed wizytą w restauracji.,Я посмотрел меню перед посещением ресторана.,W menu pojawiły się nowe dania.,В меню появились новые блюда.,меню,Я перевірив меню перед візитом до ресторану.,У меню з'явилися нові страви.
448,448,zamawiać,заказывать,verb,Często zamawiam jedzenie przez internet.,Я часто заказываю еду через интернет.,Chcemy zamówić stolik na wieczór.,Мы хотим забронировать столик на вечер.,замовляти,Я часто замовляю їжу через інтернет.,Ми хочемо замовити столик на вечір.
449,449,paragon,кассовый чек,noun,Poproszę rachunek.,"Пожалуйста, счёт.",Rachunek okazał się niższy niż oczekiwaliśmy.,"Счёт оказался ниже, чем мы ожидали.",рахунок,"Будь ласка, рахунок.","Рахунок виявився нижчим, ніж ми очікували."
450,450,napiwek,чаевые,noun,Zostawiłem kelnerowi napiwek.,Я оставил официанту чаевые.,W Polsce napiwek nie jest obowiązkowy.,В Польше чаевые не обязательны.,чайові,Я залишив офіціанту чайові.,У Польщі чайові не є обов'язковими.
451,451,sprzątać,убирать,verb,Muszę dziś posprzątać mieszkanie.,Мне нужно сегодня убрать квартиру.,Sprzątamy dom przed przyjazdem gości.,Мы убираем дом перед приездом гостей.,прибирати,Мені потрібно сьогодні прибрати квартиру.,Ми прибираємо будинок перед приїздом гостей.
452,452,czyścić,чистить,verb,Regularnie czyszczę ekspres do kawy.,Я регулярно чищу кофемашину.,Trzeba wyczyścić okna po zimie.,Нужно помыть окна после зимы.,чистити,Я регулярно чищу кавоварку.,Потрібно вичистити вікна після зими.
453,453,naprawiać,ремонтировать,verb,Mechanik naprawia samochód.,Механик ремонтирует автомобиль.,Nie opłaca się już naprawiać tego sprzętu.,Этот прибор уже невыгодно ремонтировать.,ремонтувати,Механік ремонтує автомобіль.,Вже не варто ремонтувати це обладнання.
454,454,prać,стирать,verb,Muszę wyprać ubrania.,Мне нужно постирать одежду.,Pralka właśnie pierze pościel.,Стиральная машина сейчас стирает постельное бельё.,прати,Мені потрібно випрати одяг.,Пральна машина саме пере білизну.
455,455,prasować,гладить,verb,Nie lubię prasować koszul.,Я не люблю гладить рубашки.,Przed spotkaniem wyprasowałem marynarkę.,Перед встречей я погладил пиджак.,прасувати,Я не люблю прасувати сорочки.,Перед зустріччю я випрасував піджак.
456,456,odkurzać,пылесосить,verb,Odkurzam mieszkanie dwa razy w tygodniu.,Я пылесошу квартиру два раза в неделю.,Robot pomaga nam odkurzać podłogi.,Робот помогает нам пылесосить полы.,пилососити,Я пилосошу квартиру двічі на тиждень.,Робот допомагає нам пилососити підлогу.
457,457,przeprowadzać się,переезжать,verb,Planujemy przeprowadzić się do większego mieszkania.,Мы планируем переехать в квартиру побольше.,Przeprowadzka do nowego miasta była dużą zmianą.,Переезд в новый город был большим изменением.,переїжджати,Ми плануємо переїхати до більшої квартири.,Переїзд до нового міста був великою зміною.
458,458,wynajmować,арендовать,verb,Obecnie wynajmujemy mieszkanie w Warszawie.,Сейчас мы арендуем квартиру в Варшаве.,Wiele osób wynajmuje mieszkania studentom.,Многие сдают квартиры студентам.,орендувати,Зараз ми орендуємо квартиру у Варшаві.,Багато людей здають квартири студентам.
459,459,kupować,покупать,verb,Kupuję większość rzeczy przez internet.,Я покупаю большинство вещей через интернет.,Nie warto kupować rzeczy pod wpływem emocji.,Не стоит покупать вещи под влиянием эмоций.,купувати,Я купую більшість речей через інтернет.,Не варто купувати речі під впливом емоцій.
460,460,sprzedawać,продавать,verb,Firma sprzedaje swoje produkty w całej Europie.,Компания продаёт свои товары по всей Европе.,Chcemy sprzedać stary samochód.,Мы хотим продать старый автомобиль.,продавати,Компанія продає свої товари по всій Європі.,Ми хочемо продати старий автомобіль.
461,461,mieszkaniec,житель,noun,Pojęcie „mieszkaniec” często pojawia się w codziennym życiu w Polsce.,Понятие «житель» часто встречается в повседневной жизни в Польше.,"Warto dobrze rozumieć słowo „mieszkaniec”, bo jest praktyczne.","Стоит хорошо понимать слово «житель», потому что оно практичное.",мешканець,Поняття «мешканець» часто зустрічається в повсякденному житті в Польщі.,"Варто добре розуміти слово «мешканець», бо воно практичне."
462,462,budynek,здание,noun,Pojęcie „budynek” często pojawia się w codziennym życiu w Polsce.,Понятие «здание» часто встречается в повседневной жизни в Польше.,"Warto dobrze rozumieć słowo „budynek”, bo jest praktyczne.","Стоит хорошо понимать слово «здание», потому что оно практичное.",будівля,Поняття «будівля» часто зустрічається в повсякденному житті в Польщі.,"Варто добре розуміти слово «будівля», бо воно практичне."
463,463,piętro,этаж,noun,Pojęcie „piętro” często pojawia się w codziennym życiu w Polsce.,Понятие «этаж» часто встречается в повседневной жизни в Польше.,"Warto dobrze rozumieć słowo „piętro”, bo jest praktyczne.","Стоит хорошо понимать слово «этаж», потому что оно практичное.",поверх,Поняття «поверх» часто зустрічається в повсякденному житті в Польщі.,"Варто добре розуміти слово «поверх», бо воно практичне."
464,464,winda,лифт,noun,Pojęcie „winda” często pojawia się w codziennym życiu w Polsce.,Понятие «лифт» часто встречается в повседневной жизни в Польше.,"Warto dobrze rozumieć słowo „winda”, bo jest praktyczne.","Стоит хорошо понимать слово «лифт», потому что оно практичное.",ліфт,Поняття «ліфт» часто зустрічається в повсякденному житті в Польщі.,"Варто добре розуміти слово «ліфт», бо воно практичне."
465,465,schody,лестница,noun,Pojęcie „schody” często pojawia się w codziennym życiu w Polsce.,Понятие «лестница» часто встречается в повседневной жизни в Польше.,"Warto dobrze rozumieć słowo „schody”, bo jest praktyczne.","Стоит хорошо понимать слово «лестница», потому что оно практичное.",сходи,Поняття «сходи» часто зустрічається в повсякденному житті в Польщі.,"Варто добре розуміти слово «сходи», бо воно практичне."
466,466,drzwi,дверь,noun,Pojęcie „drzwi” często pojawia się w codziennym życiu w Polsce.,Понятие «дверь» часто встречается в повседневной жизни в Польше.,"Warto dobrze rozumieć słowo „drzwi”, bo jest praktyczne.","Стоит хорошо понимать слово «дверь», потому что оно практичное.",двері,Поняття «двері» часто зустрічається в повсякденному житті в Польщі.,"Варто добре розуміти слово «двері», бо воно практичне."
467,467,okno,окно,noun,Pojęcie „okno” często pojawia się w codziennym życiu w Polsce.,Понятие «окно» часто встречается в повседневной жизни в Польше.,"Warto dobrze rozumieć słowo „okno”, bo jest praktyczne.","Стоит хорошо понимать слово «окно», потому что оно практичное.",вікно,Поняття «вікно» часто зустрічається в повсякденному житті в Польщі.,"Варто добре розуміти слово «вікно», бо воно практичне."
468,468,balkon,балкон,noun,Pojęcie „balkon” często pojawia się w codziennym życiu w Polsce.,Понятие «балкон» часто встречается в повседневной жизни в Польше.,"Warto dobrze rozumieć słowo „balkon”, bo jest praktyczne.","Стоит хорошо понимать слово «балкон», потому что оно практичное.",балкон,Поняття «балкон» часто зустрічається в повсякденному житті в Польщі.,"Варто добре розуміти слово «балкон», бо воно практичне."
469,469,ogrzewanie,отопление,noun,Pojęcie „ogrzewanie” często pojawia się w codziennym życiu w Polsce.,Понятие «отопление» часто встречается в повседневной жизни в Польше.,"Warto dobrze rozumieć słowo „ogrzewanie”, bo jest praktyczne.","Стоит хорошо понимать слово «отопление», потому что оно практичное.",опалення,Поняття «опалення» часто зустрічається в повсякденному житті в Польщі.,"Варто добре розуміти слово «опалення», бо воно практичне."
470,470,prąd,электричество,noun,Pojęcie „prąd” często pojawia się w codziennym życiu w Polsce.,Понятие «электричество» часто встречается в повседневной жизни в Польше.,"Warto dobrze rozumieć słowo „prąd”, bo jest praktyczne.","Стоит хорошо понимать слово «электричество», потому что оно практичное.",електрика,Поняття «електрика» часто зустрічається в повсякденному житті в Польщі.,"Варто добре розуміти слово «електрика», бо воно практичне."
471,471,internet,интернет,noun,Pojęcie „internet” często pojawia się w codziennym życiu w Polsce.,Понятие «интернет» часто встречается в повседневной жизни в Польше.,"Warto dobrze rozumieć słowo „internet”, bo jest praktyczne.","Стоит хорошо понимать слово «интернет», потому что оно практичное.",інтернет,Поняття «інтернет» часто зустрічається в повсякденному житті в Польщі.,"Варто добре розуміти слово «інтернет», бо воно практичне."
472,472,sieć,сеть,noun,Pojęcie „sieć” często pojawia się w codziennym życiu w Polsce.,Понятие «сеть» часто встречается в повседневной жизни в Польше.,"Warto dobrze rozumieć słowo „sieć”, bo jest praktyczne.","Стоит хорошо понимать слово «сеть», потому что оно практичное.",мережа,Поняття «мережа» часто зустрічається в повсякденному житті в Польщі.,"Варто добре розуміти слово «мережа», бо воно практичне."
473,473,hasło,пароль,noun,Pojęcie „hasło” często pojawia się w codziennym życiu w Polsce.,Понятие «пароль» часто встречается в повседневной жизни в Польше.,"Warto dobrze rozumieć słowo „hasło”, bo jest praktyczne.","Стоит хорошо понимать слово «пароль», потому что оно практичное.",пароль,Поняття «пароль» часто зустрічається в повсякденному житті в Польщі.,"Варто добре розуміти слово «пароль», бо воно практичне."
474,474,użytkownik,пользователь,noun,Pojęcie „użytkownik” często pojawia się w codziennym życiu w Polsce.,Понятие «пользователь» часто встречается в повседневной жизни в Польше.,"Warto dobrze rozumieć słowo „użytkownik”, bo jest praktyczne.","Стоит хорошо понимать слово «пользователь», потому что оно практичное.",користувач,Поняття «користувач» часто зустрічається в повсякденному житті в Польщі.,"Варто добре розуміти слово «користувач», бо воно практичне."
475,475,konto,"аккаунт, счёт",noun,Pojęcie „konto” często pojawia się w codziennym życiu w Polsce.,Понятие «аккаунт» часто встречается в повседневной жизни в Польше.,"Warto dobrze rozumieć słowo „konto”, bo jest praktyczne.","Стоит хорошо понимать слово «аккаунт», потому что оно практичное.",обліковий запис,Поняття «обліковий запис» часто зустрічається в повсякденному житті в Польщі.,"Варто добре розуміти слово «обліковий запис», бо воно практичне."
476,476,logować się,входить в систему,verb,Warto umieć poprawnie używać wyrażenia „logować się” w rozmowie.,Стоит уметь правильно использовать выражение «входить в систему» в разговоре.,"To wyrażenie często pojawia się w pracy, dokumentach i codziennych sytuacjach.","Это выражение часто встречается на работе, в документах и повседневных ситуациях.",входити в систему,Варто вміти правильно використовувати вираз «входити в систему» в розмові.,"Цей вираз часто зустрічається в роботі, документах і повсякденних ситуаціях."
477,477,pobierać,скачивать,verb,Warto umieć poprawnie używać wyrażenia „pobierać” w rozmowie.,Стоит уметь правильно использовать выражение «скачивать» в разговоре.,"To wyrażenie często pojawia się w pracy, dokumentach i codziennych sytuacjach.","Это выражение часто встречается на работе, в документах и повседневных ситуациях.",завантажувати,Варто вміти правильно використовувати вираз «завантажувати» в розмові.,"Цей вираз часто зустрічається в роботі, документах і повсякденних ситуаціях."
478,478,aktualizacja,обновление,noun,Pojęcie „aktualizacja” często pojawia się w codziennym życiu w Polsce.,Понятие «обновление» часто встречается в повседневной жизни в Польше.,"Warto dobrze rozumieć słowo „aktualizacja”, bo jest praktyczne.","Стоит хорошо понимать слово «обновление», потому что оно практичное.",оновлення,Поняття «оновлення» часто зустрічається в повсякденному житті в Польщі.,"Варто добре розуміти слово «оновлення», бо воно практичне."
479,479,urządzenie,устройство,noun,Pojęcie „urządzenie” często pojawia się w codziennym życiu w Polsce.,Понятие «устройство» часто встречается в повседневной жизни в Польше.,"Warto dobrze rozumieć słowo „urządzenie”, bo jest praktyczne.","Стоит хорошо понимать слово «устройство», потому что оно практичное.",пристрій,Поняття «пристрій» часто зустрічається в повсякденному житті в Польщі.,"Варто добре розуміти слово «пристрій», бо воно практичне."
480,480,awaria techniczna,техническая неисправность,noun,Pojęcie „awaria techniczna” często pojawia się w codziennym życiu w Polsce.,Понятие «техническая неисправность» часто встречается в повседневной жизни в Польше.,"Warto dobrze rozumieć słowo „awaria techniczna”, bo jest praktyczne.","Стоит хорошо понимать слово «техническая неисправность», потому что оно практичное.",технічна несправність,Поняття «технічна несправність» часто зустрічається в повсякденному житті в Польщі.,"Варто добре розуміти слово «технічна несправність», бо воно практичне."
481,481,telefon komórkowy,мобильный телефон,noun,Pojęcie „telefon komórkowy” często pojawia się w codziennym życiu w Polsce.,Понятие «мобильный телефон» часто встречается в повседневной жизни в Польше.,"Warto dobrze rozumieć słowo „telefon komórkowy”, bo jest praktyczne.","Стоит хорошо понимать слово «мобильный телефон», потому что оно практичное.",мобільний телефон,Поняття «мобільний телефон» часто зустрічається в повсякденному житті в Польщі.,"Варто добре розуміти слово «мобільний телефон», бо воно практичне."
482,482,ładowarka,зарядное устройство,noun,Pojęcie „ładowarka” często pojawia się w codziennym życiu w Polsce.,Понятие «зарядное устройство» часто встречается в повседневной жизни в Польше.,"Warto dobrze rozumieć słowo „ładowarka”, bo jest praktyczne.","Стоит хорошо понимать слово «зарядное устройство», потому что оно практичное.",зарядний пристрій,Поняття «зарядний пристрій» часто зустрічається в повсякденному житті в Польщі.,"Варто добре розуміти слово «зарядний пристрій», бо воно практичне."
483,483,bateria,батарея,noun,Pojęcie „bateria” często pojawia się w codziennym życiu w Polsce.,Понятие «батарея» часто встречается в повседневной жизни в Польше.,"Warto dobrze rozumieć słowo „bateria”, bo jest praktyczne.","Стоит хорошо понимать слово «батарея», потому что оно практичное.",батарея,Поняття «батарея» часто зустрічається в повсякденному житті в Польщі.,"Варто добре розуміти слово «батарея», бо воно практичне."
484,484,wiadomość,сообщение,noun,Pojęcie „wiadomość” często pojawia się w codziennym życiu w Polsce.,Понятие «сообщение» часто встречается в повседневной жизни в Польше.,"Warto dobrze rozumieć słowo „wiadomość”, bo jest praktyczne.","Стоит хорошо понимать слово «сообщение», потому что оно практичное.",повідомлення,Поняття «повідомлення» часто зустрічається в повсякденному житті в Польщі.,"Варто добре розуміти слово «повідомлення», бо воно практичне."
485,485,połączenie telefoniczne,телефонный звонок,noun,Pojęcie „połączenie telefoniczne” często pojawia się w codziennym życiu w Polsce.,Понятие «телефонный звонок» часто встречается в повседневной жизни в Польше.,"Warto dobrze rozumieć słowo „połączenie telefoniczne”, bo jest praktyczne.","Стоит хорошо понимать слово «телефонный звонок», потому что оно практичное.",телефонний дзвінок,Поняття «телефонний дзвінок» часто зустрічається в повсякденному житті в Польщі.,"Варто добре розуміти слово «телефонний дзвінок», бо воно практичне."
486,486,usługa,услуга,noun,Pojęcie „usługa” często pojawia się w codziennym życiu w Polsce.,Понятие «услуга» часто встречается в повседневной жизни в Польше.,"Warto dobrze rozumieć słowo „usługa”, bo jest praktyczne.","Стоит хорошо понимать слово «услуга», потому что оно практичное.",послуга,Поняття «послуга» часто зустрічається в повсякденному житті в Польщі.,"Варто добре розуміти слово «послуга», бо воно практичне."
487,487,serwis,сервис,noun,Pojęcie „serwis” często pojawia się w codziennym życiu w Polsce.,Понятие «сервис» часто встречается в повседневной жизни в Польше.,"Warto dobrze rozumieć słowo „serwis”, bo jest praktyczne.","Стоит хорошо понимать слово «сервис», потому что оно практичное.",сервіс,Поняття «сервіс» часто зустрічається в повсякденному житті в Польщі.,"Варто добре розуміти слово «сервіс», бо воно практичне."
488,488,zgłoszenie awarii,сообщение о неисправности,noun,Pojęcie „zgłoszenie awarii” często pojawia się w codziennym życiu w Polsce.,Понятие «сообщение о неисправности» часто встречается в повседневной жизни в Польше.,"Warto dobrze rozumieć słowo „zgłoszenie awarii”, bo jest praktyczne.","Стоит хорошо понимать слово «сообщение о неисправности», потому что оно практичное.",повідомлення про несправність,Поняття «повідомлення про несправність» часто зустрічається в повсякденному житті в Польщі.,"Варто добре розуміти слово «повідомлення про несправність», бо воно практичне."
489,489,naprawa gwarancyjna,гарантийный ремонт,noun,Pojęcie „naprawa gwarancyjna” często pojawia się w codziennym życiu w Polsce.,Понятие «гарантийный ремонт» часто встречается в повседневной жизни в Польше.,"Warto dobrze rozumieć słowo „naprawa gwarancyjna”, bo jest praktyczne.","Стоит хорошо понимать слово «гарантийный ремонт», потому что оно практичное.",гарантійний ремонт,Поняття «гарантійний ремонт» часто зустрічається в повсякденному житті в Польщі.,"Варто добре розуміти слово «гарантійний ремонт», бо воно практичне."
490,490,rachunek za media,счёт за коммунальные услуги,noun,Pojęcie „rachunek za media” często pojawia się w codziennym życiu w Polsce.,Понятие «счёт за коммунальные услуги» часто встречается в повседневной жизни в Польше.,"Warto dobrze rozumieć słowo „rachunek za media”, bo jest praktyczne.","Стоит хорошо понимать слово «счёт за коммунальные услуги», потому что оно практичное.",рахунок за комунальні послуги,Поняття «рахунок за комунальні послуги» часто зустрічається в повсякденному житті в Польщі.,"Варто добре розуміти слово «рахунок за комунальні послуги», бо воно практичне."
491,491,dostawca,поставщик,noun,Pojęcie „dostawca” często pojawia się w codziennym życiu w Polsce.,Понятие «поставщик» часто встречается в повседневной жизни в Польше.,"Warto dobrze rozumieć słowo „dostawca”, bo jest praktyczne.","Стоит хорошо понимать слово «поставщик», потому что оно практичное.",постачальник,Поняття «постачальник» часто зустрічається в повсякденному житті в Польщі.,"Варто добре розуміти слово «постачальник», бо воно практичне."
492,492,porozumienie stron,соглашение сторон,noun,Pojęcie „umowa” często pojawia się w codziennym życiu w Polsce.,Понятие «договор» часто встречается в повседневной жизни в Польше.,"Warto dobrze rozumieć słowo „umowa”, bo jest praktyczne.","Стоит хорошо понимать слово «договор», потому что оно практичное.",угода сторін,Поняття «договір» часто зустрічається в повсякденному житті в Польщі.,"Варто добре розуміти слово «договір», бо воно практичне."
493,493,wypowiedzenie,расторжение договора,noun,Pojęcie „wypowiedzenie” często pojawia się w codziennym życiu w Polsce.,Понятие «расторжение договора» часто встречается в повседневной жизни в Польше.,"Warto dobrze rozumieć słowo „wypowiedzenie”, bo jest praktyczne.","Стоит хорошо понимать слово «расторжение договора», потому что оно практичное.",розірвання договору,Поняття «розірвання договору» часто зустрічається в повсякденному житті в Польщі.,"Варто добре розуміти слово «розірвання договору», бо воно практичне."
494,494,abonament,абонемент,noun,Pojęcie „abonament” często pojawia się w codziennym życiu w Polsce.,Понятие «абонемент» часто встречается в повседневной жизни в Польше.,"Warto dobrze rozumieć słowo „abonament”, bo jest praktyczne.","Стоит хорошо понимать слово «абонемент», потому что оно практичное.",абонемент,Поняття «абонемент» часто зустрічається в повсякденному житті в Польщі.,"Варто добре розуміти слово «абонемент», бо воно практичне."
495,495,komunikować się,общаться,verb,Warto umieć poprawnie używać wyrażenia „kontaktować się” w rozmowie.,Стоит уметь правильно использовать выражение «связываться» в разговоре.,"To wyrażenie często pojawia się w pracy, dokumentach i codziennych sytuacjach.","Это выражение часто встречается на работе, в документах и повседневных ситуациях.",спілкуватися,Варто вміти правильно використовувати вираз «зв'язуватися» в розмові.,"Цей вираз часто зустрічається в роботі, документах і повсякденних ситуаціях."
496,496,odpowiadać,отвечать,verb,Warto umieć poprawnie używać wyrażenia „odpowiadać” w rozmowie.,Стоит уметь правильно использовать выражение «отвечать» в разговоре.,"To wyrażenie często pojawia się w pracy, dokumentach i codziennych sytuacjach.","Это выражение часто встречается на работе, в документах и повседневных ситуациях.",відповідати,Варто вміти правильно використовувати вираз «відповідати» в розмові.,"Цей вираз часто зустрічається в роботі, документах і повсякденних ситуаціях."
497,497,rozwiązać problem,решить проблему,verb,Warto umieć poprawnie używać wyrażenia „rozwiązać problem” w rozmowie.,Стоит уметь правильно использовать выражение «решить проблему» в разговоре.,"To wyrażenie często pojawia się w pracy, dokumentach i codziennych sytuacjach.","Это выражение часто встречается на работе, в документах и повседневных ситуациях.",вирішити проблему,Варто вміти правильно використовувати вираз «вирішити проблему» в розмові.,"Цей вираз часто зустрічається в роботі, документах і повсякденних ситуаціях."
498,498,działać,"работать, функционировать",verb,Warto umieć poprawnie używać wyrażenia „działać” w rozmowie.,Стоит уметь правильно использовать выражение «работать» в разговоре.,"To wyrażenie często pojawia się w pracy, dokumentach i codziennych sytuacjach.","Это выражение часто встречается на работе, в документах и повседневных ситуациях.",працювати,Варто вміти правильно використовувати вираз «працювати» в розмові.,"Цей вираз часто зустрічається в роботі, документах і повсякденних ситуаціях."
499,499,przestać działać,перестать работать,verb,Warto umieć poprawnie używać wyrażenia „przestać działać” w rozmowie.,Стоит уметь правильно использовать выражение «перестать работать» в разговоре.,"To wyrażenie często pojawia się w pracy, dokumentach i codziennych sytuacjach.","Это выражение часто встречается на работе, в документах и повседневных ситуациях.",перестати працювати,Варто вміти правильно використовувати вираз «перестати працювати» в розмові.,"Цей вираз часто зустрічається в роботі, документах і повсякденних ситуаціях."
500,500,alternatywa,альтернатива,noun,Pojęcie „rozwiązanie” często pojawia się w codziennym życiu w Polsce.,Понятие «решение» часто встречается в повседневной жизни в Польше.,"Warto dobrze rozumieć słowo „rozwiązanie”, bo jest praktyczne.","Стоит хорошо понимать слово «решение», потому что оно практичное.",альтернатива,Поняття «рішення» часто зустрічається в повсякденному житті в Польщі.,"Варто добре розуміти слово «рішення», бо воно практичне."
501,501,zespół,команда,noun,Nasz zespół pracuje nad nowym projektem.,Наша команда работает над новым проектом.,W zespole ważna jest dobra komunikacja.,В команде важна хорошая коммуникация.,команда,Наша команда працює над новим проєктом.,У команді важлива хороша комунікація.
502,502,partnerstwo,партнерство,noun,Dobra współpraca zwiększa efektywność pracy.,Хорошее сотрудничество повышает эффективность работы.,Liczymy na dalszą współpracę.,Мы рассчитываем на дальнейшее сотрудничество.,партнерство,Добра співпраця підвищує ефективність роботи.,Ми розраховуємо на подальшу співпрацю.
503,503,partner,партнёр,noun,Firma znalazła nowego partnera biznesowego.,Компания нашла нового бизнес-партнёра.,Nasi partnerzy działają w wielu krajach.,Наши партнёры работают во многих странах.,партнер,Компанія знайшла нового бізнес-партнера.,Наші партнери працюють у багатьох країнах.
504,504,projekt,проект,noun,Projekt zostanie zakończony w przyszłym miesiącu.,Проект будет завершён в следующем месяце.,Pracuję obecnie nad kilkoma projektami.,Сейчас я работаю над несколькими проектами.,проєкт,Проєкт буде завершено наступного місяця.,Я зараз працюю над кількома проєктами.
505,505,zadanie,задача,noun,Muszę dziś wykonać kilka ważnych zadań.,Мне нужно сегодня выполнить несколько важных задач.,Każde zadanie ma określony termin.,У каждой задачи есть установленный срок.,завдання,Мені потрібно сьогодні виконати кілька важливих завдань.,Кожне завдання має визначений термін.
506,506,priorytet,приоритет,noun,Naszym celem jest poprawa jakości usług.,Наша цель — улучшение качества услуг.,Wyznaczyłem sobie ambitny cel.,Я поставил себе амбициозную цель.,пріоритет,Нашою метою є покращення якості послуг.,Я поставив собі амбітну ціль.
507,507,rachunkowość,бухгалтерский учет,noun,Bezpieczeństwo klientów jest naszym priorytetem.,Безопасность клиентов является нашим приоритетом.,Musimy ustalić priorytety na ten tydzień.,Нам нужно определить приоритеты на эту неделю.,бухгалтерський облік,Безпека клієнтів є нашим пріоритетом.,Ми повинні встановити пріоритети на цей тиждень.
508,508,spotkanie online,онлайн-встреча,noun,Mam dziś trzy spotkania online.,Сегодня у меня три онлайн-встречи.,Spotkanie online rozpocznie się za pięć minut.,Онлайн-встреча начнётся через пять минут.,онлайн-зустріч,У мене сьогодні три онлайн-зустрічі.,Онлайн-зустріч розпочнеться за п'ять хвилин.
509,509,uczestnictwo,участие,noun,W spotkaniu uczestniczyło dwadzieścia osób.,Во встрече участвовало двадцать человек.,Każdy uczestnik otrzymał materiały szkoleniowe.,Каждый участник получил учебные материалы.,участь,У зустрічі брали участь двадцять осіб.,Кожен учасник отримав навчальні матеріали.
510,510,prezentacja,презентация,noun,Przygotowuję prezentację dla zarządu.,Я готовлю презентацию для руководства.,Prezentacja trwała około pół godziny.,Презентация длилась около получаса.,презентація,Я готую презентацію для правління.,Презентація тривала близько пів години.
511,511,raport,отчёт,noun,Raport został wysłany do klienta.,Отчёт был отправлен клиенту.,Przygotowanie raportu zajęło cały dzień.,Подготовка отчёта заняла весь день.,звіт,Звіт було надіслано клієнту.,Підготовка звіту зайняла цілий день.
512,512,kandydatura,кандидатура,noun,Analiza danych wykazała kilka problemów.,Анализ данных выявил несколько проблем.,Potrzebujemy dokładniejszej analizy sytuacji.,Нам нужен более детальный анализ ситуации.,кандидатура,Аналіз даних виявив кілька проблем.,Нам потрібен більш детальний аналіз ситуації.
513,513,dane,данные,noun,Dane zostały zapisane w systemie.,Данные были сохранены в системе.,Musimy chronić dane klientów.,Мы должны защищать данные клиентов.,дані,Дані були збережені в системі.,Ми повинні захищати дані клієнтів.
514,514,informacja,информация,noun,Dziękuję za przekazaną informację.,Спасибо за предоставленную информацию.,Ta informacja okazała się bardzo pomocna.,Эта информация оказалась очень полезной.,інформація,Дякую за надану інформацію.,Ця інформація виявилася дуже корисною.
515,515,źródło,источник,noun,To wiarygodne źródło informacji.,Это надёжный источник информации.,Podaj źródło tych danych.,Укажи источник этих данных.,джерело,Це надійне джерело інформації.,Надайте джерело цих даних.
516,516,statystyka,статистика,noun,Wyniki sprzedaży były lepsze od oczekiwań.,Результаты продаж были лучше ожиданий.,Czekamy na wyniki analizy.,Мы ждём результаты анализа.,статистика,"Результати продажів були кращими, ніж очікувалося.",Ми чекаємо на результати аналізу.
517,517,produktywność,продуктивность,noun,Wydajność systemu znacznie wzrosła.,Производительность системы значительно выросла.,Monitorujemy wydajność aplikacji.,Мы отслеживаем производительность приложения.,продуктивність,Продуктивність системи значно зросла.,Ми моніторимо продуктивність програми.
518,518,rozwiązanie problemu,решение проблемы,noun,Znaleźliśmy rozwiązanie problemu.,Мы нашли решение проблемы.,Wdrożenie rozwiązania zajęło kilka dni.,Внедрение решения заняло несколько дней.,вирішення проблеми,Ми знайшли вирішення проблеми.,Впровадження рішення зайняло кілька днів.
519,519,błąd,ошибка,noun,W systemie pojawił się błąd.,В системе появилась ошибка.,Naprawiliśmy krytyczny błąd aplikacji.,Мы исправили критическую ошибку приложения.,помилка,У системі з'явилася помилка.,Ми виправили критичну помилку програми.
520,520,poprawka,исправление,noun,Nowa poprawka została już wdrożona.,Новое исправление уже внедрено.,Poprawka rozwiązała problem użytkowników.,Исправление решило проблему пользователей.,виправлення,Нове виправлення вже впроваджено.,Виправлення вирішило проблему користувачів.
521,521,test,тест,noun,Test zakończył się sukcesem.,Тест завершился успешно.,Przeprowadzamy test nowej funkcji.,Мы проводим тест новой функции.,тест,Тест завершився успіхом.,Ми проводимо тест нової функції.
522,522,sprawdzać,проверять,verb,Muszę sprawdzić wszystkie dane.,Мне нужно проверить все данные.,Sprawdzamy poprawność raportu.,Мы проверяем корректность отчёта.,перевіряти,Мені потрібно перевірити всі дані.,Ми перевіряємо правильність звіту.
523,523,potwierdzić,подтвердить,verb,Proszę potwierdzić otrzymanie wiadomości.,"Пожалуйста, подтвердите получение сообщения.",Klient potwierdził zamówienie.,Клиент подтвердил заказ.,підтвердити,"Будь ласка, підтвердьте отримання повідомлення.",Клієнт підтвердив замовлення.
524,524,przesłać,"отправить, переслать",verb,Przesłałem dokumenty e-mailem.,Я отправил документы по электронной почте.,Czy możesz przesłać mi raport?,Можешь переслать мне отчёт?,надіслати,Я надіслав документи електронною поштою.,Чи можеш ти надіслати мені звіт?
525,525,załączyć,приложить,verb,Załączyłem wszystkie potrzebne pliki.,Я приложил все необходимые файлы.,Proszę załączyć kopię dokumentu.,"Пожалуйста, приложите копию документа.",додати,Я додав усі потрібні файли.,"Будь ласка, додайте копію документа."
526,526,plik,файл,noun,Nie mogę otworzyć tego pliku.,Я не могу открыть этот файл.,Plik został zapisany na dysku.,Файл был сохранён на диске.,файл,Я не можу відкрити цей файл.,Файл було збережено на диску.
527,527,folder,папка,noun,Umieść dokument w odpowiednim folderze.,Помести документ в соответствующую папку.,Folder zawiera wszystkie potrzebne materiały.,Папка содержит все необходимые материалы.,папка,Помістіть документ у відповідну папку.,Папка містить усі потрібні матеріали.
528,528,wersja,версия,noun,To najnowsza wersja aplikacji.,Это последняя версия приложения.,Pracujemy nad nową wersją produktu.,Мы работаем над новой версией продукта.,версія,Це найновіша версія програми.,Ми працюємо над новою версією продукту.
529,529,funkcja,функция,noun,Ta funkcja ułatwia pracę użytkownikom.,Эта функция облегчает работу пользователей.,Nowa funkcja będzie dostępna wkrótce.,Новая функция будет доступна скоро.,функція,Ця функція полегшує роботу користувачам.,Нова функція буде доступна незабаром.
530,530,narzędzie,инструмент,noun,To narzędzie oszczędza dużo czasu.,Этот инструмент экономит много времени.,Korzystamy z różnych narzędzi do analizy danych.,Мы используем разные инструменты для анализа данных.,інструмент,Цей інструмент заощаджує багато часу.,Ми використовуємо різні інструменти для аналізу даних.
531,531,komunikacja,коммуникация,noun,Dobra komunikacja jest kluczem do sukcesu.,Хорошая коммуникация — ключ к успеху.,Musimy poprawić komunikację w zespole.,Нам нужно улучшить коммуникацию в команде.,комунікація,Добра комунікація є ключем до успіху.,Нам потрібно покращити комунікацію в команді.
532,532,negocjacje,переговоры,noun,Po prezentacji rozpoczęła się dyskusja.,После презентации началось обсуждение.,Dyskusja była bardzo konstruktywna.,Обсуждение было очень конструктивным.,переговори,Після презентації розпочалася дискусія.,Дискусія була дуже конструктивною.
533,533,sugestia,предложение,noun,Dziękuję za tę sugestię.,Спасибо за это предложение.,Mam kilka sugestii dotyczących projektu.,У меня есть несколько предложений по проекту.,пропозиція,Дякую за цю пропозицію.,У мене є кілька пропозицій щодо проєкту.
534,534,inicjatywa,инициатива,noun,Twoja propozycja brzmi interesująco.,Твоё предложение звучит интересно.,Omówimy tę propozycję na spotkaniu.,Мы обсудим это предложение на встрече.,ініціатива,Ваша пропозиція звучить цікаво.,Ми обговоримо цю пропозицію на зустрічі.
535,535,uzgodnienie,согласование,noun,Czekamy na ostateczne uzgodnienia.,Мы ждём окончательного согласования.,Proces uzgodnień trwał kilka dni.,Процесс согласования занял несколько дней.,узгодження,Ми чекаємо на остаточні узгодження.,Процес узгоджень тривав кілька днів.
536,536,delegować,делегировать,verb,Kierownik delegował część obowiązków zespołowi.,Руководитель делегировал часть обязанностей команде.,Nie wszystko trzeba delegować innym.,Не всё нужно делегировать другим.,делегувати,Керівник делегував частину обов'язків команді.,Не все потрібно делегувати іншим.
537,537,koordynować,координировать,verb,Koordynuję pracę kilku zespołów.,Я координирую работу нескольких команд.,Projekt wymaga dobrej koordynacji działań.,Проект требует хорошей координации действий.,координувати,Я координую роботу кількох команд.,Проєкт вимагає доброї координації дій.
538,538,monitorować,отслеживать,verb,Monitorujemy postęp projektu.,Мы отслеживаем прогресс проекта.,Firma monitoruje jakość usług.,Компания отслеживает качество услуг.,моніторити,Ми моніторимо прогрес проєкту.,Компанія моніторить якість послуг.
539,539,zarządzać,управлять,verb,Zarządza dużym zespołem programistów.,Он управляет большой командой разработчиков.,Trudno zarządzać kilkoma projektami jednocześnie.,Трудно управлять несколькими проектами одновременно.,керувати,Він керує великою командою програмістів.,Важко керувати кількома проєктами одночасно.
540,540,samodzielność,самостоятельность,noun,To duża odpowiedzialność.,Это большая ответственность.,Każdy pracownik ponosi odpowiedzialność za swoje działania.,Каждый сотрудник несёт ответственность за свои действия.,самостійність,Це велика відповідальність.,Кожен працівник несе відповідальність за свої дії.
541,541,kierownik,руководитель,noun,Pojęcie „kierownik” często pojawia się w codziennym życiu w Polsce.,Понятие «руководитель» часто встречается в повседневной жизни в Польше.,"Warto dobrze rozumieć słowo „kierownik”, bo jest praktyczne.","Стоит хорошо понимать слово «руководитель», потому что оно практичное.",керівник,Поняття «керівник» часто зустрічається в повсякденному житті в Польщі.,"Варто добре розуміти слово «керівник», бо воно практичне."
542,542,bezrobocie,безработица,noun,Pojęcie „pracownik” często pojawia się w codziennym życiu w Polsce.,Понятие «сотрудник» часто встречается в повседневной жизни в Польше.,"Warto dobrze rozumieć słowo „pracownik”, bo jest praktyczne.","Стоит хорошо понимать слово «сотрудник», потому что оно практичное.",безробіття,Поняття «працівник» часто зустрічається в повсякденному житті в Польщі.,"Варто добре розуміти слово «працівник», бо воно практичне."
543,543,etatowy,штатный,noun,Pojęcie „zatrudnienie” często pojawia się w codziennym życiu w Polsce.,Понятие «трудоустройство» часто встречается в повседневной жизни в Польше.,"Warto dobrze rozumieć słowo „zatrudnienie”, bo jest praktyczne.","Стоит хорошо понимать слово «трудоустройство», потому что оно практичное.",штатний,Поняття «працевлаштування» часто зустрічається в повсякденному житті в Польщі.,"Варто добре розуміти слово «працевлаштування», бо воно практичне."
544,544,rekruter,рекрутер,noun,Pojęcie „rekrutacja” często pojawia się w codziennym życiu w Polsce.,Понятие «найм» часто встречается в повседневной жизни в Польше.,"Warto dobrze rozumieć słowo „rekrutacja”, bo jest praktyczne.","Стоит хорошо понимать слово «найм», потому что оно практичное.",рекрутер,Поняття «рекрутація» часто зустрічається в повсякденному житті в Польщі.,"Варто добре розуміти слово «рекрутація», бо воно практичне."
545,545,oferta pracy,вакансия,noun,Pojęcie „stanowisko” często pojawia się w codziennym życiu w Polsce.,Понятие «должность» часто встречается в повседневной жизни в Польше.,"Warto dobrze rozumieć słowo „stanowisko”, bo jest praktyczne.","Стоит хорошо понимать слово «должность», потому что оно практичное.",вакансія,Поняття «посада» часто зустрічається в повсякденному житті в Польщі.,"Варто добре розуміти слово «посада», бо воно практичне."
546,546,pensja,зарплата,noun,Pojęcie „wynagrodzenie” często pojawia się w codziennym życiu w Polsce.,Понятие «зарплата» часто встречается в повседневной жизни в Польше.,"Warto dobrze rozumieć słowo „wynagrodzenie”, bo jest praktyczne.","Стоит хорошо понимать слово «зарплата», потому что оно практичное.",зарплата,Поняття «винагорода» часто зустрічається в повсякденному житті в Польщі.,"Варто добре розуміти слово «винагорода», бо воно практичне."
547,547,podwyżka,повышение зарплаты,noun,Pojęcie „podwyżka” często pojawia się w codziennym życiu w Polsce.,Понятие «повышение зарплаты» часто встречается в повседневной жизни в Польше.,"Warto dobrze rozumieć słowo „podwyżka”, bo jest praktyczne.","Стоит хорошо понимать слово «повышение зарплаты», потому что оно практичное.",підвищення зарплати,Поняття «підвищення зарплати» часто зустрічається в повсякденному житті в Польщі.,"Варто добре розуміти слово «підвищення зарплати», бо воно практичне."
548,548,promocja zawodowa,карьерный рост,noun,Pojęcie „awans” często pojawia się w codziennym życiu w Polsce.,Понятие «повышение» часто встречается в повседневной жизни в Польше.,"Warto dobrze rozumieć słowo „awans”, bo jest praktyczne.","Стоит хорошо понимать слово «повышение», потому что оно практичное.",кар'єрний ріст,Поняття «підвищення» часто зустрічається в повсякденному житті в Польщі.,"Варто добре розуміти слово «підвищення», бо воно практичне."
549,549,kurs,курс,noun,Pojęcie „szkolenie” często pojawia się w codziennym życiu w Polsce.,Понятие «обучение» часто встречается в повседневной жизни в Польше.,"Warto dobrze rozumieć słowo „szkolenie”, bo jest praktyczne.","Стоит хорошо понимать слово «обучение», потому что оно практичное.",курс,Поняття «навчання» часто зустрічається в повсякденному житті в Польщі.,"Варто добре розуміти слово «навчання», бо воно практичне."
550,550,zdolności,способности,noun,Pojęcie „kompetencje” często pojawia się w codziennym życiu w Polsce.,Понятие «компетенции» часто встречается в повседневной жизни в Польше.,"Warto dobrze rozumieć słowo „kompetencje”, bo jest praktyczne.","Стоит хорошо понимать слово «компетенции», потому что оно практичное.",здібності,Поняття «компетенції» часто зустрічається в повсякденному житті в Польщі.,"Варто добре розуміти слово «компетенції», бо воно практичне."
551,551,certyfikat,сертификат,noun,Pojęcie „kwalifikacje” często pojawia się w codziennym życiu w Polsce.,Понятие «квалификация» часто встречается в повседневной жизни в Польше.,"Warto dobrze rozumieć słowo „kwalifikacje”, bo jest praktyczne.","Стоит хорошо понимать слово «квалификация», потому что оно практичное.",сертифікат,Поняття «кваліфікації» часто зустрічається в повсякденному житті в Польщі.,"Варто добре розуміти слово «кваліфікації», бо воно практичне."
552,552,doświadczenie zawodowe,опыт работы,noun,Pojęcie „doświadczenie zawodowe” często pojawia się w codziennym życiu w Polsce.,Понятие «опыт работы» часто встречается в повседневной жизни в Польше.,"Warto dobrze rozumieć słowo „doświadczenie zawodowe”, bo jest praktyczne.","Стоит хорошо понимать слово «опыт работы», потому что оно практичное.",досвід роботи,Поняття «досвід роботи» часто зустрічається в повсякденному житті в Польщі.,"Варто добре розуміти слово «досвід роботи», бо воно практичне."
553,553,obowiązki,обязанности,noun,Pojęcie „obowiązki” często pojawia się w codziennym życiu w Polsce.,Понятие «обязанности» часто встречается в повседневной жизни в Польше.,"Warto dobrze rozumieć słowo „obowiązki”, bo jest praktyczne.","Стоит хорошо понимать слово «обязанности», потому что оно практичное.",обов'язки,Поняття «обов'язки» часто зустрічається в повсякденному житті в Польщі.,"Варто добре розуміти слово «обов'язки», бо воно практичне."
554,554,dyżur,дежурство,noun,Pojęcie „zastępstwo” często pojawia się w codziennym życiu w Polsce.,Понятие «замещение» часто встречается в повседневной жизни в Польше.,"Warto dobrze rozumieć słowo „zastępstwo”, bo jest praktyczne.","Стоит хорошо понимать слово «замещение», потому что оно практичное.",чергування,Поняття «заміщення» часто зустрічається в повсякденному житті в Польщі.,"Варто добре розуміти слово «заміщення», бо воно практичне."
555,555,zwolnienie lekarskie,больничный,noun,Pojęcie „zwolnienie lekarskie” często pojawia się w codziennym życiu w Polsce.,Понятие «больничный» часто встречается в повседневной жизни в Польше.,"Warto dobrze rozumieć słowo „zwolnienie lekarskie”, bo jest praktyczne.","Стоит хорошо понимать слово «больничный», потому что оно практичное.",лікарняний,Поняття «лікарняний» часто зустрічається в повсякденному житті в Польщі.,"Варто добре розуміти слово «лікарняний», бо воно практичне."
556,556,wolne,выходной,noun,Pojęcie „urlop” często pojawia się w codziennym życiu w Polsce.,Понятие «отпуск» часто встречается в повседневной жизни в Польше.,"Warto dobrze rozumieć słowo „urlop”, bo jest praktyczne.","Стоит хорошо понимать слово «отпуск», потому что оно практичное.",вихідний,Поняття «відпустка» часто зустрічається в повсякденному житті в Польщі.,"Варто добре розуміти слово «відпустка», бо воно практичне."
557,557,godziny pracy,рабочие часы,noun,Pojęcie „godziny pracy” często pojawia się w codziennym życiu w Polsce.,Понятие «рабочие часы» часто встречается в повседневной жизни в Польше.,"Warto dobrze rozumieć słowo „godziny pracy”, bo jest praktyczne.","Стоит хорошо понимать слово «рабочие часы», потому что оно практичное.",робочі години,Поняття «робочі години» часто зустрічається в повсякденному житті в Польщі.,"Варто добре розуміти слово «робочі години», бо воно практичне."
558,558,nadgodziny,сверхурочные,noun,Pojęcie „nadgodziny” często pojawia się w codziennym życiu w Polsce.,Понятие «сверхурочные» часто встречается в повседневной жизни в Польше.,"Warto dobrze rozumieć słowo „nadgodziny”, bo jest praktyczne.","Стоит хорошо понимать слово «сверхурочные», потому что оно практичное.",надурочні години,Поняття «надурочні години» часто зустрічається в повсякденному житті в Польщі.,"Варто добре розуміти слово «надурочні години», бо воно практичне."
559,559,pracować zdalnie,работать удалённо,verb,Warto umieć poprawnie używać wyrażenia „pracować zdalnie” w rozmowie.,Стоит уметь правильно использовать выражение «работать удалённо» в разговоре.,"To wyrażenie często pojawia się w pracy, dokumentach i codziennych sytuacjach.","Это выражение часто встречается на работе, в документах и повседневных ситуациях.",працювати віддалено,Варто вміти правильно використовувати вираз «працювати віддалено» в розмові.,"Цей вираз часто зустрічається в роботі, документах та повсякденних ситуаціях."
560,560,biuro,офис,noun,Pojęcie „biuro” często pojawia się w codziennym życiu w Polsce.,Понятие «офис» часто встречается в повседневной жизни в Польше.,"Warto dobrze rozumieć słowo „biuro”, bo jest praktyczne.","Стоит хорошо понимать слово «офис», потому что оно практичное.",офіс,Поняття «офіс» часто зустрічається в повсякденному житті в Польщі.,"Варто добре розуміти слово «офіс», бо воно практичне."
561,561,firma,фирма,noun,Pojęcie „przedsiębiorstwo” często pojawia się w codziennym życiu w Polsce.,Понятие «предприятие» часто встречается в повседневной жизни в Польше.,"Warto dobrze rozumieć słowo „przedsiębiorstwo”, bo jest praktyczne.","Стоит хорошо понимать слово «предприятие», потому что оно практичное.",фірма,Поняття «підприємство» часто зустрічається в повсякденному житті в Польщі.,"Варто добре розуміти слово «підприємство», бо воно практичне."
562,562,eksport,экспорт,noun,Pojęcie „firma” często pojawia się w codziennym życiu w Polsce.,Понятие «фирма» часто встречается в повседневной жизни в Польше.,"Warto dobrze rozumieć słowo „firma”, bo jest praktyczne.","Стоит хорошо понимать слово «фирма», потому что оно практичное.",експорт,Поняття «фірма» часто зустрічається в повсякденному житті в Польщі.,"Варто добре розуміти слово «фірма», бо воно практичне."
563,563,dział,отдел,noun,Pojęcie „dział” często pojawia się w codziennym życiu w Polsce.,Понятие «отдел» часто встречается в повседневной жизни в Польше.,"Warto dobrze rozumieć słowo „dział”, bo jest praktyczne.","Стоит хорошо понимать слово «отдел», потому что оно практичное.",відділ,Поняття «відділ» часто зустрічається в повсякденному житті в Польщі.,"Варто добре розуміти слово «відділ», бо воно практичне."
564,564,zarząd,руководство,noun,Pojęcie „zarząd” często pojawia się w codziennym życiu w Polsce.,Понятие «руководство» часто встречается в повседневной жизни в Польше.,"Warto dobrze rozumieć słowo „zarząd”, bo jest praktyczne.","Стоит хорошо понимать слово «руководство», потому что оно практичное.",керівництво,Поняття «керівництво» часто зустрічається в повсякденному житті в Польщі.,"Варто добре розуміти слово «керівництво», бо воно практичне."
565,565,finanse,финансы,noun,Pojęcie „budżet” często pojawia się w codziennym życiu w Polsce.,Понятие «бюджет» часто встречается в повседневной жизни в Польше.,"Warto dobrze rozumieć słowo „budżet”, bo jest praktyczne.","Стоит хорошо понимать слово «бюджет», потому что оно практичное.",фінанси,Поняття «бюджет» часто зустрічається в повсякденному житті в Польщі.,"Варто добре розуміти слово «бюджет», бо воно практичне."
566,566,import,импорт,noun,Pojęcie „koszt” często pojawia się w codziennym życiu w Polsce.,Понятие «затраты» часто встречается в повседневной жизни в Польше.,"Warto dobrze rozumieć słowo „koszt”, bo jest praktyczne.","Стоит хорошо понимать слово «затраты», потому что оно практичное.",імпорт,Поняття «вартість» часто зустрічається в повсякденному житті в Польщі.,"Варто добре розуміти слово «вартість», бо воно практичне."
567,567,obrót,оборот,noun,Pojęcie „przychód” często pojawia się w codziennym życiu w Polsce.,Понятие «доход компании» часто встречается в повседневной жизни в Польше.,"Warto dobrze rozumieć słowo „przychód”, bo jest praktyczne.","Стоит хорошо понимать слово «доход компании», потому что оно практичное.",оборот,Поняття «дохід» часто зустрічається в повсякденному житті в Польщі.,"Варто добре розуміти слово «дохід», бо воно практичне."
568,568,zysk,прибыль,noun,Pojęcie „zysk” często pojawia się w codziennym życiu w Polsce.,Понятие «прибыль» часто встречается в повседневной жизни в Польше.,"Warto dobrze rozumieć słowo „zysk”, bo jest praktyczne.","Стоит хорошо понимать слово «прибыль», потому что оно практичное.",прибуток,Поняття «прибуток» часто зустрічається в повсякденному житті в Польщі.,"Варто добре розуміти слово «прибуток», бо воно практичне."
569,569,strata,убыток,noun,Pojęcie „strata” często pojawia się w codziennym życiu w Polsce.,Понятие «убыток» часто встречается в повседневной жизни в Польше.,"Warto dobrze rozumieć słowo „strata”, bo jest praktyczne.","Стоит хорошо понимать слово «убыток», потому что оно практичное.",збиток,Поняття «збиток» часто зустрічається в повсякденному житті в Польщі.,"Варто добре розуміти слово «збиток», бо воно практичне."
570,570,inwestycja,инвестиция,noun,Pojęcie „inwestycja” często pojawia się w codziennym życiu w Polsce.,Понятие «инвестиция» часто встречается в повседневной жизни в Польше.,"Warto dobrze rozumieć słowo „inwestycja”, bo jest praktyczne.","Стоит хорошо понимать слово «инвестиция», потому что оно практичное.",інвестиція,Поняття «інвестиція» часто зустрічається в повсякденному житті в Польщі.,"Варто добре розуміти слово «інвестиція», бо воно практичне."
571,571,dochodowość,рентабельность,noun,Pojęcie „konkurencja” często pojawia się w codziennym życiu w Polsce.,Понятие «конкуренция» часто встречается в повседневной жизни в Польше.,"Warto dobrze rozumieć słowo „konkurencja”, bo jest praktyczne.","Стоит хорошо понимать слово «конкуренция», потому что оно практичное.",рентабельність,Поняття «конкуренція» часто зустрічається в повсякденному житті в Польщі.,"Варто добре розуміти слово «конкуренція», бо воно практичне."
572,572,rynek,рынок,noun,Pojęcie „rynek” często pojawia się w codziennym życiu w Polsce.,Понятие «рынок» часто встречается в повседневной жизни в Польше.,"Warto dobrze rozumieć słowo „rynek”, bo jest praktyczne.","Стоит хорошо понимать слово «рынок», потому что оно практичное.",ринок,Поняття «ринок» часто зустрічається в повсякденному житті в Польщі.,"Варто добре розуміти слово «ринок», бо воно практичне."
573,573,klient biznesowy,бизнес-клиент,noun,Pojęcie „klient biznesowy” często pojawia się w codziennym życiu w Polsce.,Понятие «бизнес-клиент» часто встречается в повседневной жизни в Польше.,"Warto dobrze rozumieć słowo „klient biznesowy”, bo jest praktyczne.","Стоит хорошо понимать слово «бизнес-клиент», потому что оно практичное.",бізнес-клієнт,Поняття «бізнес-клієнт» часто зустрічається в повсякденному житті в Польщі.,"Варто добре розуміти слово «бізнес-клієнт», бо воно практичне."
574,574,oferta,предложение,noun,Pojęcie „oferta” często pojawia się w codziennym życiu w Polsce.,Понятие «предложение» часто встречается в повседневной жизни в Польше.,"Warto dobrze rozumieć słowo „oferta”, bo jest praktyczne.","Стоит хорошо понимать слово «предложение», потому что оно практичное.",пропозиція,Поняття «пропозиція» часто зустрічається в повсякденному житті в Польщі.,"Варто добре розуміти слово «пропозиція», бо воно практичне."
575,575,umowa współpracy,договор о сотрудничестве,noun,Pojęcie „umowa współpracy” często pojawia się w codziennym życiu w Polsce.,Понятие «договор о сотрудничестве» часто встречается в повседневной жизни в Польше.,"Warto dobrze rozumieć słowo „umowa współpracy”, bo jest praktyczne.","Стоит хорошо понимать слово «договор о сотрудничестве», потому что оно практичное.",договір про співпрацю,Поняття «договір про співпрацю» часто зустрічається в повсякденному житті в Польщі.,"Варто добре розуміти слово «договір про співпрацю», бо воно практичне."
576,576,sprzedaż,продажи,noun,Pojęcie „negocjacje” często pojawia się w codziennym życiu w Polsce.,Понятие «переговоры» часто встречается в повседневной жизни в Польше.,"Warto dobrze rozumieć słowo „negocjacje”, bo jest praktyczne.","Стоит хорошо понимать слово «переговоры», потому что оно практичное.",продажі,Поняття «переговори» часто зустрічається в повсякденному житті в Польщі.,"Варто добре розуміти слово «переговори», бо воно практичне."
577,577,regulamin,регламент,noun,Pojęcie „warunek” często pojawia się w codziennym życiu w Polsce.,Понятие «условие» часто встречается в повседневной жизни в Польше.,"Warto dobrze rozumieć słowo „warunek”, bo jest praktyczne.","Стоит хорошо понимать слово «условие», потому что оно практичное.",регламент,Поняття «умова» часто зустрічається в повсякденному житті в Польщі.,"Варто добре розуміти слово «умова», бо воно практичне."
578,578,termin płatności,срок оплаты,noun,Pojęcie „termin płatności” często pojawia się w codziennym życiu w Polsce.,Понятие «срок оплаты» часто встречается в повседневной жизни в Польше.,"Warto dobrze rozumieć słowo „termin płatności”, bo jest praktyczne.","Стоит хорошо понимать слово «срок оплаты», потому что оно практичное.",термін оплати,Поняття «термін оплати» часто зустрічається в повсякденному житті в Польщі.,"Варто добре розуміти слово «термін оплати», бо воно практичне."
579,579,rozliczenie podatkowe,налоговая декларация,noun,Pojęcie „faktura” często pojawia się w codziennym życiu w Polsce.,Понятие «счёт-фактура» часто встречается в повседневной жизни в Польше.,"Warto dobrze rozumieć słowo „faktura”, bo jest praktyczne.","Стоит хорошо понимать слово «счёт-фактура», потому что оно практичное.",податкова декларація,Поняття «рахунок-фактура» часто зустрічається в повсякденному житті в Польщі.,"Варто добре розуміти слово «рахунок-фактура», бо воно практичне."
580,580,operacja bankowa,банковская операция,noun,Pojęcie „płatność” często pojawia się w codziennym życiu w Polsce.,Понятие «платёж» часто встречается в повседневной жизни в Польше.,"Warto dobrze rozumieć słowo „płatność”, bo jest praktyczne.","Стоит хорошо понимать слово «платёж», потому что оно практичное.",банківська операція,Поняття «платіж» часто зустрічається в повсякденному житті в Польщі.,"Варто добре розуміти слово «платіж», бо воно практичне."
581,581,bank,банк,noun,Pojęcie „bank” często pojawia się w codziennym życiu w Polsce.,Понятие «банк» часто встречается в повседневной жизни в Польше.,"Warto dobrze rozumieć słowo „bank”, bo jest praktyczne.","Стоит хорошо понимать слово «банк», потому что оно практичное.",банк,Поняття «банк» часто зустрічається в повсякденному житті в Польщі.,"Варто добре розуміти слово «банк», бо воно практичне."
582,582,konto bankowe,банковский счёт,noun,Pojęcie „konto bankowe” często pojawia się w codziennym życiu w Polsce.,Понятие «банковский счёт» часто встречается в повседневной жизни в Польше.,"Warto dobrze rozumieć słowo „konto bankowe”, bo jest praktyczne.","Стоит хорошо понимать слово «банковский счёт», потому что оно практичное.",банківський рахунок,Поняття «банківський рахунок» часто зустрічається в повсякденному житті в Польщі.,"Варто добре розуміти слово «банківський рахунок», бо воно практичне."
583,583,koszty,затраты,noun,Pojęcie „przelew” często pojawia się w codziennym życiu w Polsce.,Понятие «банковский перевод» часто встречается в повседневной жизни в Польше.,"Warto dobrze rozumieć słowo „przelew”, bo jest praktyczne.","Стоит хорошо понимать слово «банковский перевод», потому что оно практичное.",витрати,Поняття «переказ» часто зустрічається в повсякденному житті в Польщі.,"Варто добре розуміти слово «переказ», бо воно практичне."
584,584,saldo,баланс,noun,Pojęcie „saldo” często pojawia się w codziennym życiu w Polsce.,Понятие «баланс» часто встречается в повседневной жизни в Польше.,"Warto dobrze rozumieć słowo „saldo”, bo jest praktyczne.","Стоит хорошо понимать слово «баланс», потому что оно практичное.",сальдо,Поняття «сальдо» часто зустрічається в повсякденному житті в Польщі.,"Варто добре розуміти слово «сальдо», бо воно практичне."
585,585,oszczędności,сбережения,noun,Pojęcie „oszczędności” często pojawia się w codziennym życiu w Polsce.,Понятие «сбережения» часто встречается в повседневной жизни в Польше.,"Warto dobrze rozumieć słowo „oszczędności”, bo jest praktyczne.","Стоит хорошо понимать слово «сбережения», потому что оно практичное.",заощадження,Поняття «заощадження» часто зустрічається в повсякденному житті в Польщі.,"Варто добре розуміти слово «заощадження», бо воно практичне."
586,586,zarobek,заработок,noun,Pojęcie „wydatek” często pojawia się w codziennym życiu w Polsce.,Понятие «расход» часто встречается в повседневной жизни в Польше.,"Warto dobrze rozumieć słowo „wydatek”, bo jest praktyczne.","Стоит хорошо понимать слово «расход», потому что оно практичное.",заробіток,Поняття «витрата» часто зустрічається в повсякденному житті в Польщі.,"Варто добре розуміти слово «витрата», бо воно практичне."
587,587,hipoteczny,ипотечный,noun,Pojęcie „dochód” często pojawia się w codziennym życiu w Polsce.,Понятие «доход» часто встречается в повседневной жизни в Польше.,"Warto dobrze rozumieć słowo „dochód”, bo jest praktyczne.","Стоит хорошо понимать слово «доход», потому что оно практичное.",іпотечний,Поняття «дохід» часто зустрічається в повсякденному житті в Польщі.,"Варто добре розуміти слово «дохід», бо воно практичне."
588,588,budżet domowy,семейный бюджет,noun,Pojęcie „budżet domowy” często pojawia się w codziennym życiu w Polsce.,Понятие «семейный бюджет» часто встречается в повседневной жизни в Польше.,"Warto dobrze rozumieć słowo „budżet domowy”, bo jest praktyczne.","Стоит хорошо понимать слово «семейный бюджет», потому что оно практичное.",сімейний бюджет,Поняття «сімейний бюджет» часто зустрічається в повсякденному житті в Польщі.,"Варто добре розуміти слово «сімейний бюджет», бо воно практичне."
589,589,kapitał,капитал,noun,Pojęcie „kredyt” często pojawia się w codziennym życiu w Polsce.,Понятие «кредит» часто встречается в повседневной жизни в Польше.,"Warto dobrze rozumieć słowo „kredyt”, bo jest praktyczne.","Стоит хорошо понимать слово «кредит», потому что оно практичное.",капітал,Поняття «кредит» часто зустрічається в повсякденному житті в Польщі.,"Варто добре розуміти слово «кредит», бо воно практичне."
590,590,kredyt hipoteczny,ипотека,noun,Pojęcie „kredyt hipoteczny” często pojawia się w codziennym życiu w Polsce.,Понятие «ипотека» часто встречается в повседневной жизни в Польше.,"Warto dobrze rozumieć słowo „kredyt hipoteczny”, bo jest praktyczne.","Стоит хорошо понимать слово «ипотека», потому что оно практичное.",іпотечний кредит,Поняття «іпотечний кредит» часто зустрічається в повсякденному житті в Польщі.,"Варто добре розуміти слово «іпотечний кредит», бо воно практичне."
591,591,marża,маржа,noun,Pojęcie „rata” często pojawia się w codziennym życiu w Polsce.,Понятие «платёж по кредиту» часто встречается в повседневной жизни в Польше.,"Warto dobrze rozumieć słowo „rata”, bo jest praktyczne.","Стоит хорошо понимать слово «платёж по кредиту», потому что оно практичное.",маржа,Поняття «платіж» часто зустрічається в повсякденному житті в Польщі.,"Варто добре розуміти слово «платіж», бо воно практичне."
592,592,VAT,НДС,noun,Pojęcie „oprocentowanie” często pojawia się w codziennym życiu w Polsce.,Понятие «процентная ставка» часто встречается в повседневной жизни в Польше.,"Warto dobrze rozumieć słowo „oprocentowanie”, bo jest praktyczne.","Стоит хорошо понимать слово «процентная ставка», потому что оно практичное.",ПДВ,Поняття «відсоткова ставка» часто зустрічається в повсякденному житті в Польщі.,"Варто добре розуміти слово «відсоткова ставка», бо воно практичне."
593,593,księgowość,бухгалтерия,noun,Pojęcie „zdolność kredytowa” często pojawia się w codziennym życiu w Polsce.,Понятие «кредитоспособность» часто встречается в повседневной жизни в Польше.,"Warto dobrze rozumieć słowo „zdolność kredytowa”, bo jest praktyczne.","Стоит хорошо понимать слово «кредитоспособность», потому что оно практичное.",бухгалтерія,Поняття «кредитоспроможність» часто зустрічається в повсякденному житті в Польщі.,"Варто добре розуміти слово «кредитоспроможність», бо воно практичне."
594,594,dług,долг,noun,Pojęcie „dług” często pojawia się w codziennym życiu w Polsce.,Понятие «долг» часто встречается в повседневной жизни в Польше.,"Warto dobrze rozumieć słowo „dług”, bo jest praktyczne.","Стоит хорошо понимать слово «долг», потому что оно практичное.",борг,Поняття «борг» часто зустрічається в повсякденному житті в Польщі.,"Варто добре розуміти слово «борг», бо воно практичне."
595,595,spłacać,"выплачивать, погашать",verb,Warto umieć poprawnie używać wyrażenia „spłacać” w rozmowie.,Стоит уметь правильно использовать выражение «выплачивать» в разговоре.,"To wyrażenie często pojawia się w pracy, dokumentach i codziennych sytuacjach.","Это выражение часто встречается на работе, в документах и повседневных ситуациях.",сплачувати,Варто вміти правильно використовувати вираз «сплачувати» в розмові.,"Цей вираз часто зустрічається в роботі, документах і повсякденних ситуаціях."
596,596,zakład,предприятие,noun,Pojęcie „podatek” często pojawia się w codziennym życiu w Polsce.,Понятие «налог» часто встречается в повседневной жизни в Польше.,"Warto dobrze rozumieć słowo „podatek”, bo jest praktyczne.","Стоит хорошо понимать слово «налог», потому что оно практичное.",підприємство,Поняття «податок» часто зустрічається в повсякденному житті в Польщі.,"Варто добре розуміти слово «податок», бо воно практичне."
597,597,znaczenie,значение,noun,Pojęcie „urząd skarbowy” często pojawia się w codziennym życiu w Polsce.,Понятие «налоговая инспекция» часто встречается в повседневной жизни в Польше.,"Warto dobrze rozumieć słowo „urząd skarbowy”, bo jest praktyczne.","Стоит хорошо понимать слово «налоговая инспекция», потому что оно практичное.",значення,Поняття «податкова служба» часто зустрічається в повсякденному житті в Польщі.,"Варто добре розуміти слово «податкова служба», бо воно практичне."
598,598,oddział,филиал,noun,Pojęcie „rozliczenie podatkowe” często pojawia się w codziennym życiu w Polsce.,Понятие «налоговая декларация» часто встречается в повседневной жизни в Польше.,"Warto dobrze rozumieć słowo „rozliczenie podatkowe”, bo jest praktyczne.","Стоит хорошо понимать слово «налоговая декларация», потому что оно практичное.",філія,Поняття «податкова декларація» часто зустрічається в повсякденному житті в Польщі.,"Варто добре розуміти слово «податкова декларація», бо воно практичне."
599,599,nastawienie,настрой,noun,Pojęcie „ubezpieczenie” często pojawia się w codziennym życiu w Polsce.,Понятие «страхование» часто встречается в повседневной жизни в Польше.,"Warto dobrze rozumieć słowo „ubezpieczenie”, bo jest praktyczne.","Стоит хорошо понимать слово «страхование», потому что оно практичное.",настрій,Поняття «страхування» часто зустрічається в повсякденному житті в Польщі.,"Варто добре розуміти слово «страхування», бо воно практичне."
600,600,majątek,имущество,noun,Pojęcie „majątek” często pojawia się w codziennym życiu w Polsce.,Понятие «имущество» часто встречается в повседневной жизни в Польше.,"Warto dobrze rozumieć słowo „majątek”, bo jest praktyczne.","Стоит хорошо понимать слово «имущество», потому что оно практичное.",майно,Поняття «майно» часто зустрічається в повсякденному житті в Польщі.,"Варто добре розуміти слово «майно», бо воно практичне."
601,601,społeczeństwo,общество,noun,Pojęcie „społeczeństwo” często pojawia się w codziennym życiu w Polsce.,Понятие «общество» часто встречается в повседневной жизни в Польше.,"Warto dobrze rozumieć słowo „społeczeństwo”, bo jest praktyczne.","Стоит хорошо понимать слово «общество», потому что оно практичное.",суспільство,Поняття «суспільство» часто зустрічається в повсякденному житті в Польщі.,"Варто добре розуміти слово «суспільство», бо воно практичне."
602,602,obyczaj,обычай,noun,Pojęcie „obyczaj” często pojawia się w codziennym życiu w Polsce.,Понятие «обычай» часто встречается в повседневной жизни в Польше.,"Warto dobrze rozumieć słowo „obyczaj”, bo jest praktyczne.","Стоит хорошо понимать слово «обычай», потому что оно практичное.",звичай,Поняття «звичай» часто зустрічається в повсякденному житті в Польщі.,"Варто добре розуміти слово «звичай», бо воно практичне."
603,603,tradycja,традиция,noun,Pojęcie „tradycja” często pojawia się w codziennym życiu w Polsce.,Понятие «традиция» часто встречается в повседневной жизни в Польше.,"Warto dobrze rozumieć słowo „tradycja”, bo jest praktyczne.","Стоит хорошо понимать слово «традиция», потому что оно практичное.",традиція,Поняття «традиція» часто зустрічається в повсякденному житті в Польщі.,"Варто добре розуміти слово «традиція», бо воно практичне."
604,604,kultura,культура,noun,Pojęcie „kultura” często pojawia się w codziennym życiu w Polsce.,Понятие «культура» часто встречается в повседневной жизни в Польше.,"Warto dobrze rozumieć słowo „kultura”, bo jest praktyczne.","Стоит хорошо понимать слово «культура», потому что оно практичное.",культура,Поняття «культура» часто зустрічається в повсякденному житті в Польщі.,"Варто добре розуміти слово «культура», бо воно практичне."
605,605,oddziaływanie,воздействие,noun,Pojęcie „wartość” często pojawia się w codziennym życiu w Polsce.,Понятие «ценность» часто встречается в повседневной жизни в Польше.,"Warto dobrze rozumieć słowo „wartość”, bo jest praktyczne.","Стоит хорошо понимать слово «ценность», потому что оно практичное.",вплив,Поняття «цінність» часто зустрічається в повсякденному житті в Польщі.,"Варто добре розуміти слово «цінність», бо воно практичне."
606,606,doskonalić się,совершенствоваться,noun,Pojęcie „zachowanie” często pojawia się w codziennym życiu w Polsce.,Понятие «поведение» часто встречается в повседневной жизни в Польше.,"Warto dobrze rozumieć słowo „zachowanie”, bo jest praktyczne.","Стоит хорошо понимать слово «поведение», потому что оно практичное.",вдосконалюватися,Поняття «поведінка» часто зустрічається в повсякденному житті в Польщі.,"Варто добре розуміти слово «поведінка», бо воно практичне."
607,607,postawa,"позиция, отношение",noun,Pojęcie „postawa” często pojawia się w codziennym życiu w Polsce.,Понятие «позиция» часто встречается в повседневной жизни в Польше.,"Warto dobrze rozumieć słowo „postawa”, bo jest praktyczne.","Стоит хорошо понимать слово «позиция», потому что оно практичное.","позиція, ставлення",Поняття «позиція» часто зустрічається в повсякденному житті в Польщі.,"Варто добре розуміти слово «позиція», бо воно практичне."
608,608,odnosić się,относиться,noun,Pojęcie „wpływ” często pojawia się w codziennym życiu w Polsce.,Понятие «влияние» часто встречается в повседневной жизни в Польше.,"Warto dobrze rozumieć słowo „wpływ”, bo jest praktyczne.","Стоит хорошо понимать слово «влияние», потому что оно практичное.",ставитися,Поняття «вплив» часто зустрічається в повсякденному житті в Польщі.,"Варто добре розуміти слово «вплив», бо воно практичне."
609,609,delegacja,командировка,noun,Pojęcie „znaczenie” często pojawia się w codziennym życiu w Polsce.,Понятие «значение» часто встречается в повседневной жизни в Польше.,"Warto dobrze rozumieć słowo „znaczenie”, bo jest praktyczne.","Стоит хорошо понимать слово «значение», потому что оно практичное.",відрядження,Поняття «значення» часто зустрічається в повсякденному житті в Польщі.,"Варто добре розуміти слово «значення», бо воно практичне."
610,610,świadomość,"осознанность, осведомлённость",noun,Pojęcie „świadomość” często pojawia się w codziennym życiu w Polsce.,Понятие «осознанность» часто встречается в повседневной жизни в Польше.,"Warto dobrze rozumieć słowo „świadomość”, bo jest praktyczne.","Стоит хорошо понимать слово «осознанность», потому что оно практичное.","свідомість, обізнаність",Поняття «свідомість» часто зустрічається в повсякденному житті в Польщі.,"Варто добре розуміти слово «свідомість», бо воно практичне."
611,611,zawierać,содержать,verb,Warto umieć poprawnie używać wyrażenia „rozwijać się” w rozmowie.,Стоит уметь правильно использовать выражение «развиваться» в разговоре.,"To wyrażenie często pojawia się w pracy, dokumentach i codziennych sytuacjach.","Это выражение часто встречается на работе, в документах и повседневных ситуациях.",містити,Варто вміти правильно використовувати вираз «розвиватися» в розмові.,"Цей вираз часто зустрічається в роботі, документах і повсякденних ситуаціях."
612,612,poprawiać się,улучшаться,verb,Warto umieć poprawnie używać wyrażenia „poprawiać się” w rozmowie.,Стоит уметь правильно использовать выражение «улучшаться» в разговоре.,"To wyrażenie często pojawia się w pracy, dokumentach i codziennych sytuacjach.","Это выражение часто встречается на работе, в документах и повседневных ситуациях.",покращуватися,Варто вміти правильно використовувати вираз «покращуватися» в розмові.,"Цей вираз часто зустрічається в роботі, документах і повсякденних ситуаціях."
613,613,pogarszać się,ухудшаться,verb,Warto umieć poprawnie używać wyrażenia „pogarszać się” w rozmowie.,Стоит уметь правильно использовать выражение «ухудшаться» в разговоре.,"To wyrażenie często pojawia się w pracy, dokumentach i codziennych sytuacjach.","Это выражение часто встречается на работе, в документах и повседневных ситуациях.",погіршуватися,Варто вміти правильно використовувати вираз «погіршуватися» в розмові.,"Цей вираз часто зустрічається в роботі, документах і повсякденних ситуаціях."
614,614,zmieniać się,меняться,verb,Warto umieć poprawnie używać wyrażenia „zmieniać się” w rozmowie.,Стоит уметь правильно использовать выражение «меняться» в разговоре.,"To wyrażenie często pojawia się w pracy, dokumentach i codziennych sytuacjach.","Это выражение часто встречается на работе, в документах и повседневных ситуациях.",змінюватися,Варто вміти правильно використовувати вираз «змінюватися» в розмові.,"Цей вираз часто зустрічається в роботі, документах і повсякденних ситуаціях."
615,615,zależeć od,зависеть от,verb,Warto umieć poprawnie używać wyrażenia „zależeć od” w rozmowie.,Стоит уметь правильно использовать выражение «зависеть от» в разговоре.,"To wyrażenie często pojawia się w pracy, dokumentach i codziennych sytuacjach.","Это выражение часто встречается на работе, в документах и повседневных ситуациях.",залежати від,Варто вміти правильно використовувати вираз «залежати від» у розмові.,"Цей вираз часто зустрічається в роботі, документах і повсякденних ситуаціях."
616,616,sukces,успех,verb,Warto umieć poprawnie używać wyrażenia „dotyczyć” w rozmowie.,Стоит уметь правильно использовать выражение «касаться» в разговоре.,"To wyrażenie często pojawia się w pracy, dokumentach i codziennych sytuacjach.","Это выражение часто встречается на работе, в документах и повседневных ситуациях.",успіх,Варто вміти правильно використовувати вираз «стосуватися» в розмові.,"Цей вираз часто зустрічається в роботі, документах і повсякденних ситуаціях."
617,617,reakcja,реакция,verb,Warto umieć poprawnie używać wyrażenia „obejmować” w rozmowie.,Стоит уметь правильно использовать выражение «охватывать» в разговоре.,"To wyrażenie często pojawia się w pracy, dokumentach i codziennych sytuacjach.","Это выражение часто встречается на работе, в документах и повседневных ситуациях.",реакція,Варто вміти правильно використовувати вираз «охоплювати» в розмові.,"Цей вираз часто зустрічається в роботі, документах і повсякденних ситуаціях."
618,618,polegać na,заключаться в,verb,Warto umieć poprawnie używać wyrażenia „polegać na” w rozmowie.,Стоит уметь правильно использовать выражение «заключаться в» в разговоре.,"To wyrażenie często pojawia się w pracy, dokumentach i codziennych sytuacjach.","Это выражение часто встречается на работе, в документах и повседневных ситуациях.",полягати в,Варто вміти правильно використовувати вираз «полягати в» у розмові.,"Цей вираз часто зустрічається в роботі, документах і повсякденних ситуаціях."
619,619,wynikać z,следовать из,verb,Warto umieć poprawnie używać wyrażenia „wynikać z” w rozmowie.,Стоит уметь правильно использовать выражение «следовать из» в разговоре.,"To wyrażenie często pojawia się w pracy, dokumentach i codziennych sytuacjach.","Это выражение часто встречается на работе, в документах и повседневных ситуациях.",випливати з,Варто вміти правильно використовувати вираз «випливати з» у розмові.,"Цей вираз часто зустрічається в роботі, документах і повсякденних ситуаціях."
620,620,prowadzić do,приводить к,verb,Warto umieć poprawnie używać wyrażenia „prowadzić do” w rozmowie.,Стоит уметь правильно использовать выражение «приводить к» в разговоре.,"To wyrażenie często pojawia się w pracy, dokumentach i codziennych sytuacjach.","Это выражение часто встречается на работе, в документах и повседневных ситуациях.",призводити до,Варто вміти правильно використовувати вираз «призводити до» в розмові.,"Цей вираз часто зустрічається в роботі, документах і повсякденних ситуаціях."
621,621,wyjście,выход,noun,Pojęcie „osiągnięcie” często pojawia się w codziennym życiu w Polsce.,Понятие «достижение» часто встречается в повседневной жизни в Польше.,"Warto dobrze rozumieć słowo „osiągnięcie”, bo jest praktyczne.","Стоит хорошо понимать слово «достижение», потому что оно практичное.",вихід,Поняття «досягнення» часто зустрічається в повсякденному житті в Польщі.,"Варто добре розуміти слово «досягнення», бо воно практичне."
622,622,kontrakt,контракт,noun,Pojęcie „sukces” często pojawia się w codziennym życiu w Polsce.,Понятие «успех» часто встречается в повседневной жизни в Польше.,"Warto dobrze rozumieć słowo „sukces”, bo jest praktyczne.","Стоит хорошо понимать слово «успех», потому что оно практичное.",контракт,Поняття «успіх» часто зустрічається в повсякденному житті в Польщі.,"Варто добре розуміти слово «успіх», бо воно практичне."
623,623,porażka,неудача,noun,Pojęcie „porażka” często pojawia się w codziennym życiu w Polsce.,Понятие «неудача» часто встречается в повседневной жизни в Польше.,"Warto dobrze rozumieć słowo „porażka”, bo jest praktyczne.","Стоит хорошо понимать слово «неудача», потому что оно практичное.",поразка,Поняття «поразка» часто зустрічається в повсякденному житті в Польщі.,"Варто добре розуміти слово «поразка», бо воно практичне."
624,624,wyzwanie,вызов,noun,Pojęcie „wyzwanie” często pojawia się w codziennym życiu w Polsce.,Понятие «вызов» часто встречается в повседневной жизни в Польше.,"Warto dobrze rozumieć słowo „wyzwanie”, bo jest praktyczne.","Стоит хорошо понимать слово «вызов», потому что оно практичное.",виклик,Поняття «виклик» часто зустрічається в повсякденному житті в Польщі.,"Варто добре розуміти слово «виклик», бо воно практичне."
625,625,teza,тезис,noun,Pojęcie „odpowiedź” często pojawia się w codziennym życiu w Polsce.,Понятие «ответ» часто встречается в повседневной жизни в Польше.,"Warto dobrze rozumieć słowo „odpowiedź”, bo jest praktyczne.","Стоит хорошо понимать слово «ответ», потому что оно практичное.",теза,Поняття «відповідь» часто зустрічається в повсякденному житті в Польщі.,"Варто добре розуміти слово «відповідь», бо воно практичне."
626,626,uzasadnienie,обоснование,noun,Pojęcie „rozwiązanie” często pojawia się w codziennym życiu w Polsce.,Понятие «решение» часто встречается в повседневной жизни в Польше.,"Warto dobrze rozumieć słowo „rozwiązanie”, bo jest praktyczne.","Стоит хорошо понимать слово «решение», потому что оно практичное.",обґрунтування,Поняття «рішення» часто зустрічається в повсякденному житті в Польщі.,"Варто добре розуміти слово «рішення», бо воно практичне."
627,627,szacować,оценивать,noun,Pojęcie „argument” często pojawia się w codziennym życiu w Polsce.,Понятие «аргумент» часто встречается в повседневной жизни в Польше.,"Warto dobrze rozumieć słowo „argument”, bo jest praktyczne.","Стоит хорошо понимать слово «аргумент», потому что оно практичное.",оцінювати,Поняття «аргумент» часто зустрічається в повсякденному житті в Польщі.,"Варто добре розуміти слово «аргумент», бо воно практичне."
628,628,wspólnik,партнер по бизнесу,noun,Pojęcie „dowód” często pojawia się w codziennym życiu w Polsce.,Понятие «доказательство» часто встречается в повседневной жизни в Польше.,"Warto dobrze rozumieć słowo „dowód”, bo jest praktyczne.","Стоит хорошо понимать слово «доказательство», потому что оно практичное.",спільник,Поняття «доказ» часто зустрічається в повсякденному житті в Польщі.,"Варто добре розуміти слово «доказ», бо воно практичне."
629,629,przykład,пример,noun,Pojęcie „przykład” często pojawia się w codziennym życiu w Polsce.,Понятие «пример» часто встречается в повседневной жизни в Польше.,"Warto dobrze rozumieć słowo „przykład”, bo jest praktyczne.","Стоит хорошо понимать слово «пример», потому что оно практичное.",приклад,Поняття «приклад» часто зустрічається в повсякденному житті в Польщі.,"Варто добре розуміти слово «приклад», бо воно практичне."
630,630,odrzucenie,отклонение,noun,Pojęcie „wniosek” często pojawia się w codziennym życiu w Polsce.,Понятие «вывод» часто встречается в повседневной жизни в Польше.,"Warto dobrze rozumieć słowo „wniosek”, bo jest praktyczne.","Стоит хорошо понимать слово «вывод», потому что оно практичное.",відхилення,Поняття «висновок» часто зустрічається в повсякденному житті в Польщі.,"Варто добре розуміти слово «висновок», бо воно практичне."
631,631,namówić,уговорить,verb,Warto umieć poprawnie używać wyrażenia „oceniać” w rozmowie.,Стоит уметь правильно использовать выражение «оценивать» в разговоре.,"To wyrażenie często pojawia się w pracy, dokumentach i codziennych sytuacjach.","Это выражение часто встречается на работе, в документах и повседневных ситуациях.",вмовити,Варто вміти правильно використовувати вираз «оцінювати» в розмові.,"Цей вираз часто зустрічається в роботі, документах і повсякденних ситуаціях."
632,632,punkt widzenia,точка зрения,verb,Warto umieć poprawnie używać wyrażenia „porównywać” w rozmowie.,Стоит уметь правильно использовать выражение «сравнивать» в разговоре.,"To wyrażenie często pojawia się w pracy, dokumentach i codziennych sytuacjach.","Это выражение часто встречается на работе, в документах и повседневных ситуациях.",точка зору,Варто вміти правильно використовувати вираз «порівнювати» в розмові.,"Цей вираз часто зустрічається в роботі, документах і повсякденних ситуаціях."
633,633,analizować,анализировать,verb,Warto umieć poprawnie używać wyrażenia „analizować” w rozmowie.,Стоит уметь правильно использовать выражение «анализировать» в разговоре.,"To wyrażenie często pojawia się w pracy, dokumentach i codziennych sytuacjach.","Это выражение часто встречается на работе, в документах и повседневных ситуациях.",аналізувати,Варто вміти правильно використовувати вираз «аналізувати» в розмові.,"Цей вираз часто зустрічається в роботі, документах і повсякденних ситуаціях."
634,634,rozumieć,понимать,verb,Warto umieć poprawnie używać wyrażenia „rozumieć” w rozmowie.,Стоит уметь правильно использовать выражение «понимать» в разговоре.,"To wyrażenie często pojawia się w pracy, dokumentach i codziennych sytuacjach.","Это выражение часто встречается на работе, в документах и повседневных ситуациях.",розуміти,Варто вміти правильно використовувати вираз «розуміти» в розмові.,"Цей вираз часто зустрічається в роботі, документах і повсякденних ситуаціях."
635,635,wyjaśniać,объяснять,verb,Warto umieć poprawnie używać wyrażenia „wyjaśniać” w rozmowie.,Стоит уметь правильно использовать выражение «объяснять» в разговоре.,"To wyrażenie często pojawia się w pracy, dokumentach i codziennych sytuacjach.","Это выражение часто встречается на работе, в документах и повседневных ситуациях.",пояснювати,Варто вміти правильно використовувати вираз «пояснювати» в розмові.,"Цей вираз часто зустрічається в роботі, документах і повсякденних ситуаціях."
636,636,potencjał,потенциал,verb,Warto umieć poprawnie używać wyrażenia „udowodnić” w rozmowie.,Стоит уметь правильно использовать выражение «доказать» в разговоре.,"To wyrażenie często pojawia się w pracy, dokumentach i codziennych sytuacjach.","Это выражение часто встречается на работе, в документах и повседневных ситуациях.",потенціал,Варто вміти правильно використовувати вираз «довести» в розмові.,"Цей вираз часто зустрічається в роботі, документах і повсякденних ситуаціях."
637,637,zaakceptować,принять,verb,Warto umieć poprawnie używać wyrażenia „zaakceptować” w rozmowie.,Стоит уметь правильно использовать выражение «принять» в разговоре.,"To wyrażenie często pojawia się w pracy, dokumentach i codziennych sytuacjach.","Это выражение часто встречается на работе, в документах и повседневных ситуациях.",прийняти,Варто вміти правильно використовувати вираз «прийняти» в розмові.,"Цей вираз часто зустрічається в роботі, документах і повсякденних ситуаціях."
638,638,kryterium,критерий,verb,Warto umieć poprawnie używać wyrażenia „odrzucić” w rozmowie.,Стоит уметь правильно использовать выражение «отклонить» в разговоре.,"To wyrażenie często pojawia się w pracy, dokumentach i codziennych sytuacjach.","Это выражение часто встречается на работе, в документах и повседневных ситуациях.",критерій,Варто вміти правильно використовувати вираз «відхилити» в розмові.,"Цей вираз часто зустрічається в роботі, документах і повсякденних ситуаціях."
639,639,zarządzanie,управление,verb,Warto umieć poprawnie używać wyrażenia „przekonać” w rozmowie.,Стоит уметь правильно использовать выражение «убедить» в разговоре.,"To wyrażenie często pojawia się w pracy, dokumentach i codziennych sytuacjach.","Это выражение часто встречается на работе, в документах и повседневных ситуациях.",управління,Варто вміти правильно використовувати вираз «переконати» в розмові.,"Цей вираз часто зустрічається в роботі, документах і повсякденних ситуаціях."
640,640,wątpić,сомневаться,verb,Warto umieć poprawnie używać wyrażenia „wątpić” w rozmowie.,Стоит уметь правильно использовать выражение «сомневаться» в разговоре.,"To wyrażenie często pojawia się w pracy, dokumentach i codziennych sytuacjach.","Это выражение часто встречается на работе, в документах и повседневных ситуациях.",сумніватися,Варто вміти правильно використовувати вираз «сумніватися» в розмові.,"Цей вираз часто зустрічається в роботі, документах і повсякденних ситуаціях."
641,641,opinia publiczna,общественное мнение,noun,Pojęcie „opinia publiczna” często pojawia się w codziennym życiu w Polsce.,Понятие «общественное мнение» часто встречается в повседневной жизни в Польше.,"Warto dobrze rozumieć słowo „opinia publiczna”, bo jest praktyczne.","Стоит хорошо понимать слово «общественное мнение», потому что оно практичное.",громадська думка,Поняття «громадська думка» часто зустрічається в повсякденному житті в Польщі.,"Варто добре розуміти слово «громадська думка», бо воно практичне."
642,642,debata,дебаты,noun,Pojęcie „debata” często pojawia się w codziennym życiu w Polsce.,Понятие «дебаты» часто встречается в повседневной жизни в Польше.,"Warto dobrze rozumieć słowo „debata”, bo jest praktyczne.","Стоит хорошо понимать слово «дебаты», потому что оно практичное.",дебати,Поняття «дебати» часто зустрічається в повсякденному житті в Польщі.,"Варто добре розуміти слово «дебати», бо воно практичне."
643,643,temat,тема,noun,Pojęcie „temat” często pojawia się w codziennym życiu w Polsce.,Понятие «тема» часто встречается в повседневной жизни в Польше.,"Warto dobrze rozumieć słowo „temat”, bo jest praktyczne.","Стоит хорошо понимать слово «тема», потому что оно практичное.",тема,Поняття «тема» часто зустрічається в повсякденному житті в Польщі.,"Варто добре розуміти слово «тема», бо воно практичне."
644,644,uprawnienie,"полномочие, право",noun,Pojęcie „punkt widzenia” często pojawia się w codziennym życiu w Polsce.,Понятие «точка зрения» часто встречается в повседневной жизни в Польше.,"Warto dobrze rozumieć słowo „punkt widzenia”, bo jest praktyczne.","Стоит хорошо понимать слово «точка зрения», потому что оно практичное.","повноваження, право",Поняття «точка зору» часто зустрічається в повсякденному житті в Польщі.,"Варто добре розуміти слово «точка зору», бо воно практичне."
645,645,wymóg formalny,формальное требование,noun,Pojęcie „perspektywa” często pojawia się w codziennym życiu w Polsce.,Понятие «перспектива» часто встречается в повседневной жизни в Польше.,"Warto dobrze rozumieć słowo „perspektywa”, bo jest praktyczne.","Стоит хорошо понимать слово «перспектива», потому что оно практичное.",формальна вимога,Поняття «перспектива» часто зустрічається в повсякденному житті в Польщі.,"Варто добре розуміти слово «перспектива», бо воно практичне."
646,646,rola,роль,noun,Pojęcie „rola” często pojawia się w codziennym życiu w Polsce.,Понятие «роль» часто встречается в повседневной жизни в Польше.,"Warto dobrze rozumieć słowo „rola”, bo jest praktyczne.","Стоит хорошо понимать слово «роль», потому что оно практичное.",роль,Поняття «роль» часто зустрічається в повсякденному житті в Польщі.,"Варто добре розуміти слово «роль», бо воно практичне."
647,647,odpowiedzialność społeczna,социальная ответственность,noun,Pojęcie „odpowiedzialność społeczna” często pojawia się w codziennym życiu w Polsce.,Понятие «социальная ответственность» часто встречается в повседневной жизни в Польше.,"Warto dobrze rozumieć słowo „odpowiedzialność społeczna”, bo jest praktyczne.","Стоит хорошо понимать слово «социальная ответственность», потому что оно практичное.",соціальна відповідальність,Поняття «соціальна відповідальність» часто зустрічається в повсякденному житті в Польщі.,"Варто добре розуміти слово «соціальна відповідальність», бо воно практичне."
648,648,środowisko naturalne,окружающая среда,noun,Pojęcie „środowisko naturalne” często pojawia się w codziennym życiu w Polsce.,Понятие «окружающая среда» часто встречается в повседневной жизни в Польше.,"Warto dobrze rozumieć słowo „środowisko naturalne”, bo jest praktyczne.","Стоит хорошо понимать слово «окружающая среда», потому что оно практичное.",довкілля,Поняття «довкілля» часто зустрічається в повсякденному житті в Польщі.,"Варто добре розуміти слово «довкілля», бо воно практичне."
649,649,ekologia,экология,noun,Pojęcie „ekologia” często pojawia się w codziennym życiu w Polsce.,Понятие «экология» часто встречается в повседневной жизни в Польше.,"Warto dobrze rozumieć słowo „ekologia”, bo jest praktyczne.","Стоит хорошо понимать слово «экология», потому что оно практичное.",екологія,Поняття «екологія» часто зустрічається в повсякденному житті в Польщі.,"Варто добре розуміти слово «екологія», бо воно практичне."
650,650,ochrona środowiska,охрана окружающей среды,noun,Pojęcie „ochrona środowiska” często pojawia się w codziennym życiu w Polsce.,Понятие «охрана окружающей среды» часто встречается в повседневной жизни в Польше.,"Warto dobrze rozumieć słowo „ochrona środowiska”, bo jest praktyczne.","Стоит хорошо понимать слово «охрана окружающей среды», потому что оно практичное.",охорона довкілля,Поняття «охорона довкілля» часто зустрічається в повсякденному житті в Польщі.,"Варто добре розуміти слово «охорона довкілля», бо воно практичне."
651,651,mieszkać,проживать,verb,Warto umieć poprawnie używać wyrażenia „mieszkać” w rozmowie.,Стоит уметь правильно использовать выражение «проживать» в разговоре.,"To wyrażenie często pojawia się w pracy, dokumentach i codziennych sytuacjach.","Это выражение часто встречается на работе, в документах и повседневных ситуациях.",мешкати,Варто вміти правильно використовувати вираз «мешкати» в розмові.,"Цей вираз часто зустрічається в роботі, документах і повсякденних ситуаціях."
652,652,przenosić się,переезжать,verb,Warto umieć poprawnie używać wyrażenia „przenosić się” w rozmowie.,Стоит уметь правильно использовать выражение «переезжать» в разговоре.,"To wyrażenie często pojawia się w pracy, dokumentach i codziennych sytuacjach.","Это выражение часто встречается на работе, в документах и повседневных ситуациях.",переїжджати,Варто вміти правильно використовувати вираз «переїжджати» в розмові.,"Цей вираз часто зустрічається в роботі, документах і повсякденних ситуаціях."
653,653,uczestniczyć,участвовать,verb,Warto umieć poprawnie używać wyrażenia „uczestniczyć” w rozmowie.,Стоит уметь правильно использовать выражение «участвовать» в разговоре.,"To wyrażenie często pojawia się w pracy, dokumentach i codziennych sytuacjach.","Это выражение часто встречается на работе, в документах и повседневных ситуациях.",брати участь,Варто вміти правильно використовувати вираз «брати участь» у розмові.,"Цей вираз часто зустрічається в роботі, документах і повсякденних ситуаціях."
654,654,angażować się,вовлекаться,verb,Warto umieć poprawnie używać wyrażenia „angażować się” w rozmowie.,Стоит уметь правильно использовать выражение «вовлекаться» в разговоре.,"To wyrażenie często pojawia się w pracy, dokumentach i codziennych sytuacjach.","Это выражение часто встречается на работе, в документах и повседневных ситуациях.",долучатися,Варто вміти правильно використовувати вираз «долучатися» в розмові.,"Цей вираз часто зустрічається в роботі, документах і повсякденних ситуаціях."
655,655,wspierać,поддерживать,verb,Warto umieć poprawnie używać wyrażenia „wspierać” w rozmowie.,Стоит уметь правильно использовать выражение «поддерживать» в разговоре.,"To wyrażenie często pojawia się w pracy, dokumentach i codziennych sytuacjach.","Это выражение часто встречается на работе, в документах и повседневных ситуациях.",підтримувати,Варто вміти правильно використовувати вираз «підтримувати» в розмові.,"Цей вираз часто зустрічається в роботі, документах і повсякденних ситуаціях."
656,656,szanować,уважать,verb,Warto umieć poprawnie używać wyrażenia „szanować” w rozmowie.,Стоит уметь правильно использовать выражение «уважать» в разговоре.,"To wyrażenie często pojawia się w pracy, dokumentach i codziennych sytuacjach.","Это выражение часто встречается на работе, в документах и повседневных ситуациях.",поважати,Варто вміти правильно використовувати вираз «поважати» в розмові.,"Цей вираз часто зустрічається в роботі, документах і повсякденних ситуаціях."
657,657,doceniać,ценить,verb,Warto umieć poprawnie używać wyrażenia „doceniać” w rozmowie.,Стоит уметь правильно использовать выражение «ценить» в разговоре.,"To wyrażenie często pojawia się w pracy, dokumentach i codziennych sytuacjach.","Это выражение часто встречается на работе, в документах и повседневных ситуациях.",цінувати,Варто вміти правильно використовувати вираз «цінувати» в розмові.,"Цей вираз часто зустрічається в роботі, документах і повсякденних ситуаціях."
658,658,wpływać na,влиять на,verb,Warto umieć poprawnie używać wyrażenia „wpływać na” w rozmowie.,Стоит уметь правильно использовать выражение «влиять на» в разговоре.,"To wyrażenie często pojawia się w pracy, dokumentach i codziennych sytuacjach.","Это выражение часто встречается на работе, в документах и повседневных ситуациях.",впливати на,Варто вміти правильно використовувати вираз «впливати на» в розмові.,"Цей вираз часто зустрічається в роботі, документах і повсякденних ситуаціях."
659,659,reagować,реагировать,verb,Warto umieć poprawnie używać wyrażenia „reagować” w rozmowie.,Стоит уметь правильно использовать выражение «реагировать» в разговоре.,"To wyrażenie często pojawia się w pracy, dokumentach i codziennych sytuacjach.","Это выражение часто встречается на работе, в документах и повседневных ситуациях.",реагувати,Варто вміти правильно використовувати вираз «реагувати» в розмові.,"Цей вираз часто зустрічається в роботі, документах і повсякденних ситуаціях."
660,660,dostosować się,адаптироваться,verb,Warto umieć poprawnie używać wyrażenia „dostosować się” w rozmowie.,Стоит уметь правильно использовать выражение «адаптироваться» в разговоре.,"To wyrażenie często pojawia się w pracy, dokumentach i codziennych sytuacjach.","Это выражение часто встречается на работе, в документах и повседневных ситуациях.",пристосуватися,Варто вміти правильно використовувати вираз «пристосуватися» в розмові.,"Цей вираз часто зустрічається в роботі, документах і повсякденних ситуаціях."
661,661,zamysł,замысел,noun,Pojęcie „możliwość” często pojawia się w codziennym życiu w Polsce.,Понятие «возможность» часто встречается в повседневной жизни в Польше.,"Warto dobrze rozumieć słowo „możliwość”, bo jest praktyczne.","Стоит хорошо понимать слово «возможность», потому что оно практичное.",задум,Поняття «можливість» часто зустрічається в повсякденному житті в Польщі.,"Варто добре розуміти слово «можливість», бо воно практичне."
662,662,perspektywy,перспективы,noun,Pojęcie „okazja” często pojawia się w codziennym życiu w Polsce.,Понятие «возможность» часто встречается в повседневной жизни в Польше.,"Warto dobrze rozumieć słowo „okazja”, bo jest praktyczne.","Стоит хорошо понимать слово «возможность», потому что оно практичное.",перспективи,Поняття «нагода» часто зустрічається в повсякденному житті в Польщі.,"Варто добре розуміти слово «нагода», бо воно практичне."
663,663,awansować,повышаться,noun,Pojęcie „wymaganie” często pojawia się w codziennym życiu w Polsce.,Понятие «требование» часто встречается в повседневной жизни в Польше.,"Warto dobrze rozumieć słowo „wymaganie”, bo jest praktyczne.","Стоит хорошо понимать слово «требование», потому что оно практичное.",просуватися,Поняття «вимога» часто зустрічається в повсякденному житті в Польщі.,"Варто добре розуміти слово «вимога», бо воно практичне."
664,664,potrzeba,потребность,noun,Pojęcie „potrzeba” często pojawia się w codziennym życiu w Polsce.,Понятие «потребность» часто встречается в повседневной жизни в Польше.,"Warto dobrze rozumieć słowo „potrzeba”, bo jest praktyczne.","Стоит хорошо понимать слово «потребность», потому что оно практичное.",потреба,Поняття «потреба» часто зустрічається в повсякденному житті в Польщі.,"Варто добре розуміти слово «потреба», бо воно практичне."
665,665,prezes,директор,noun,Pojęcie „oczekiwanie” często pojawia się w codziennym życiu w Polsce.,Понятие «ожидание» часто встречается в повседневной жизни в Польше.,"Warto dobrze rozumieć słowo „oczekiwanie”, bo jest praktyczne.","Стоит хорошо понимать слово «ожидание», потому что оно практичное.",директор,Поняття «очікування» часто зустрічається в повсякденному житті в Польщі.,"Варто добре розуміти слово «очікування», бо воно практичне."
666,666,zainteresowanie,интерес,noun,Pojęcie „zainteresowanie” często pojawia się w codziennym życiu w Polsce.,Понятие «интерес» часто встречается в повседневной жизни в Польше.,"Warto dobrze rozumieć słowo „zainteresowanie”, bo jest praktyczne.","Стоит хорошо понимать слово «интерес», потому что оно практичное.",зацікавленість,Поняття «зацікавленість» часто зустрічається в повсякденному житті в Польщі.,"Варто добре розуміти слово «зацікавленість», бо воно практичне."
667,667,obywatel UE,гражданин ЕС,noun,Pojęcie „rozwój” często pojawia się w codziennym życiu w Polsce.,Понятие «развитие» часто встречается в повседневной жизни в Польше.,"Warto dobrze rozumieć słowo „rozwój”, bo jest praktyczne.","Стоит хорошо понимать слово «развитие», потому что оно практичное.",громадянин ЄС,Поняття «розвиток» часто зустрічається в повсякденному житті в Польщі.,"Варто добре розуміти слово «розвиток», бо воно практичне."
668,668,zatrudniający,работодатель,noun,Pojęcie „postęp” często pojawia się w codziennym życiu w Polsce.,Понятие «прогресс» часто встречается в повседневной жизни в Польше.,"Warto dobrze rozumieć słowo „postęp”, bo jest praktyczne.","Стоит хорошо понимать слово «прогресс», потому что оно практичное.",роботодавець,Поняття «прогрес» часто зустрічається в повсякденному житті в Польщі.,"Варто добре розуміти слово «прогрес», бо воно практичне."
669,669,tempo rozwoju,темп развития,noun,Pojęcie „tempo rozwoju” często pojawia się w codziennym życiu w Polsce.,Понятие «темп развития» часто встречается в повседневной жизни в Польше.,"Warto dobrze rozumieć słowo „tempo rozwoju”, bo jest praktyczne.","Стоит хорошо понимать слово «темп развития», потому что оно практичное.",темп розвитку,Поняття «темп розвитку» часто зустрічається в повсякденному житті в Польщі.,"Варто добре розуміти слово «темп розвитку», бо воно практичне."
670,670,sekretariat,секретариат,noun,Pojęcie „korzyść” często pojawia się w codziennym życiu w Polsce.,Понятие «польза» часто встречается в повседневной жизни в Польше.,"Warto dobrze rozumieć słowo „korzyść”, bo jest praktyczne.","Стоит хорошо понимать слово «польза», потому что оно практичное.",секретаріат,Поняття «вигода» часто зустрічається в повсякденному житті в Польщі.,"Варто добре розуміти слово «вигода», бо воно практичне."
671,671,warto inwestować,стоит инвестировать,phrase,Wyrażenie „warto inwestować” pomaga budować bardziej naturalne zdania.,Выражение «стоит инвестировать» помогает строить более естественные предложения.,"Warto znać „warto inwestować”, bo często pojawia się w rozmowach i tekstach.","Стоит знать «стоит инвестировать», потому что оно часто встречается в разговорах и текстах.",варто інвестувати,Вираз «варто інвестувати» допомагає будувати більш природні речення.,"Варто знати «варто інвестувати», бо він часто зустрічається в розмовах і текстах."
672,672,podejmować decyzję,принимать решение,verb,Warto umieć poprawnie używać wyrażenia „podejmować decyzję” w rozmowie.,Стоит уметь правильно использовать выражение «принимать решение» в разговоре.,"To wyrażenie często pojawia się w pracy, dokumentach i codziennych sytuacjach.","Это выражение часто встречается на работе, в документах и повседневных ситуациях.",приймати рішення,Варто вміти правильно використовувати вираз «приймати рішення» в розмові.,"Цей вираз часто зустрічається в роботі, документах і повсякденних ситуаціях."
673,673,rozwiązywać problem,решать проблему,verb,Warto umieć poprawnie używać wyrażenia „rozwiązywać problem” w rozmowie.,Стоит уметь правильно использовать выражение «решать проблему» в разговоре.,"To wyrażenie często pojawia się w pracy, dokumentach i codziennych sytuacjach.","Это выражение часто встречается на работе, в документах и повседневных ситуациях.",вирішувати проблему,Варто вміти правильно використовувати вираз «вирішувати проблему» в розмові.,"Цей вираз часто зустрічається в роботі, документах і повсякденних ситуаціях."
674,674,osiągnąć cel,достичь цели,verb,Warto umieć poprawnie używać wyrażenia „osiągnąć cel” w rozmowie.,Стоит уметь правильно использовать выражение «достичь цели» в разговоре.,"To wyrażenie często pojawia się w pracy, dokumentach i codziennych sytuacjach.","Это выражение часто встречается на работе, в документах и повседневных ситуациях.",досягти мети,Варто вміти правильно використовувати вираз «досягти мети» в розмові.,"Цей вираз часто зустрічається в роботі, документах і повсякденних ситуаціях."
675,675,wyciągać wnioski,делать выводы,verb,Warto umieć poprawnie używać wyrażenia „wyciągać wnioski” w rozmowie.,Стоит уметь правильно использовать выражение «делать выводы» в разговоре.,"To wyrażenie często pojawia się w pracy, dokumentach i codziennych sytuacjach.","Это выражение часто встречается на работе, в документах и повседневных ситуациях.",робити висновки,Варто вміти правильно використовувати вираз «робити висновки» в розмові.,"Цей вираз часто зустрічається в роботі, документах і повсякденних ситуаціях."
676,676,zwracać uwagę,обращать внимание,verb,Warto umieć poprawnie używać wyrażenia „zwracać uwagę” w rozmowie.,Стоит уметь правильно использовать выражение «обращать внимание» в разговоре.,"To wyrażenie często pojawia się w pracy, dokumentach i codziennych sytuacjach.","Это выражение часто встречается на работе, в документах и повседневных ситуациях.",звертати увагу,Варто вміти правильно використовувати вираз «звертати увагу» в розмові.,"Цей вираз часто зустрічається в роботі, документах і повсякденних ситуаціях."
677,677,mieć znaczenie,иметь значение,verb,Warto umieć poprawnie używać wyrażenia „mieć znaczenie” w rozmowie.,Стоит уметь правильно использовать выражение «иметь значение» в разговоре.,"To wyrażenie często pojawia się w pracy, dokumentach i codziennych sytuacjach.","Это выражение часто встречается на работе, в документах и повседневных ситуациях.",мати значення,Варто вміти правильно використовувати вираз «мати значення» в розмові.,"Цей вираз часто зустрічається в роботі, документах і повсякденних ситуаціях."
678,678,państwo,государство,noun,Pojęcie „państwo” często pojawia się w codziennym życiu w Polsce.,Понятие «государство» часто встречается в повседневной жизни в Польше.,"Warto dobrze rozumieć słowo „państwo”, bo jest praktyczne.","Стоит хорошо понимать слово «государство», потому что оно практичное.",держава,Поняття «держава» часто зустрічається в повсякденному житті в Польщі.,"Варто добре розуміти слово «держава», бо воно практичне."
679,679,rząd,правительство,noun,Pojęcie „rząd” często pojawia się w codziennym życiu w Polsce.,Понятие «правительство» часто встречается в повседневной жизни в Польше.,"Warto dobrze rozumieć słowo „rząd”, bo jest praktyczne.","Стоит хорошо понимать слово «правительство», потому что оно практичное.",уряд,Поняття «уряд» часто зустрічається в повсякденному житті в Польщі.,"Варто добре розуміти слово «уряд», бо воно практичне."
680,680,ministerstwo,министерство,noun,Pojęcie „ministerstwo” często pojawia się w codziennym życiu w Polsce.,Понятие «министерство» часто встречается в повседневной жизни в Польше.,"Warto dobrze rozumieć słowo „ministerstwo”, bo jest praktyczne.","Стоит хорошо понимать слово «министерство», потому что оно практичное.",міністерство,Поняття «міністерство» часто зустрічається в повсякденному житті в Польщі.,"Варто добре розуміти слово «міністерство», бо воно практичне."
681,681,samorząd,местное самоуправление,noun,Pojęcie „samorząd” często pojawia się w codziennym życiu w Polsce.,Понятие «местное самоуправление» часто встречается в повседневной жизни в Польше.,"Warto dobrze rozumieć słowo „samorząd”, bo jest praktyczne.","Стоит хорошо понимать слово «местное самоуправление», потому что оно практичное.",самоврядування,Поняття «самоврядування» часто зустрічається в повсякденному житті в Польщі.,"Варто добре розуміти слово «самоврядування», бо воно практичне."
682,682,wybory,выборы,noun,Pojęcie „wybory” często pojawia się w codziennym życiu w Polsce.,Понятие «выборы» часто встречается в повседневной жизни в Польше.,"Warto dobrze rozumieć słowo „wybory”, bo jest praktyczne.","Стоит хорошо понимать слово «выборы», потому что оно практичное.",вибори,Поняття «вибори» часто зустрічається в повсякденному житті в Польщі.,"Варто добре розуміти слово «вибори», бо воно практичне."
683,683,głosować,голосовать,verb,Warto umieć poprawnie używać wyrażenia „głosować” w rozmowie.,Стоит уметь правильно использовать выражение «голосовать» в разговоре.,"To wyrażenie często pojawia się w pracy, dokumentach i codziennych sytuacjach.","Это выражение часто встречается на работе, в документах и повседневных ситуациях.",голосувати,Варто вміти правильно використовувати вираз «голосувати» в розмові.,"Цей вираз часто зустрічається в роботі, документах і повсякденних ситуаціях."
684,684,planować z wyprzedzeniem,планировать заранее,noun,Pojęcie „obywatelstwo” często pojawia się w codziennym życiu w Polsce.,Понятие «гражданство» часто встречается в повседневной жизни в Польше.,"Warto dobrze rozumieć słowo „obywatelstwo”, bo jest praktyczne.","Стоит хорошо понимать слово «гражданство», потому что оно практичное.",планувати заздалегідь,Поняття «громадянство» часто зустрічається в повсякденному житті в Польщі.,"Варто добре розуміти слово «громадянство», бо воно практичне."
685,685,prawo jazdy,водительское удостоверение,noun,Pojęcie „prawo jazdy” często pojawia się w codziennym życiu w Polsce.,Понятие «водительское удостоверение» часто встречается в повседневной жизни в Польше.,"Warto dobrze rozumieć słowo „prawo jazdy”, bo jest praktyczne.","Стоит хорошо понимать слово «водительское удостоверение», потому что оно практичное.",водійське посвідчення,Поняття «водійське посвідчення» часто зустрічається в повсякденному житті в Польщі.,"Варто добре розуміти слово «водійське посвідчення», бо воно практичне."
686,686,paszport,паспорт,noun,Pojęcie „paszport” często pojawia się w codziennym życiu w Polsce.,Понятие «паспорт» часто встречается в повседневной жизни в Польше.,"Warto dobrze rozumieć słowo „paszport”, bo jest praktyczne.","Стоит хорошо понимать слово «паспорт», потому что оно практичное.",паспорт,Поняття «паспорт» часто зустрічається в повсякденному житті в Польщі.,"Варто добре розуміти слово «паспорт», бо воно практичне."
687,687,dowód osobisty,удостоверение личности,noun,Pojęcie „dowód osobisty” często pojawia się w codziennym życiu w Polsce.,Понятие «удостоверение личности» часто встречается в повседневной жизни в Польше.,"Warto dobrze rozumieć słowo „dowód osobisty”, bo jest praktyczne.","Стоит хорошо понимать слово «удостоверение личности», потому что оно практичное.",посвідчення особи,Поняття «посвідчення особи» часто зустрічається в повсякденному житті в Польщі.,"Варто добре розуміти слово «посвідчення особи», бо воно практичне."
688,688,wydział,"отдел, факультет",noun,Pojęcie „gospodarka” często pojawia się w codziennym życiu w Polsce.,Понятие «экономика» часто встречается в повседневной жизни в Польше.,"Warto dobrze rozumieć słowo „gospodarka”, bo jest praktyczne.","Стоит хорошо понимать слово «экономика», потому что оно практичное.","відділ, факультет",Поняття «економіка» часто зустрічається в повсякденному житті в Польщі.,"Варто добре розуміти слово «економіка», бо воно практичне."
689,689,wzrost gospodarczy,экономический рост,noun,Pojęcie „wzrost gospodarczy” często pojawia się w codziennym życiu w Polsce.,Понятие «экономический рост» часто встречается в повседневной жизни в Польше.,"Warto dobrze rozumieć słowo „wzrost gospodarczy”, bo jest praktyczne.","Стоит хорошо понимать слово «экономический рост», потому что оно практичное.",економічне зростання,Поняття «економічне зростання» часто зустрічається в повсякденному житті в Польщі.,"Варто добре розуміти слово «економічне зростання», бо воно практичне."
690,690,inflacja,инфляция,noun,Pojęcie „inflacja” często pojawia się w codziennym życiu w Polsce.,Понятие «инфляция» часто встречается в повседневной жизни в Польше.,"Warto dobrze rozumieć słowo „inflacja”, bo jest praktyczne.","Стоит хорошо понимать слово «инфляция», потому что оно практичное.",інфляція,Поняття «інфляція» часто зустрічається в повсякденному житті в Польщі.,"Варто добре розуміти слово «інфляція», бо воно практичне."
691,691,zgodność,соответствие,noun,Pojęcie „bezrobocie” często pojawia się w codziennym życiu w Polsce.,Понятие «безработица» часто встречается в повседневной жизни в Польше.,"Warto dobrze rozumieć słowo „bezrobocie”, bo jest praktyczne.","Стоит хорошо понимать слово «безработица», потому что оно практичное.",відповідність,Поняття «безробіття» часто зустрічається в повсякденному житті в Польщі.,"Варто добре розуміти слово «безробіття», бо воно практичне."
692,692,rynek pracy,рынок труда,noun,Pojęcie „rynek pracy” często pojawia się w codziennym życiu w Polsce.,Понятие «рынок труда» часто встречается в повседневной жизни в Польше.,"Warto dobrze rozumieć słowo „rynek pracy”, bo jest praktyczne.","Стоит хорошо понимать слово «рынок труда», потому что оно практичное.",ринок праці,Поняття «ринок праці» часто зустрічається в повсякденному житті в Польщі.,"Варто добре розуміти слово «ринок праці», бо воно практичне."
693,693,zatwierdzać,утверждать,noun,Pojęcie „pracodawca” często pojawia się w codziennym życiu w Polsce.,Понятие «работодатель» часто встречается в повседневной жизни в Польше.,"Warto dobrze rozumieć słowo „pracodawca”, bo jest praktyczne.","Стоит хорошо понимать слово «работодатель», потому что оно практичное.",затверджувати,Поняття «роботодавець» часто зустрічається в повсякденному житті в Польщі.,"Варто добре розуміти слово «роботодавець», бо воно практичне."
694,694,wynik finansowy,финансовый результат,noun,Pojęcie „wynik finansowy” często pojawia się w codziennym życiu w Polsce.,Понятие «финансовый результат» часто встречается в повседневной жизни в Польше.,"Warto dobrze rozumieć słowo „wynik finansowy”, bo jest praktyczne.","Стоит хорошо понимать слово «финансовый результат», потому что оно практичное.",фінансовий результат,Поняття «фінансовий результат» часто зустрічається в повсякденному житті в Польщі.,"Варто добре розуміти слово «фінансовий результат», бо воно практичне."
695,695,pomijać,пропускать,noun,Pojęcie „media” często pojawia się w codziennym życiu w Polsce.,Понятие «средства массовой информации» часто встречается в повседневной жизни в Польше.,"Warto dobrze rozumieć słowo „media”, bo jest praktyczne.","Стоит хорошо понимать слово «средства массовой информации», потому что оно практичное.",пропускати,Поняття «медіа» часто зустрічається в повсякденному житті в Польщі.,"Варто добре розуміти слово «медіа», бо воно практичне."
696,696,wiadomości,новости,noun,Pojęcie „wiadomości” często pojawia się w codziennym życiu w Polsce.,Понятие «новости» часто встречается в повседневной жизни в Польше.,"Warto dobrze rozumieć słowo „wiadomości”, bo jest praktyczne.","Стоит хорошо понимать слово «новости», потому что оно практичное.",новини,Поняття «новини» часто зустрічається в повсякденному житті в Польщі.,"Варто добре розуміти слово «новини», бо воно практичне."
697,697,mimo że,несмотря на то что,connector,Wyrażenie „mimo że” pomaga budować bardziej naturalne zdania.,Выражение «несмотря на то что» помогает строить более естественные предложения.,"Warto znać „mimo że”, bo często pojawia się w rozmowach i tekstach.","Стоит знать «несмотря на то что», потому что оно часто встречается в разговорах и текстах.",хоча,Вираз «хоча» допомагає будувати більш природні речення.,"Варто знати «хоча», бо він часто зустрічається в розмовах і текстах."
698,698,chociaż,хотя,connector,Wyrażenie „chociaż” pomaga budować bardziej naturalne zdania.,Выражение «хотя» помогает строить более естественные предложения.,"Warto znać „chociaż”, bo często pojawia się w rozmowach i tekstach.","Стоит знать «хотя», потому что оно часто встречается в разговорах и текстах.",хоча,Вираз «хоча» допомагає будувати більш природні речення.,"Варто знати «хоча», бо він часто зустрічається в розмовах і текстах."
699,699,jednak,однако,connector,Wyrażenie „jednak” pomaga budować bardziej naturalne zdania.,Выражение «однако» помогает строить более естественные предложения.,"Warto znać „jednak”, bo często pojawia się w rozmowach i tekstach.","Стоит знать «однако», потому что оно часто встречается в разговорах и текстах.",однак,Вираз «однак» допомагає будувати більш природні речення.,"Варто знати «однак», бо він часто зустрічається в розмовах і текстах."
700,700,natomiast,в то время как,connector,Wyrażenie „natomiast” pomaga budować bardziej naturalne zdania.,Выражение «в то время как» помогает строить более естественные предложения.,"Warto znać „natomiast”, bo często pojawia się w rozmowach i tekstach.","Стоит знать «в то время как», потому что оно часто встречается в разговорах и текстах.",натомість,Вираз «натомість» допомагає будувати більш природні речення.,"Варто знати «натомість», бо він часто зустрічається в розмовах і текстах."
701,701,ponadto,кроме того,connector,Wyrażenie „ponadto” pomaga budować bardziej naturalne zdania.,Выражение «кроме того» помогает строить более естественные предложения.,"Warto znać „ponadto”, bo często pojawia się w rozmowach i tekstach.","Стоит знать «кроме того», потому что оно часто встречается в разговорах и текстах.",крім того,Вираз «крім того» допомагає будувати більш природні речення.,"Варто знати «крім того», бо він часто зустрічається в розмовах і текстах."
702,702,w związku z,в связи с,connector,Wyrażenie „w związku z” pomaga budować bardziej naturalne zdania.,Выражение «в связи с» помогает строить более естественные предложения.,"Warto znać „w związku z”, bo często pojawia się w rozmowach i tekstach.","Стоит знать «в связи с», потому что оно часто встречается в разговорах и текстах.",у зв'язку з,Вираз «у зв'язку з» допомагає будувати більш природні речення.,"Варто знати «у зв'язку з», бо він часто зустрічається в розмовах і текстах."
703,703,z tego powodu,по этой причине,connector,Wyrażenie „z tego powodu” pomaga budować bardziej naturalne zdania.,Выражение «по этой причине» помогает строить более естественные предложения.,"Warto znać „z tego powodu”, bo często pojawia się w rozmowach i tekstach.","Стоит знать «по этой причине», потому что оно часто встречается в разговорах и текстах.",з цієї причини,Вираз «з цієї причини» допомагає будувати більш природні речення.,"Варто знати «з цієї причини», бо він часто зустрічається в розмовах і текстах."
704,704,w rezultacie,в результате,connector,Wyrażenie „w rezultacie” pomaga budować bardziej naturalne zdania.,Выражение «в результате» помогает строить более естественные предложения.,"Warto znać „w rezultacie”, bo często pojawia się w rozmowach i tekstach.","Стоит знать «в результате», потому что оно часто встречается в разговорах и текстах.",у результаті,Вираз «у результаті» допомагає будувати більш природні речення.,"Варто знати «у результаті», бо він часто зустрічається в розмовах і текстах."
705,705,w porównaniu do,по сравнению с,connector,Wyrażenie „w porównaniu do” pomaga budować bardziej naturalne zdania.,Выражение «по сравнению с» помогает строить более естественные предложения.,"Warto znać „w porównaniu do”, bo często pojawia się w rozmowach i tekstach.","Стоит знать «по сравнению с», потому что оно часто встречается в разговорах и текстах.",у порівнянні з,Вираз «у порівнянні з» допомагає будувати більш природні речення.,"Варто знати «у порівнянні з», бо він часто зустрічається в розмовах і текстах."
706,706,pod warunkiem że,при условии что,connector,Wyrażenie „pod warunkiem że” pomaga budować bardziej naturalne zdania.,Выражение «при условии что» помогает строить более естественные предложения.,"Warto znać „pod warunkiem że”, bo często pojawia się w rozmowach i tekstach.","Стоит знать «при условии что», потому что оно часто встречается в разговорах и текстах.","за умови, що","Вираз «за умови, що» допомагає будувати більш природні речення.","Варто знати «за умови, що», бо він часто зустрічається в розмовах і текстах."
707,707,zakładać,предполагать,verb,Warto umieć poprawnie używać wyrażenia „zakładać” w rozmowie.,Стоит уметь правильно использовать выражение «предполагать» в разговоре.,"To wyrażenie często pojawia się w pracy, dokumentach i codziennych sytuacjach.","Это выражение часто встречается на работе, в документах и повседневных ситуациях.",припускати,Варто вміти правильно використовувати дієслово «припускати» в розмові.,"Це дієслово часто зустрічається в роботі, документах і повсякденних ситуаціях."
708,708,druk,печатная форма,verb,Warto umieć poprawnie używać wyrażenia „przewidywać” w rozmowie.,Стоит уметь правильно использовать выражение «предусматривать» в разговоре.,"To wyrażenie często pojawia się w pracy, dokumentach i codziennych sytuacjach.","Это выражение часто встречается на работе, в документах и повседневных ситуациях.",друк,Варто вміти правильно використовувати дієслово «передбачати» в розмові.,"Це дієслово часто зустрічається в роботі, документах і повсякденних ситуаціях."
709,709,rozpatrywać,рассматривать,verb,Warto umieć poprawnie używać wyrażenia „rozpatrywać” w rozmowie.,Стоит уметь правильно использовать выражение «рассматривать» в разговоре.,"To wyrażenie często pojawia się w pracy, dokumentach i codziennych sytuacjach.","Это выражение часто встречается на работе, в документах и повседневных ситуациях.",розглядати,Варто вміти правильно використовувати дієслово «розглядати» в розмові.,"Це дієслово часто зустрічається в роботі, документах і повсякденних ситуаціях."
710,710,uwzględniać,учитывать,verb,Warto umieć poprawnie używać wyrażenia „uwzględniać” w rozmowie.,Стоит уметь правильно использовать выражение «учитывать» в разговоре.,"To wyrażenie często pojawia się w pracy, dokumentach i codziennych sytuacjach.","Это выражение часто встречается на работе, в документах и повседневных ситуациях.",враховувати,Варто вміти правильно використовувати дієслово «враховувати» в розмові.,"Це дієслово часто зустрічається в роботі, документах і повсякденних ситуаціях."
711,711,określać,определять,verb,Warto umieć poprawnie używać wyrażenia „określać” w rozmowie.,Стоит уметь правильно использовать выражение «определять» в разговоре.,"To wyrażenie często pojawia się w pracy, dokumentach i codziennych sytuacjach.","Это выражение часто встречается на работе, в документах и повседневных ситуациях.",визначати,Варто вміти правильно використовувати дієслово «визначати» в розмові.,"Це дієслово часто зустрічається в роботі, документах і повсякденних ситуаціях."
712,712,wskazywać,указывать,verb,Warto umieć poprawnie używać wyrażenia „wskazywać” w rozmowie.,Стоит уметь правильно использовать выражение «указывать» в разговоре.,"To wyrażenie często pojawia się w pracy, dokumentach i codziennych sytuacjach.","Это выражение часто встречается на работе, в документах и повседневных ситуациях.",вказувати,Варто вміти правильно використовувати дієслово «вказувати» в розмові.,"Це дієслово часто зустрічається в роботі, документах і повсякденних ситуаціях."
713,713,autograf,подпись,verb,Warto umieć poprawnie używać wyrażenia „potwierdzać” w rozmowie.,Стоит уметь правильно использовать выражение «подтверждать» в разговоре.,"To wyrażenie często pojawia się w pracy, dokumentach i codziennych sytuacjach.","Это выражение часто встречается на работе, в документах и повседневных ситуациях.",підпис,Варто вміти правильно використовувати дієслово «підтверджувати» в розмові.,"Це дієслово часто зустрічається в роботі, документах і повсякденних ситуаціях."
714,714,zaprzeczać,отрицать,verb,Warto umieć poprawnie używać wyrażenia „zaprzeczać” w rozmowie.,Стоит уметь правильно использовать выражение «отрицать» в разговоре.,"To wyrażenie często pojawia się w pracy, dokumentach i codziennych sytuacjach.","Это выражение часто встречается на работе, в документах и повседневных ситуациях.",заперечувати,Варто вміти правильно використовувати дієслово «заперечувати» в розмові.,"Це дієслово часто зустрічається в роботі, документах і повсякденних ситуаціях."
715,715,przyczyniać się do,способствовать,verb,Warto umieć poprawnie używać wyrażenia „przyczyniać się do” w rozmowie.,Стоит уметь правильно использовать выражение «способствовать» в разговоре.,"To wyrażenie często pojawia się w pracy, dokumentach i codziennych sytuacjach.","Это выражение часто встречается на работе, в документах и повседневных ситуациях.",сприяти,Варто вміти правильно використовувати вираз «сприяти» в розмові.,"Цей вираз часто зустрічається в роботі, документах і повсякденних ситуаціях."
716,716,dzięki temu,благодаря этому,connector,Wyrażenie „dzięki temu” pomaga budować bardziej naturalne zdania.,Выражение «благодаря этому» помогает строить более естественные предложения.,"Warto znać „dzięki temu”, bo często pojawia się w rozmowach i tekstach.","Стоит знать «благодаря этому», потому что оно часто встречается в разговорах и текстах.",завдяки цьому,Вираз «завдяки цьому» допомагає будувати більш природні речення.,"Варто знати «завдяки цьому», бо він часто зустрічається в розмовах і текстах."
717,717,zamiast,вместо,connector,Wyrażenie „zamiast” pomaga budować bardziej naturalne zdania.,Выражение «вместо» помогает строить более естественные предложения.,"Warto znać „zamiast”, bo często pojawia się w rozmowach i tekstach.","Стоит знать «вместо», потому что оно часто встречается в разговорах и текстах.",замість,Вираз «замість» допомагає будувати більш природні речення.,"Варто знати «замість», бо він часто зустрічається в розмовах і текстах."
718,718,zarówno... jak i...,как... так и...,connector,Wyrażenie „zarówno... jak i...” pomaga budować bardziej naturalne zdania.,Выражение «как... так и...» помогает строить более естественные предложения.,"Warto znać „zarówno... jak i...”, bo często pojawia się w rozmowach i tekstach.","Стоит знать «как... так и...», потому что оно часто встречается в разговорах и текстах.",як... так і...,Вираз «як... так і...» допомагає будувати більш природні речення.,"Варто знати «як... так і...», бо він часто зустрічається в розмовах і текстах."
719,719,nie tylko... ale także...,не только... но и...,connector,Wyrażenie „nie tylko... ale także...” pomaga budować bardziej naturalne zdania.,Выражение «не только... но и...» помогает строить более естественные предложения.,"Warto znać „nie tylko... ale także...”, bo często pojawia się w rozmowach i tekstach.","Стоит знать «не только... но и...», потому что оно часто встречается в разговорах и текстах.",не тільки... а й...,Вираз «не тільки... а й...» допомагає будувати більш природні речення.,"Варто знати «не тільки... а й...», бо він часто зустрічається в розмовах і текстах."
720,720,choćby,хотя бы,connector,Wyrażenie „choćby” pomaga budować bardziej naturalne zdania.,Выражение «хотя бы» помогает строить более естественные предложения.,"Warto znać „choćby”, bo często pojawia się w rozmowach i tekstach.","Стоит знать «хотя бы», потому что оно часто встречается в разговорах и текстах.",хоча б,Вираз «хоча б» допомагає будувати більш природні речення.,"Варто знати «хоча б», бо він часто зустрічається в розмовах і текстах."
721,721,szczególnie,особенно,adverb,Wyrażenie „szczególnie” pomaga budować bardziej naturalne zdania.,Выражение «особенно» помогает строить более естественные предложения.,"Warto znać „szczególnie”, bo często pojawia się w rozmowach i tekstach.","Стоит знать «особенно», потому что оно часто встречается в разговорах и текстах.",особливо,Вираз „особливо” допомагає будувати більш природні речення.,"Варто знати „особливо”, бо він часто зустрічається в розмовах і текстах."
722,722,głównie,главным образом,adverb,Wyrażenie „głównie” pomaga budować bardziej naturalne zdania.,Выражение «главным образом» помогает строить более естественные предложения.,"Warto znać „głównie”, bo często pojawia się w rozmowach i tekstach.","Стоит знать «главным образом», потому что оно часто встречается в разговорах и текстах.",головним чином,Вираз „головним чином” допомагає будувати більш природні речення.,"Варто знати „головним чином”, бо він часто зустрічається в розмовах і текстах."
723,723,wyłącznie,исключительно,adverb,Wyrażenie „wyłącznie” pomaga budować bardziej naturalne zdania.,Выражение «исключительно» помогает строить более естественные предложения.,"Warto znać „wyłącznie”, bo często pojawia się w rozmowach i tekstach.","Стоит знать «исключительно», потому что оно часто встречается в разговорах и текстах.",виключно,Вираз „виключно” допомагає будувати більш природні речення.,"Варто знати „виключно”, бо він часто зустрічається в розмовах і текстах."
724,724,prawdopodobnie,вероятно,adverb,Wyrażenie „prawdopodobnie” pomaga budować bardziej naturalne zdania.,Выражение «вероятно» помогает строить более естественные предложения.,"Warto znać „prawdopodobnie”, bo często pojawia się w rozmowach i tekstach.","Стоит знать «вероятно», потому что оно часто встречается в разговорах и текстах.",ймовірно,Вираз „ймовірно” допомагає будувати більш природні речення.,"Варто знати „ймовірно”, бо він часто зустрічається в розмовах і текстах."
725,725,niewątpliwie,несомненно,adverb,Wyrażenie „niewątpliwie” pomaga budować bardziej naturalne zdania.,Выражение «несомненно» помогает строить более естественные предложения.,"Warto znać „niewątpliwie”, bo często pojawia się w rozmowach i tekstach.","Стоит знать «несомненно», потому что оно часто встречается в разговорах и текстах.",безсумнівно,Вираз „безсумнівно” допомагає будувати більш природні речення.,"Варто знати „безсумнівно”, бо він часто зустрічається в розмовах і текстах."
726,726,rzeczywiście,действительно,adverb,Wyrażenie „rzeczywiście” pomaga budować bardziej naturalne zdania.,Выражение «действительно» помогает строить более естественные предложения.,"Warto znać „rzeczywiście”, bo często pojawia się w rozmowach i tekstach.","Стоит знать «действительно», потому что оно часто встречается в разговорах и текстах.",справді,Вираз „справді” допомагає будувати більш природні речення.,"Варто знати „справді”, бо він часто зустрічається в розмовах і текстах."
727,727,ostatecznie,в конечном итоге,adverb,Wyrażenie „ostatecznie” pomaga budować bardziej naturalne zdania.,Выражение «в конечном итоге» помогает строить более естественные предложения.,"Warto znać „ostatecznie”, bo często pojawia się w rozmowach i tekstach.","Стоит знать «в конечном итоге», потому что оно часто встречается в разговорах и текстах.",зрештою,Вираз „зрештою” допомагає будувати більш природні речення.,"Варто знати „зрештою”, бо він часто зустрічається в розмовах і текстах."
728,728,dodatkowo,дополнительно,adverb,Wyrażenie „dodatkowo” pomaga budować bardziej naturalne zdania.,Выражение «дополнительно» помогает строить более естественные предложения.,"Warto znać „dodatkowo”, bo często pojawia się w rozmowach i tekstach.","Стоит знать «дополнительно», потому что оно часто встречается в разговорах и текстах.",додатково,Вираз „додатково” допомагає будувати більш природні речення.,"Варто знати „додатково”, бо він часто зустрічається в розмовах і текстах."
729,729,stopniowo,постепенно,adverb,Wyrażenie „stopniowo” pomaga budować bardziej naturalne zdania.,Выражение «постепенно» помогает строить более естественные предложения.,"Warto znać „stopniowo”, bo często pojawia się w rozmowach i tekstach.","Стоит знать «постепенно», потому что оно часто встречается в разговорах и текстах.",поступово,Вираз „поступово” допомагає будувати більш природні речення.,"Варто знати „поступово”, бо він часто зустрічається в розмовах і текстах."
730,730,wcześniej czy później,рано или поздно,phrase,Wyrażenie „wcześniej czy później” pomaga budować bardziej naturalne zdania.,Выражение «рано или поздно» помогает строить более естественные предложения.,"Warto znać „wcześniej czy później”, bo często pojawia się w rozmowach i tekstach.","Стоит знать «рано или поздно», потому что оно часто встречается в разговорах и текстах.",рано чи пізно,Вираз „рано чи пізно” допомагає будувати більш природні речення.,"Варто знати „рано чи пізно”, бо він часто зустрічається в розмовах і текстах."
731,731,z punktu widzenia,с точки зрения,phrase,Wyrażenie „z punktu widzenia” pomaga budować bardziej naturalne zdania.,Выражение «с точки зрения» помогает строить более естественные предложения.,"Warto znać „z punktu widzenia”, bo często pojawia się w rozmowach i tekstach.","Стоит знать «с точки зрения», потому что оно часто встречается в разговорах и текстах.",з точки зору,Вираз „з точки зору” допомагає будувати більш природні речення.,"Варто знати „з точки зору”, бо він часто зустрічається в розмовах і текстах."
732,732,w praktyce,на практике,phrase,Wyrażenie „w praktyce” pomaga budować bardziej naturalne zdania.,Выражение «на практике» помогает строить более естественные предложения.,"Warto znać „w praktyce”, bo często pojawia się w rozmowach i tekstach.","Стоит знать «на практике», потому что оно часто встречается в разговорах и текстах.",на практиці,Вираз „на практиці” допомагає будувати більш природні речення.,"Варто знати „на практиці”, бо він часто зустрічається в розмовах і текстах."
733,733,w rzeczywistości,на самом деле,phrase,Wyrażenie „w rzeczywistości” pomaga budować bardziej naturalne zdania.,Выражение «на самом деле» помогает строить более естественные предложения.,"Warto znać „w rzeczywistości”, bo często pojawia się w rozmowach i tekstach.","Стоит знать «на самом деле», потому что оно часто встречается в разговорах и текстах.",насправді,Вираз „насправді” допомагає будувати більш природні речення.,"Варто знати „насправді”, бо він часто зустрічається в розмовах і текстах."
734,734,zgodnie z,в соответствии с,phrase,Wyrażenie „zgodnie z” pomaga budować bardziej naturalne zdania.,Выражение «в соответствии с» помогает строить более естественные предложения.,"Warto znać „zgodnie z”, bo często pojawia się w rozmowach i tekstach.","Стоит знать «в соответствии с», потому что оно часто встречается в разговорах и текстах.",згідно з,Вираз „згідно з” допомагає будувати більш природні речення.,"Варто знати „згідно з”, бо він часто зустрічається в розмовах і текстах."
735,735,w przeciwieństwie do,в отличие от,phrase,Wyrażenie „w przeciwieństwie do” pomaga budować bardziej naturalne zdania.,Выражение «в отличие от» помогает строить более естественные предложения.,"Warto znać „w przeciwieństwie do”, bo często pojawia się w rozmowach i tekstach.","Стоит знать «в отличие от», потому что оно часто встречается в разговорах и текстах.",на відміну від,Вираз „на відміну від” допомагає будувати більш природні речення.,"Варто знати „на відміну від”, бо він часто зустрічається в розмовах і текстах."
736,736,na przykład,например,phrase,Wyrażenie „na przykład” pomaga budować bardziej naturalne zdania.,Выражение «например» помогает строить более естественные предложения.,"Warto znać „na przykład”, bo często pojawia się w rozmowach i tekstach.","Стоит знать «например», потому что оно часто встречается в разговорах и текстах.",наприклад,Вираз „наприклад” допомагає будувати більш природні речення.,"Варто знати „наприклад”, бо він часто зустрічається в розмовах і текстах."
737,737,między innymi,в том числе,phrase,Wyrażenie „między innymi” pomaga budować bardziej naturalne zdania.,Выражение «в том числе» помогает строить более естественные предложения.,"Warto znać „między innymi”, bo często pojawia się w rozmowach i tekstach.","Стоит знать «в том числе», потому что оно часто встречается в разговорах и текстах.",серед іншого,Вираз „серед іншого” допомагає будувати більш природні речення.,"Варто знати „серед іншого”, бо він часто зустрічається в розмовах і текстах."
738,738,przede wszystkim,прежде всего,phrase,Wyrażenie „przede wszystkim” pomaga budować bardziej naturalne zdania.,Выражение «прежде всего» помогает строить более естественные предложения.,"Warto znać „przede wszystkim”, bo często pojawia się w rozmowach i tekstach.","Стоит знать «прежде всего», потому что оно часто встречается в разговорах и текстах.",перш за все,Вираз „перш за все” допомагає будувати більш природні речення.,"Варто знати „перш за все”, бо він часто зустрічається в розмовах і текстах."
739,739,w szczególności,в частности,phrase,Wyrażenie „w szczególności” pomaga budować bardziej naturalne zdania.,Выражение «в частности» помогает строить более естественные предложения.,"Warto znać „w szczególności”, bo często pojawia się w rozmowach i tekstach.","Стоит знать «в частности», потому что оно часто встречается в разговорах и текстах.",зокрема,Вираз „зокрема” допомагає будувати більш природні речення.,"Варто знати „зокрема”, бо він часто зустрічається в розмовах і текстах."
740,740,bez względu na,независимо от,phrase,Wyrażenie „bez względu na” pomaga budować bardziej naturalne zdania.,Выражение «независимо от» помогает строить более естественные предложения.,"Warto znać „bez względu na”, bo często pojawia się w rozmowach i tekstach.","Стоит знать «независимо от», потому что оно часто встречается в разговорах и текстах.",незалежно від,Вираз „незалежно від” допомагає будувати більш природні речення.,"Варто знати „незалежно від”, бо він часто зустрічається в розмовах і текстах."
741,741,w zależności od,в зависимости от,phrase,Wyrażenie „w zależności od” pomaga budować bardziej naturalne zdania.,Выражение «в зависимости от» помогает строить более естественные предложения.,"Warto znać „w zależności od”, bo często pojawia się w rozmowach i tekstach.","Стоит знать «в зависимости от», потому что оно часто встречается в разговорах и текстах.",залежно від,Вираз «залежно від» допомагає будувати більш природні речення.,"Варто знати «залежно від», бо воно часто зустрічається в розмовах і текстах."
742,742,na podstawie,на основании,phrase,Wyrażenie „na podstawie” pomaga budować bardziej naturalne zdania.,Выражение «на основании» помогает строить более естественные предложения.,"Warto znać „na podstawie”, bo często pojawia się w rozmowach i tekstach.","Стоит знать «на основании», потому что оно часто встречается в разговорах и текстах.",на основі,Вираз «на основі» допомагає будувати більш природні речення.,"Варто знати «на основі», бо воно часто зустрічається в розмовах і текстах."
743,743,zamiar,намерение,noun,Pojęcie „zamiar” często pojawia się w codziennym życiu w Polsce.,Понятие «намерение» часто встречается в повседневной жизни в Польше.,"Warto dobrze rozumieć słowo „zamiar”, bo jest praktyczne.","Стоит хорошо понимать слово «намерение», потому что оно практичное.",намір,Поняття «намір» часто зустрічається в повсякденному житті в Польщі.,"Варто добре розуміти слово «намір», бо воно практичне."
744,744,celowo,намеренно,adverb,Wyrażenie „celowo” pomaga budować bardziej naturalne zdania.,Выражение «намеренно» помогает строить более естественные предложения.,"Warto znać „celowo”, bo często pojawia się w rozmowach i tekstach.","Стоит знать «намеренно», потому что оно часто встречается в разговорах и текстах.",навмисно,Вираз «навмисно» допомагає будувати більш природні речення.,"Варто знати «навмисно», бо воно часто зустрічається в розмовах і текстах."
745,745,przypadkowo,случайно,adverb,Wyrażenie „przypadkowo” pomaga budować bardziej naturalne zdania.,Выражение «случайно» помогает строить более естественные предложения.,"Warto znać „przypadkowo”, bo często pojawia się w rozmowach i tekstach.","Стоит знать «случайно», потому что оно часто встречается в разговорах и текстах.",випадково,Вираз «випадково» допомагає будувати більш природні речення.,"Варто знати «випадково», бо воно часто зустрічається в розмовах і текстах."
746,746,świadomie,осознанно,adverb,Wyrażenie „świadomie” pomaga budować bardziej naturalne zdania.,Выражение «осознанно» помогает строить более естественные предложения.,"Warto znać „świadomie”, bo często pojawia się w rozmowach i tekstach.","Стоит знать «осознанно», потому что оно часто встречается в разговорах и текстах.",свідомо,Вираз «свідомо» допомагає будувати більш природні речення.,"Варто знати «свідомо», бо воно часто зустрічається в розмовах і текстах."
747,747,nieświadomie,неосознанно,adverb,Wyrażenie „nieświadomie” pomaga budować bardziej naturalne zdania.,Выражение «неосознанно» помогает строить более естественные предложения.,"Warto znać „nieświadomie”, bo często pojawia się w rozmowach i tekstach.","Стоит знать «неосознанно», потому что оно часто встречается в разговорах и текстах.",несвідомо,Вираз «несвідомо» допомагає будувати більш природні речення.,"Варто знати «несвідомо», бо воно часто зустрічається в розмовах і текстах."
748,748,prawdą jest,"правда в том, что",phrase,Wyrażenie „prawdą jest” pomaga budować bardziej naturalne zdania.,Выражение «правда в том» помогает строить более естественные предложения.,"Warto znać „prawdą jest”, bo często pojawia się w rozmowach i tekstach.","Стоит знать «правда в том», потому что оно часто встречается в разговорах и текстах.","правда в тому, що","Вираз «правда в тому, що» допомагає будувати більш природні речення.","Варто знати «правда в тому, що», бо воно часто зустрічається в розмовах і текстах."
749,749,wydaje się,кажется,verb,Warto umieć poprawnie używać wyrażenia „wydaje się” w rozmowie.,Стоит уметь правильно использовать выражение «кажется» в разговоре.,"To wyrażenie często pojawia się w pracy, dokumentach i codziennych sytuacjach.","Это выражение часто встречается на работе, в документах и повседневных ситуациях.",здається,Варто вміти правильно використовувати вираз «здається» в розмові.,"Цей вираз часто зустрічається в роботі, документах і повсякденних ситуаціях."
750,750,oznaczać,означать,verb,Warto umieć poprawnie używać wyrażenia „oznaczać” w rozmowie.,Стоит уметь правильно использовать выражение «означать» в разговоре.,"To wyrażenie często pojawia się w pracy, dokumentach i codziennych sytuacjach.","Это выражение часто встречается на работе, в документах и повседневных ситуациях.",означати,Варто вміти правильно використовувати вираз «означати» в розмові.,"Цей вираз часто зустрічається в роботі, документах і повсякденних ситуаціях."
751,751,zakres,"объём, диапазон",noun,Pojęcie „zakres” często pojawia się w codziennym życiu w Polsce.,Понятие «объём» часто встречается в повседневной жизни в Польше.,"Warto dobrze rozumieć słowo „zakres”, bo jest praktyczne.","Стоит хорошо понимать слово «объём», потому что оно практичное.",діапазон,Поняття «діапазон» часто зустрічається в повсякденному житті в Польщі.,"Варто добре розуміти слово «діапазон», бо воно практичне."
752,752,obszar,область,noun,Pojęcie „obszar” często pojawia się w codziennym życiu w Polsce.,Понятие «область» часто встречается в повседневной жизни в Польше.,"Warto dobrze rozumieć słowo „obszar”, bo jest praktyczne.","Стоит хорошо понимать слово «область», потому что оно практичное.",область,Поняття «область» часто зустрічається в повсякденному житті в Польщі.,"Варто добре розуміти слово «область», бо воно практичне."
753,753,dziedzina,"сфера, область",noun,Pojęcie „dziedzina” często pojawia się w codziennym życiu w Polsce.,Понятие «сфера» часто встречается в повседневной жизни в Польше.,"Warto dobrze rozumieć słowo „dziedzina”, bo jest praktyczne.","Стоит хорошо понимать слово «сфера», потому что оно практичное.",галузь,Поняття «галузь» часто зустрічається в повсякденному житті в Польщі.,"Варто добре розуміти слово «галузь», бо воно практичне."
754,754,poziom życia,уровень жизни,noun,Pojęcie „poziom życia” często pojawia się w codziennym życiu w Polsce.,Понятие «уровень жизни» часто встречается в повседневной жизни в Польше.,"Warto dobrze rozumieć słowo „poziom życia”, bo jest praktyczne.","Стоит хорошо понимать слово «уровень жизни», потому что оно практичное.",рівень життя,Поняття «рівень життя» часто зустрічається в повсякденному житті в Польщі.,"Варто добре розуміти слово «рівень життя», бо воно практичне."
755,755,sytuacja życiowa,жизненная ситуация,noun,Pojęcie „sytuacja życiowa” często pojawia się w codziennym życiu w Polsce.,Понятие «жизненная ситуация» часто встречается в повседневной жизни в Польше.,"Warto dobrze rozumieć słowo „sytuacja życiowa”, bo jest praktyczne.","Стоит хорошо понимать слово «жизненная ситуация», потому что оно практичное.",життєва ситуація,Поняття «життєва ситуація» часто зустрічається в повсякденному житті в Польщі.,"Варто добре розуміти слово «життєва ситуація», бо воно практичне."
756,756,radzić sobie,справляться,verb,Warto umieć poprawnie używać wyrażenia „radzić sobie” w rozmowie.,Стоит уметь правильно использовать выражение «справляться» в разговоре.,"To wyrażenie często pojawia się w pracy, dokumentach i codziennych sytuacjach.","Это выражение часто встречается на работе, в документах и повседневных ситуациях.",справлятися,Варто вміти правильно використовувати вираз «справлятися» в розмові.,"Цей вираз часто зустрічається в роботі, документах і повсякденних ситуаціях."
757,757,stawić czoła,столкнуться с,verb,Warto umieć poprawnie używać wyrażenia „stawić czoła” w rozmowie.,Стоит уметь правильно использовать выражение «столкнуться с» в разговоре.,"To wyrażenie często pojawia się w pracy, dokumentach i codziennych sytuacjach.","Это выражение часто встречается на работе, в документах и повседневных ситуациях.",зіткнутися з,Варто вміти правильно використовувати вираз «зіткнутися з» в розмові.,"Цей вираз часто зустрічається в роботі, документах і повсякденних ситуаціях."
758,758,postępowanie,процедура,verb,Warto umieć poprawnie używać wyrażenia „unikać” w rozmowie.,Стоит уметь правильно использовать выражение «избегать» в разговоре.,"To wyrażenie często pojawia się w pracy, dokumentach i codziennych sytuacjach.","Это выражение часто встречается на работе, в документах и повседневных ситуациях.",процедура,Варто вміти правильно використовувати вираз «уникати» в розмові.,"Цей вираз часто зустрічається в роботі, документах і повсякденних ситуаціях."
759,759,przezwyciężyć,преодолеть,verb,Warto umieć poprawnie używać wyrażenia „przezwyciężyć” w rozmowie.,Стоит уметь правильно использовать выражение «преодолеть» в разговоре.,"To wyrażenie często pojawia się w pracy, dokumentach i codziennych sytuacjach.","Это выражение часто встречается на работе, в документах и повседневных ситуациях.",подолати,Варто вміти правильно використовувати вираз «подолати» в розмові.,"Цей вираз часто зустрічається в роботі, документах і повсякденних ситуаціях."
760,760,utrzymać,"поддерживать, сохранять",verb,Warto umieć poprawnie używać wyrażenia „utrzymać” w rozmowie.,Стоит уметь правильно использовать выражение «поддерживать» в разговоре.,"To wyrażenie często pojawia się w pracy, dokumentach i codziennych sytuacjach.","Это выражение часто встречается на работе, в документах и повседневных ситуациях.",підтримувати,Варто вміти правильно використовувати вираз «підтримувати» в розмові.,"Цей вираз часто зустрічається в роботі, документах і повсякденних ситуаціях."
761,761,zachować,сохранить,verb,Warto umieć poprawnie używać wyrażenia „zachować” w rozmowie.,Стоит уметь правильно использовать выражение «сохранить» в разговоре.,"To wyrażenie często pojawia się w pracy, dokumentach i codziennych sytuacjach.","Это выражение часто встречается на работе, в документах и повседневных ситуациях.",зберегти,Варто вміти правильно використовувати вираз «зберегти» в розмові.,"Цей вираз часто зустрічається в роботі, документах і повсякденних ситуаціях."
762,762,osiągalny,достижимый,adjective,Słowo „osiągalny” często pomaga dokładniej opisać sytuację.,Слово «достижимый» часто помогает точнее описать ситуацию.,"To przydatne słowo w pracy, rozmowach i oficjalnych tekstach.","Это полезное слово в работе, разговорах и официальных текстах.",досяжний,Слово «досяжний» часто допомагає точніше описати ситуацію.,"Це корисне слово в роботі, розмовах та офіційних текстах."
763,763,realistyczny,реалистичный,adjective,Słowo „realistyczny” często pomaga dokładniej opisać sytuację.,Слово «реалистичный» часто помогает точнее описать ситуацию.,"To przydatne słowo w pracy, rozmowach i oficjalnych tekstach.","Это полезное слово в работе, разговорах и официальных текстах.",реалістичний,Слово «реалістичний» часто допомагає точніше описати ситуацію.,"Це корисне слово в роботі, розмовах та офіційних текстах."
764,764,praktyczny,практичный,adjective,Słowo „praktyczny” często pomaga dokładniej opisać sytuację.,Слово «практичный» часто помогает точнее описать ситуацию.,"To przydatne słowo w pracy, rozmowach i oficjalnych tekstach.","Это полезное слово в работе, разговорах и официальных текстах.",практичний,Слово «практичний» часто допомагає точніше описати ситуацію.,"Це корисне слово в роботі, розмовах та офіційних текстах."
765,765,skutecznie,эффективно,adverb,Wyrażenie „skutecznie” pomaga budować bardziej naturalne zdania.,Выражение «эффективно» помогает строить более естественные предложения.,"Warto znać „skutecznie”, bo często pojawia się w rozmowach i tekstach.","Стоит знать «эффективно», потому что оно часто встречается в разговорах и текстах.",ефективно,Вираз «ефективно» допомагає будувати більш природні речення.,"Варто знати «ефективно», бо воно часто зустрічається в розмовах і текстах."
766,766,efektywnie,эффективно,adverb,Wyrażenie „efektywnie” pomaga budować bardziej naturalne zdania.,Выражение «эффективно» помогает строить более естественные предложения.,"Warto znać „efektywnie”, bo często pojawia się w rozmowach i tekstach.","Стоит знать «эффективно», потому что оно часто встречается в разговорах и текстах.",ефективно,Вираз «ефективно» допомагає будувати більш природні речення.,"Варто знати «ефективно», бо воно часто зустрічається в розмовах і текстах."
767,767,odpowiednio,соответствующим образом,adverb,Wyrażenie „odpowiednio” pomaga budować bardziej naturalne zdania.,Выражение «соответствующим образом» помогает строить более естественные предложения.,"Warto znać „odpowiednio”, bo często pojawia się w rozmowach i tekstach.","Стоит знать «соответствующим образом», потому что оно часто встречается в разговорах и текстах.",відповідно,Вираз «відповідно» допомагає будувати більш природні речення.,"Варто знати «відповідно», бо воно часто зустрічається в розмовах і текстах."
768,768,wystarczająco,достаточно,adverb,Wyrażenie „wystarczająco” pomaga budować bardziej naturalne zdania.,Выражение «достаточно» помогает строить более естественные предложения.,"Warto znać „wystarczająco”, bo często pojawia się w rozmowach i tekstach.","Стоит знать «достаточно», потому что оно часто встречается в разговорах и текстах.",достатньо,Вираз «достатньо» допомагає будувати більш природні речення.,"Варто знати «достатньо», бо воно часто зустрічається в розмовах і текстах."
769,769,znacznie,значительно,adverb,Wyrażenie „znacznie” pomaga budować bardziej naturalne zdania.,Выражение «значительно» помогает строить более естественные предложения.,"Warto znać „znacznie”, bo często pojawia się w rozmowach i tekstach.","Стоит знать «значительно», потому что оно часто встречается в разговорах и текстах.",значно,Вираз «значно» допомагає будувати більш природні речення.,"Варто знати «значно», бо воно часто зустрічається в розмовах і текстах."
770,770,stosunkowo,относительно,adverb,Wyrażenie „stosunkowo” pomaga budować bardziej naturalne zdania.,Выражение «относительно» помогает строить более естественные предложения.,"Warto znać „stosunkowo”, bo często pojawia się w rozmowach i tekstach.","Стоит знать «относительно», потому что оно часто встречается в разговорах и текстах.",відносно,Вираз «відносно» допомагає будувати більш природні речення.,"Варто знати «відносно», бо воно часто зустрічається в розмовах і текстах."
771,771,ostateczny,окончательный,adjective,Słowo „ostateczny” często pomaga dokładniej opisać sytuację.,Слово «окончательный» часто помогает точнее описать ситуацию.,"To przydatne słowo w pracy, rozmowach i oficjalnych tekstach.","Это полезное слово в работе, разговорах и официальных текстах.",остаточний,Слово «остаточний» часто допомагає точніше описати ситуацію.,"Це корисне слово в роботі, розмовах та офіційних текстах."
772,772,zjawisko,явление,noun,Pojęcie „zjawisko” często pojawia się w codziennym życiu w Polsce.,Понятие «явление» часто встречается в повседневной жизни в Польше.,"Warto dobrze rozumieć słowo „zjawisko”, bo jest praktyczne.","Стоит хорошо понимать слово «явление», потому что оно практичное.",явище,Поняття «явище» часто зустрічається в повсякденному житті в Польщі.,"Варто добре розуміти слово «явище», бо воно практичне."
773,773,tendencja,тенденция,noun,Pojęcie „tendencja” często pojawia się w codziennym życiu w Polsce.,Понятие «тенденция» часто встречается в повседневной жизни в Польше.,"Warto dobrze rozumieć słowo „tendencja”, bo jest praktyczne.","Стоит хорошо понимать слово «тенденция», потому что оно практичное.",тенденція,Поняття «тенденція» часто зустрічається в повсякденному житті в Польщі.,"Варто добре розуміти слово «тенденція», бо воно практичне."
774,774,podejście,подход,noun,Pojęcie „podejście” często pojawia się w codziennym życiu w Polsce.,Понятие «подход» часто встречается в повседневной жизни в Польше.,"Warto dobrze rozumieć słowo „podejście”, bo jest praktyczne.","Стоит хорошо понимать слово «подход», потому что оно практичное.",підхід,Поняття «підхід» часто зустрічається в повсякденному житті в Польщі.,"Варто добре розуміти слово «підхід», бо воно практичне."
775,775,strategia,стратегия,noun,Pojęcie „strategia” często pojawia się w codziennym życiu w Polsce.,Понятие «стратегия» часто встречается в повседневной жизни в Польше.,"Warto dobrze rozumieć słowo „strategia”, bo jest praktyczne.","Стоит хорошо понимать слово «стратегия», потому что оно практичное.",стратегія,Поняття «стратегія» часто зустрічається в повсякденному житті в Польщі.,"Варто добре розуміти слово «стратегія», бо воно практичне."
776,776,koncepcja,концепция,noun,Pojęcie „koncepcja” często pojawia się w codziennym życiu w Polsce.,Понятие «концепция» часто встречается в повседневной жизни в Польше.,"Warto dobrze rozumieć słowo „koncepcja”, bo jest praktyczne.","Стоит хорошо понимать слово «концепция», потому что оно практичное.",концепція,Поняття «концепція» часто зустрічається в повсякденному житті в Польщі.,"Варто добре розуміти слово «концепція», бо воно практичне."
777,777,model,модель,noun,Pojęcie „model” często pojawia się w codziennym życiu w Polsce.,Понятие «модель» часто встречается в повседневной жизни в Польше.,"Warto dobrze rozumieć słowo „model”, bo jest praktyczne.","Стоит хорошо понимать слово «модель», потому что оно практичное.",модель,Поняття «модель» часто зустрічається в повсякденному житті в Польщі.,"Варто добре розуміти слово «модель», бо воно практичне."
778,778,struktura,структура,noun,Pojęcie „struktura” często pojawia się w codziennym życiu w Polsce.,Понятие «структура» часто встречается в повседневной жизни в Польше.,"Warto dobrze rozumieć słowo „struktura”, bo jest praktyczne.","Стоит хорошо понимать слово «структура», потому что оно практичное.",структура,Поняття «структура» часто зустрічається в повсякденному житті в Польщі.,"Варто добре розуміти слово «структура», бо воно практичне."
779,779,system,система,noun,Pojęcie „system” często pojawia się w codziennym życiu w Polsce.,Понятие «система» часто встречается в повседневной жизни в Польше.,"Warto dobrze rozumieć słowo „system”, bo jest praktyczne.","Стоит хорошо понимать слово «система», потому что оно практичное.",система,Поняття «система» часто зустрічається в повсякденному житті в Польщі.,"Варто добре розуміти слово «система», бо воно практичне."
780,780,czynnik,фактор,noun,Pojęcie „czynnik” często pojawia się w codziennym życiu w Polsce.,Понятие «фактор» часто встречается в повседневной жизни в Польше.,"Warto dobrze rozumieć słowo „czynnik”, bo jest praktyczne.","Стоит хорошо понимать слово «фактор», потому что оно практичное.",чинник,Поняття «чинник» часто зустрічається в повсякденному житті в Польщі.,"Варто добре розуміти слово «чинник», бо воно практичне."
781,781,równowaga,баланс,noun,Pojęcie „równowaga” często pojawia się w codziennym życiu w Polsce.,Понятие «баланс» часто встречается в повседневной жизни в Польше.,"Warto dobrze rozumieć słowo „równowaga”, bo jest praktyczne.","Стоит хорошо понимать слово «баланс», потому что оно практичное.",рівновага,Поняття «рівновага» часто зустрічається в повсякденному житті в Польщі.,"Варто добре розуміти слово «рівновага», бо воно практичне."
782,782,recepcjonista,администратор,noun,Pojęcie „perspektywy” często pojawia się w codziennym życiu w Polsce.,Понятие «перспективы» часто встречается в повседневной жизни в Польше.,"Warto dobrze rozumieć słowo „perspektywy”, bo jest praktyczne.","Стоит хорошо понимать слово «перспективы», потому что оно практичное.",рецепціоніст,Поняття «перспективи» часто зустрічається в повсякденному житті в Польщі.,"Варто добре розуміти слово «перспективи», бо воно практичне."
783,783,społeczność,сообщество,noun,Pojęcie „społeczność” często pojawia się w codziennym życiu w Polsce.,Понятие «сообщество» часто встречается в повседневной жизни в Польше.,"Warto dobrze rozumieć słowo „społeczność”, bo jest praktyczne.","Стоит хорошо понимать слово «сообщество», потому что оно практичное.",спільнота,Поняття «спільнота» часто зустрічається в повсякденному житті в Польщі.,"Варто добре розуміти слово «спільнота», бо воно практичне."
784,784,wspólnota,сообщество,noun,Pojęcie „wspólnota” często pojawia się w codziennym życiu w Polsce.,Понятие «сообщество» часто встречается в повседневной жизни в Польше.,"Warto dobrze rozumieć słowo „wspólnota”, bo jest praktyczne.","Стоит хорошо понимать слово «сообщество», потому что оно практичное.",громада,Поняття «громада» часто зустрічається в повсякденному житті в Польщі.,"Варто добре розуміти слово «громада», бо воно практичне."
785,785,uczciwość,честность,noun,Pojęcie „uczciwość” często pojawia się w codziennym życiu w Polsce.,Понятие «честность» часто встречается в повседневной жизни в Польше.,"Warto dobrze rozumieć słowo „uczciwość”, bo jest praktyczne.","Стоит хорошо понимать слово «честность», потому что оно практичное.",чесність,Поняття «чесність» часто зустрічається в повсякденному житті в Польщі.,"Варто добре розуміти слово «чесність», бо воно практичне."
786,786,wiarygodny,надёжный,adjective,Słowo „wiarygodny” często pomaga dokładniej opisać sytuację.,Слово «надёжный» часто помогает точнее описать ситуацию.,"To przydatne słowo w pracy, rozmowach i oficjalnych tekstach.","Это полезное слово в работе, разговорах и официальных текстах.",надійний,Слово «надійний» часто допомагає точніше описати ситуацію.,"Це корисне слово в роботі, розмовах та офіційних текстах."
787,787,niekorzystny,невыгодный,adjective,Słowo „niekorzystny” często pomaga dokładniej opisać sytuację.,Слово «невыгодный» часто помогает точнее описать ситуацию.,"To przydatne słowo w pracy, rozmowach i oficjalnych tekstach.","Это полезное слово в работе, разговорах и официальных текстах.",несприятливий,Слово «несприятливий» часто допомагає точніше описати ситуацію.,"Це корисне слово в роботі, розмовах та офіційних текстах."
788,788,kluczowy,ключевой,adjective,Słowo „kluczowy” często pomaga dokładniej opisać sytuację.,Слово «ключевой» часто помогает точнее описать ситуацию.,"To przydatne słowo w pracy, rozmowach i oficjalnych tekstach.","Это полезное слово в работе, разговорах и официальных текстах.",ключовий,Слово «ключовий» часто допомагає точніше описати ситуацію.,"Це корисне слово в роботі, розмовах та офіційних текстах."
789,789,powszechny,распространённый,adjective,Słowo „powszechny” często pomaga dokładniej opisać sytuację.,Слово «распространённый» часто помогает точнее описать ситуацию.,"To przydatne słowo w pracy, rozmowach i oficjalnych tekstach.","Это полезное слово в работе, разговорах и официальных текстах.",поширений,Слово «поширений» часто допомагає точніше описати ситуацію.,"Це корисне слово в роботі, розмовах та офіційних текстах."
790,790,typowy,типичный,adjective,Słowo „typowy” często pomaga dokładniej opisać sytuację.,Слово «типичный» часто помогает точнее описать ситуацию.,"To przydatne słowo w pracy, rozmowach i oficjalnych tekstach.","Это полезное слово в работе, разговорах и официальных текстах.",типовий,Слово «типовий» часто допомагає точніше описати ситуацію.,"Це корисне слово в роботі, розмовах та офіційних текстах."
791,791,wyjątkowy,исключительный,adjective,Słowo „wyjątkowy” często pomaga dokładniej opisać sytuację.,Слово «исключительный» часто помогает точнее описать ситуацию.,"To przydatne słowo w pracy, rozmowach i oficjalnych tekstach.","Это полезное слово в работе, разговорах и официальных текстах.",винятковий,Слово «винятковий» часто допомагає точніше описати ситуацію.,"Це корисне слово в роботі, розмовах та офіційних текстах."
792,792,podobny,похожий,adjective,Słowo „podobny” często pomaga dokładniej opisać sytuację.,Слово «похожий» часто помогает точнее описать ситуацию.,"To przydatne słowo w pracy, rozmowach i oficjalnych tekstach.","Это полезное слово в работе, разговорах и официальных текстах.",подібний,Слово «подібний» часто допомагає точніше описати ситуацію.,"Це корисне слово в роботі, розмовах та офіційних текстах."
793,793,różnorodny,разнообразный,adjective,Słowo „różnorodny” często pomaga dokładniej opisać sytuację.,Слово «разнообразный» часто помогает точнее описать ситуацию.,"To przydatne słowo w pracy, rozmowach i oficjalnych tekstach.","Это полезное слово в работе, разговорах и официальных текстах.",різноманітний,Слово «різноманітний» часто допомагає точніше описати ситуацію.,"Це корисне слово в роботі, розмовах та офіційних текстах."
794,794,elastyczny,гибкий,adjective,Słowo „elastyczny” często pomaga dokładniej opisać sytuację.,Слово «гибкий» часто помогает точнее описать ситуацию.,"To przydatne słowo w pracy, rozmowach i oficjalnych tekstach.","Это полезное слово в работе, разговорах и официальных текстах.",гнучкий,Слово «гнучкий» часто допомагає точніше описати ситуацію.,"Це корисне слово в роботі, розмовах та офіційних текстах."
795,795,niezależny,независимый,adjective,Słowo „niezależny” często pomaga dokładniej opisać sytuację.,Слово «независимый» часто помогает точнее описать ситуацию.,"To przydatne słowo w pracy, rozmowach i oficjalnych tekstach.","Это полезное слово в работе, разговорах и официальных текстах.",незалежний,Слово «незалежний» часто допомагає точніше описати ситуацію.,"Це корисне слово в роботі, розмовах та офіційних текстах."
796,796,samopoczucie,самочувствие,noun,Pojęcie „samopoczucie” często pojawia się w codziennym życiu w Polsce.,Понятие «самочувствие» часто встречается в повседневной жизни в Польше.,"Warto dobrze rozumieć słowo „samopoczucie”, bo jest praktyczne.","Стоит хорошо понимать слово «самочувствие», потому что оно практичное.",самопочуття,Поняття «самопочуття» часто зустрічається в повсякденному житті в Польщі.,"Варто добре розуміти слово «самопочуття», бо воно практичне."
797,797,obawa,опасение,noun,Pojęcie „obawa” często pojawia się w codziennym życiu w Polsce.,Понятие «опасение» часто встречается в повседневной жизни в Польше.,"Warto dobrze rozumieć słowo „obawa”, bo jest praktyczne.","Стоит хорошо понимать слово «опасение», потому что оно практичное.",побоювання,Поняття «побоювання» часто зустрічається в повсякденному житті в Польщі.,"Варто добре розуміти слово «побоювання», бо воно практичне."
798,798,niepokój,тревога,noun,Pojęcie „niepokój” często pojawia się w codziennym życiu w Polsce.,Понятие «тревога» часто встречается в повседневной жизни в Польше.,"Warto dobrze rozumieć słowo „niepokój”, bo jest praktyczne.","Стоит хорошо понимать слово «тревога», потому что оно практичное.",неспокій,Поняття «неспокій» часто зустрічається в повсякденному житті в Польщі.,"Варто добре розуміти слово «неспокій», бо воно практичне."
799,799,zadowolenie,удовлетворение,noun,Pojęcie „zadowolenie” często pojawia się w codziennym życiu w Polsce.,Понятие «удовлетворение» часто встречается в повседневной жизни в Польше.,"Warto dobrze rozumieć słowo „zadowolenie”, bo jest praktyczne.","Стоит хорошо понимать слово «удовлетворение», потому что оно практичное.",задоволення,Поняття «задоволення» часто зустрічається в повсякденному житті в Польщі.,"Варто добре розуміти слово «задоволення», бо воно практичне."
800,800,szczęście,счастье,noun,Pojęcie „szczęście” często pojawia się w codziennym życiu w Polsce.,Понятие «счастье» часто встречается в повседневной жизни в Польше.,"Warto dobrze rozumieć słowo „szczęście”, bo jest praktyczne.","Стоит хорошо понимать слово «счастье», потому что оно практичное.",щастя,Поняття «щастя» часто зустрічається в повсякденному житті в Польщі.,"Варто добре розуміти слово «щастя», бо воно практичне."
801,801,radość,радость,noun,Pojęcie „radość” często pojawia się w codziennym życiu w Polsce.,Понятие «радость» часто встречается в повседневной жизни в Польше.,"Warto dobrze rozumieć słowo „radość”, bo jest praktyczne.","Стоит хорошо понимать слово «радость», потому что оно практичное.",радість,Поняття «радість» часто зустрічається в повсякденному житті в Польщі.,"Варто добре розуміти слово «радість», бо воно практичне."
802,802,smutek,грусть,noun,Pojęcie „smutek” często pojawia się w codziennym życiu w Polsce.,Понятие «грусть» часто встречается в повседневной жизни в Польше.,"Warto dobrze rozumieć słowo „smutek”, bo jest praktyczne.","Стоит хорошо понимать слово «грусть», потому что оно практичное.",смуток,Поняття «смуток» часто зустрічається в повсякденному житті в Польщі.,"Варто добре розуміти слово «смуток», бо воно практичне."
803,803,złość,злость,noun,Pojęcie „złość” często pojawia się w codziennym życiu w Polsce.,Понятие «злость» часто встречается в повседневной жизни в Польше.,"Warto dobrze rozumieć słowo „złość”, bo jest praktyczne.","Стоит хорошо понимать слово «злость», потому что оно практичное.",злість,Поняття «злість» часто зустрічається в повсякденному житті в Польщі.,"Варто добре розуміти слово «злість», бо воно практичне."
804,804,współczucie,сочувствие,noun,Pojęcie „współczucie” często pojawia się w codziennym życiu w Polsce.,Понятие «сочувствие» часто встречается в повседневной жизни в Польше.,"Warto dobrze rozumieć słowo „współczucie”, bo jest praktyczne.","Стоит хорошо понимать слово «сочувствие», потому что оно практичное.",співчуття,Поняття «співчуття» часто зустрічається в повсякденному житті в Польщі.,"Варто добре розуміти слово «співчуття», бо воно практичне."
805,805,cierpliwość,терпение,noun,Pojęcie „cierpliwość” często pojawia się w codziennym życiu w Polsce.,Понятие «терпение» часто встречается в повседневной жизни в Польше.,"Warto dobrze rozumieć słowo „cierpliwość”, bo jest praktyczne.","Стоит хорошо понимать слово «терпение», потому что оно практичное.",терпіння,Поняття «терпіння» часто зустрічається в повсякденному житті в Польщі.,"Варто добре розуміти слово «терпіння», бо воно практичне."
806,806,odwaga,смелость,noun,Pojęcie „odwaga” często pojawia się w codziennym życiu w Polsce.,Понятие «смелость» часто встречается в повседневной жизни в Польше.,"Warto dobrze rozumieć słowo „odwaga”, bo jest praktyczne.","Стоит хорошо понимать слово «смелость», потому что оно практичное.",відвага,Поняття «відвага» часто зустрічається в повсякденному житті в Польщі.,"Варто добре розуміти слово «відвага», бо воно практичне."
807,807,dyscyplina,дисциплина,noun,Pojęcie „dyscyplina” często pojawia się w codziennym życiu w Polsce.,Понятие «дисциплина» часто встречается в повседневной жизни в Польше.,"Warto dobrze rozumieć słowo „dyscyplina”, bo jest praktyczne.","Стоит хорошо понимать слово «дисциплина», потому что оно практичное.",дисципліна,Поняття «дисципліна» часто зустрічається в повсякденному житті в Польщі.,"Варто добре розуміти слово «дисципліна», бо воно практичне."
808,808,zaangażowanie,вовлечённость,noun,Pojęcie „zaangażowanie” często pojawia się w codziennym życiu w Polsce.,Понятие «вовлечённость» часто встречается в повседневной жизни в Польше.,"Warto dobrze rozumieć słowo „zaangażowanie”, bo jest praktyczne.","Стоит хорошо понимать слово «вовлечённость», потому что оно практичное.",залученість,Поняття «залученість» часто зустрічається в повсякденному житті в Польщі.,"Варто добре розуміти слово «залученість», бо воно практичне."
809,809,wysiłek,усилие,noun,Pojęcie „wysiłek” często pojawia się w codziennym życiu w Polsce.,Понятие «усилие» часто встречается в повседневной жизни в Польше.,"Warto dobrze rozumieć słowo „wysiłek”, bo jest praktyczne.","Стоит хорошо понимать слово «усилие», потому что оно практичное.",зусилля,Поняття «зусилля» часто зустрічається в повсякденному житті в Польщі.,"Варто добре розуміти слово «зусилля», бо воно практичне."
810,810,nawyk,привычка,noun,Pojęcie „nawyk” często pojawia się w codziennym życiu w Polsce.,Понятие «привычка» часто встречается в повседневной жизни в Польше.,"Warto dobrze rozumieć słowo „nawyk”, bo jest praktyczne.","Стоит хорошо понимать слово «привычка», потому что оно практичное.",звичка,Поняття «звичка» часто зустрічається в повсякденному житті в Польщі.,"Варто добре розуміти слово «звичка», бо воно практичне."
811,811,przyzwyczajenie,привычка,noun,Pojęcie „przyzwyczajenie” często pojawia się w codziennym życiu w Polsce.,Понятие «привычка» часто встречается в повседневной жизни в Польше.,"Warto dobrze rozumieć słowo „przyzwyczajenie”, bo jest praktyczne.","Стоит хорошо понимать слово «привычка», потому что оно практичное.",звичка,Поняття «звичка» часто зустрічається в повсякденному житті в Польщі.,"Варто добре розуміти слово «звичка», бо воно практичне."
812,812,przekazywać,передавать,verb,Warto umieć poprawnie używać wyrażenia „przekazywać” w rozmowie.,Стоит уметь правильно использовать выражение «передавать» в разговоре.,"To wyrażenie często pojawia się w pracy, dokumentach i codziennych sytuacjach.","Это выражение часто встречается на работе, в документах и повседневных ситуациях.",передавати,Варто вміти правильно використовувати вираз «передавати» в розмові.,"Цей вираз часто зустрічається в роботі, документах і повсякденних ситуаціях."
813,813,dzielić się,делиться,verb,Warto umieć poprawnie używać wyrażenia „dzielić się” w rozmowie.,Стоит уметь правильно использовать выражение «делиться» в разговоре.,"To wyrażenie często pojawia się w pracy, dokumentach i codziennych sytuacjach.","Это выражение часто встречается на работе, в документах и повседневных ситуациях.",ділитися,Варто вміти правильно використовувати вираз «ділитися» в розмові.,"Цей вираз часто зустрічається в роботі, документах і повсякденних ситуаціях."
814,814,współpracować,сотрудничать,verb,Warto umieć poprawnie używać wyrażenia „współpracować” w rozmowie.,Стоит уметь правильно использовать выражение «сотрудничать» в разговоре.,"To wyrażenie często pojawia się w pracy, dokumentach i codziennych sytuacjach.","Это выражение часто встречается на работе, в документах и повседневных ситуациях.",співпрацювати,Варто вміти правильно використовувати вираз «співпрацювати» в розмові.,"Цей вираз часто зустрічається в роботі, документах і повсякденних ситуаціях."
815,815,dyskutować,обсуждать,verb,Warto umieć poprawnie używać wyrażenia „dyskutować” w rozmowie.,Стоит уметь правильно использовать выражение «обсуждать» в разговоре.,"To wyrażenie często pojawia się w pracy, dokumentach i codziennych sytuacjach.","Это выражение часто встречается на работе, в документах и повседневных ситуациях.",обговорювати,Варто вміти правильно використовувати вираз «обговорювати» в розмові.,"Цей вираз часто зустрічається в роботі, документах і повсякденних ситуаціях."
816,816,negocjować,вести переговоры,verb,Warto umieć poprawnie używać wyrażenia „negocjować” w rozmowie.,Стоит уметь правильно использовать выражение «вести переговоры» в разговоре.,"To wyrażenie często pojawia się w pracy, dokumentach i codziennych sytuacjach.","Это выражение часто встречается на работе, в документах и повседневных ситуациях.",вести переговори,Варто вміти правильно використовувати вираз «вести переговори» в розмові.,"Цей вираз часто зустрічається в роботі, документах і повсякденних ситуаціях."
817,817,uzgadniać,согласовывать,verb,Warto umieć poprawnie używać wyrażenia „uzgadniać” w rozmowie.,Стоит уметь правильно использовать выражение «согласовывать» в разговоре.,"To wyrażenie często pojawia się w pracy, dokumentach i codziennych sytuacjach.","Это выражение часто встречается на работе, в документах и повседневных ситуациях.",узгоджувати,Варто вміти правильно використовувати вираз «узгоджувати» в розмові.,"Цей вираз часто зустрічається в роботі, документах і повсякденних ситуаціях."
818,818,akceptować,принимать,verb,Warto umieć poprawnie używać wyrażenia „akceptować” w rozmowie.,Стоит уметь правильно использовать выражение «принимать» в разговоре.,"To wyrażenie często pojawia się w pracy, dokumentach i codziennych sytuacjach.","Это выражение часто встречается на работе, в документах и повседневных ситуациях.",приймати,Варто вміти правильно використовувати вираз «приймати» в розмові.,"Цей вираз часто зустрічається в роботі, документах і повсякденних ситуаціях."
819,819,odmawiać,отказывать,verb,Warto umieć poprawnie używać wyrażenia „odmawiać” w rozmowie.,Стоит уметь правильно использовать выражение «отказывать» в разговоре.,"To wyrażenie często pojawia się w pracy, dokumentach i codziennych sytuacjach.","Это выражение часто встречается на работе, в документах и повседневных ситуациях.",відмовляти,Варто вміти правильно використовувати вираз «відмовляти» в розмові.,"Цей вираз часто зустрічається в роботі, документах і повсякденних ситуаціях."
820,820,wiedza,знания,noun,Pojęcie „wiedza” często pojawia się w codziennym życiu w Polsce.,Понятие «знания» часто встречается в повседневной жизни в Польше.,"Warto dobrze rozumieć słowo „wiedza”, bo jest praktyczne.","Стоит хорошо понимать слово «знания», потому что оно практичное.",знання,Поняття «знання» часто зустрічається в повсякденному житті в Польщі.,"Варто добре розуміти слово «знання», бо воно практичне."
821,821,zdolność,способность,noun,Pojęcie „zdolność” często pojawia się w codziennym życiu w Polsce.,Понятие «способность» часто встречается в повседневной жизни в Польше.,"Warto dobrze rozumieć słowo „zdolność”, bo jest praktyczne.","Стоит хорошо понимать слово «способность», потому что оно практичное.",здатність,Поняття «здатність» часто зустрічається в повсякденному житті в Польщі.,"Варто добре розуміти слово «здатність», бо воно практичне."
822,822,talent,талант,noun,Pojęcie „talent” często pojawia się w codziennym życiu w Polsce.,Понятие «талант» часто встречается в повседневной жизни в Польше.,"Warto dobrze rozumieć słowo „talent”, bo jest praktyczne.","Стоит хорошо понимать слово «талант», потому что оно практичное.",талант,Поняття «талант» часто зустрічається в повсякденному житті в Польщі.,"Варто добре розуміти слово «талант», бо воно практичне."
823,823,nauczanie,обучение,noun,Pojęcie „nauczanie” często pojawia się w codziennym życiu w Polsce.,Понятие «обучение» часто встречается в повседневной жизни в Польше.,"Warto dobrze rozumieć słowo „nauczanie”, bo jest praktyczne.","Стоит хорошо понимать слово «обучение», потому что оно практичное.",навчання,Поняття «навчання» часто зустрічається в повсякденному житті в Польщі.,"Варто добре розуміти слово «навчання», бо воно практичне."
824,824,uczyć się,учиться,verb,Warto umieć poprawnie używać wyrażenia „uczyć się” w rozmowie.,Стоит уметь правильно использовать выражение «учиться» в разговоре.,"To wyrażenie często pojawia się w pracy, dokumentach i codziennych sytuacjach.","Это выражение часто встречается на работе, в документах и повседневных ситуациях.",вчитися,Варто вміти правильно використовувати вираз «вчитися» в розмові.,"Цей вираз часто зустрічається в роботі, документах і повсякденних ситуаціях."
825,825,zapamiętać,запомнить,verb,Warto umieć poprawnie używać wyrażenia „zapamiętać” w rozmowie.,Стоит уметь правильно использовать выражение «запомнить» в разговоре.,"To wyrażenie często pojawia się w pracy, dokumentach i codziennych sytuacjach.","Это выражение часто встречается на работе, в документах и повседневных ситуациях.",запам'ятати,Варто вміти правильно використовувати вираз «запам'ятати» в розмові.,"Цей вираз часто зустрічається в роботі, документах і повсякденних ситуаціях."
826,826,pamiętać,помнить,verb,Warto umieć poprawnie używać wyrażenia „pamiętać” w rozmowie.,Стоит уметь правильно использовать выражение «помнить» в разговоре.,"To wyrażenie często pojawia się w pracy, dokumentach i codziennych sytuacjach.","Это выражение часто встречается на работе, в документах и повседневных ситуациях.",пам'ятати,Варто вміти правильно використовувати вираз «пам'ятати» в розмові.,"Цей вираз часто зустрічається в роботі, документах і повсякденних ситуаціях."
827,827,zapominać,забывать,verb,Warto umieć poprawnie używać wyrażenia „zapominać” w rozmowie.,Стоит уметь правильно использовать выражение «забывать» в разговоре.,"To wyrażenie często pojawia się w pracy, dokumentach i codziennych sytuacjach.","Это выражение часто встречается на работе, в документах и повседневных ситуациях.",забувати,Варто вміти правильно використовувати вираз «забувати» в розмові.,"Цей вираз часто зустрічається в роботі, документах і повсякденних ситуаціях."
828,828,myśleć,думать,verb,Warto umieć poprawnie używać wyrażenia „myśleć” w rozmowie.,Стоит уметь правильно использовать выражение «думать» в разговоре.,"To wyrażenie często pojawia się w pracy, dokumentach i codziennych sytuacjach.","Это выражение часто встречается на работе, в документах и повседневных ситуациях.",думати,Варто вміти правильно використовувати вираз «думати» в розмові.,"Цей вираз часто зустрічається в роботі, документах і повсякденних ситуаціях."
829,829,wnioskować,делать выводы,verb,Warto umieć poprawnie używać wyrażenia „wnioskować” w rozmowie.,Стоит уметь правильно использовать выражение «делать выводы» в разговоре.,"To wyrażenie często pojawia się w pracy, dokumentach i codziennych sytuacjach.","Это выражение часто встречается на работе, в документах и повседневных ситуациях.",робити висновки,Варто вміти правильно використовувати вираз «робити висновки» в розмові.,"Цей вираз часто зустрічається в роботі, документах і повсякденних ситуаціях."
830,830,przewidywanie,прогнозирование,noun,Pojęcie „przewidywanie” często pojawia się w codziennym życiu w Polsce.,Понятие «прогнозирование» часто встречается в повседневной жизни в Польше.,"Warto dobrze rozumieć słowo „przewidywanie”, bo jest praktyczne.","Стоит хорошо понимать слово «прогнозирование», потому что оно практичное.",прогнозування,Поняття «прогнозування» часто зустрічається в повсякденному житті в Польщі.,"Варто добре розуміти слово «прогнозування», бо воно практичне."
831,831,mądrość,мудрость,noun,Pojęcie „mądrość” często pojawia się w codziennym życiu w Polsce.,Понятие «мудрость» часто встречается в повседневной жизни в Польше.,"Warto dobrze rozumieć słowo „mądrość”, bo jest praktyczne.","Стоит хорошо понимать слово «мудрость», потому что оно практичное.",мудрість,Поняття «мудрість» часто зустрічається в повсякденному житті в Польщі.,"Варто добре розуміти слово «мудрість», бо воно практичне."
832,832,realizacja,реализация,noun,Pojęcie „realizacja” często pojawia się w codziennym życiu w Polsce.,Понятие «реализация» часто встречается в повседневной жизни в Польше.,"Warto dobrze rozumieć słowo „realizacja”, bo jest praktyczne.","Стоит хорошо понимать слово «реализация», потому что оно практичное.",реалізація,Поняття «реалізація» часто зустрічається в повсякденному житті в Польщі.,"Варто добре розуміти слово «реалізація», бо воно практичне."
833,833,osiągnięcie celu,достижение цели,noun,Pojęcie „osiągnięcie celu” często pojawia się w codziennym życiu w Polsce.,Понятие «достижение цели» часто встречается в повседневной жизни в Польше.,"Warto dobrze rozumieć słowo „osiągnięcie celu”, bo jest praktyczne.","Стоит хорошо понимать слово «достижение цели», потому что оно практичное.",досягнення мети,Поняття «досягнення мети» часто зустрічається в повсякденному житті в Польщі.,"Варто добре розуміти вираз «досягнення мети», бо він практичний."
834,834,udoskonalać,совершенствовать,verb,Warto umieć poprawnie używać wyrażenia „udoskonalać” w rozmowie.,Стоит уметь правильно использовать выражение «совершенствовать» в разговоре.,"To wyrażenie często pojawia się w pracy, dokumentach i codziennych sytuacjach.","Это выражение часто встречается на работе, в документах и повседневных ситуациях.",удосконалювати,Варто вміти правильно використовувати вираз «удосконалювати» в розмові.,"Цей вираз часто зустрічається в роботі, документах і повсякденних ситуаціях."
835,835,osiągać sukces,добиваться успеха,verb,Warto umieć poprawnie używać wyrażenia „osiągać sukces” w rozmowie.,Стоит уметь правильно использовать выражение «добиваться успеха» в разговоре.,"To wyrażenie często pojawia się w pracy, dokumentach i codziennych sytuacjach.","Это выражение часто встречается на работе, в документах и повседневных ситуациях.",досягати успіху,Варто вміти правильно використовувати вираз «досягати успіху» в розмові.,"Цей вираз часто зустрічається в роботі, документах і повсякденних ситуаціях."
836,836,ponosić odpowiedzialność,нести ответственность,verb,Warto umieć poprawnie używać wyrażenia „ponosić odpowiedzialność” w rozmowie.,Стоит уметь правильно использовать выражение «нести ответственность» в разговоре.,"To wyrażenie często pojawia się w pracy, dokumentach i codziennych sytuacjach.","Это выражение часто встречается на работе, в документах и повседневных ситуациях.",нести відповідальність,Варто вміти правильно використовувати вираз «нести відповідальність» в розмові.,"Цей вираз часто зустрічається в роботі, документах і повсякденних ситуаціях."
837,837,podejmować działania,предпринимать действия,verb,Warto umieć poprawnie używać wyrażenia „podejmować działania” w rozmowie.,Стоит уметь правильно использовать выражение «предпринимать действия» в разговоре.,"To wyrażenie często pojawia się w pracy, dokumentach i codziennych sytuacjach.","Это выражение часто встречается на работе, в документах и повседневных ситуациях.",вживати заходів,Варто вміти правильно використовувати вираз «вживати заходів» в розмові.,"Цей вираз часто зустрічається в роботі, документах і повсякденних ситуаціях."
838,838,dążyć do,стремиться к,verb,Warto umieć poprawnie używać wyrażenia „dążyć do” w rozmowie.,Стоит уметь правильно использовать выражение «стремиться к» в разговоре.,"To wyrażenie często pojawia się w pracy, dokumentach i codziennych sytuacjach.","Это выражение часто встречается на работе, в документах и повседневных ситуациях.",прагнути до,Варто вміти правильно використовувати вираз «прагнути до» в розмові.,"Цей вираз часто зустрічається в роботі, документах і повсякденних ситуаціях."
839,839,mieć zastosowanie,применяться,noun,Pojęcie „formularz” często pojawia się w codziennym życiu w Polsce.,Понятие «формуляр» часто встречается в повседневной жизни в Польше.,"Warto dobrze rozumieć słowo „formularz”, bo jest praktyczne.","Стоит хорошо понимать слово «формуляр», потому что оно практичное.",мати застосування,Поняття «формуляр» часто зустрічається в повсякденному житті в Польщі.,"Варто добре розуміти слово «формуляр», бо воно практичне."
840,840,wynosić,составлять,noun,Pojęcie „podpis” często pojawia się w codziennym życiu w Polsce.,Понятие «подпись» часто встречается в повседневной жизни в Польше.,"Warto dobrze rozumieć słowo „podpis”, bo jest praktyczne.","Стоит хорошо понимать слово «подпись», потому что оно практичное.",становити,Поняття «підпис» часто зустрічається в повсякденному житті в Польщі.,"Варто добре розуміти слово «підпис», бо воно практичне."
841,841,załącznik,приложение,noun,Pojęcie „załącznik” często pojawia się w codziennym życiu w Polsce.,Понятие «приложение» часто встречается в повседневной жизни в Польше.,"Warto dobrze rozumieć słowo „załącznik”, bo jest praktyczne.","Стоит хорошо понимать слово «приложение», потому что оно практичное.",додаток,Поняття «додаток» часто зустрічається в повсякденному житті в Польщі.,"Варто добре розуміти слово «додаток», бо воно практичне."
842,842,oryginał,оригинал,noun,Pojęcie „oryginał” często pojawia się w codziennym życiu w Polsce.,Понятие «оригинал» часто встречается в повседневной жизни в Польше.,"Warto dobrze rozumieć słowo „oryginał”, bo jest praktyczne.","Стоит хорошо понимать слово «оригинал», потому что оно практичное.",оригінал,Поняття «оригінал» часто зустрічається в повсякденному житті в Польщі.,"Варто добре розуміти слово «оригінал», бо воно практичне."
843,843,kopia,копия,noun,Pojęcie „kopia” często pojawia się w codziennym życiu w Polsce.,Понятие «копия» часто встречается в повседневной жизни в Польше.,"Warto dobrze rozumieć słowo „kopia”, bo jest praktyczne.","Стоит хорошо понимать слово «копия», потому что оно практичное.",копія,Поняття «копія» часто зустрічається в повсякденному житті в Польщі.,"Варто добре розуміти слово «копія», бо воно практичне."
844,844,pełnomocnictwo,доверенность,noun,Pojęcie „pełnomocnictwo” często pojawia się w codziennym życiu w Polsce.,Понятие «доверенность» часто встречается в повседневной жизни в Польше.,"Warto dobrze rozumieć słowo „pełnomocnictwo”, bo jest praktyczne.","Стоит хорошо понимать слово «доверенность», потому что оно практичное.",довіреність,Поняття «довіреність» часто зустрічається в повсякденному житті в Польщі.,"Варто добре розуміти слово «довіреність», бо воно практичне."
845,845,status,статус,noun,Pojęcie „status” często pojawia się w codziennym życiu w Polsce.,Понятие «статус» часто встречается в повседневной жизни в Польше.,"Warto dobrze rozumieć słowo „status”, bo jest praktyczne.","Стоит хорошо понимать слово «статус», потому что оно практичное.",статус,Поняття «статус» часто зустрічається в повсякденному житті в Польщі.,"Варто добре розуміти слово «статус», бо воно практичне."
846,846,konto rozliczeniowe,расчетный счет,noun,Pojęcie „procedura” często pojawia się w codziennym życiu w Polsce.,Понятие «процедура» часто встречается в повседневной жизни в Польше.,"Warto dobrze rozumieć słowo „procedura”, bo jest praktyczne.","Стоит хорошо понимать слово «процедура», потому что оно практичное.",розрахунковий рахунок,Поняття «процедура» часто зустрічається в повсякденному житті в Польщі.,"Варто добре розуміти слово «процедура», бо воно практичне."
847,847,magazyn,склад,noun,Pojęcie „kryterium” często pojawia się w codziennym życiu w Polsce.,Понятие «критерий» часто встречается в повседневной жизни в Польше.,"Warto dobrze rozumieć słowo „kryterium”, bo jest praktyczne.","Стоит хорошо понимать слово «критерий», потому что оно практичное.",склад,Поняття «критерій» часто зустрічається в повсякденному житті в Польщі.,"Варто добре розуміти слово «критерій», бо воно практичне."
848,848,przedstawiciel,представитель,noun,Pojęcie „uprawnienie” często pojawia się w codziennym życiu w Polsce.,Понятие «право» часто встречается в повседневной жизни в Польше.,"Warto dobrze rozumieć słowo „uprawnienie”, bo jest praktyczne.","Стоит хорошо понимать слово «право», потому что оно практичное.",представник,Поняття «повноваження» часто зустрічається в повсякденному житті в Польщі.,"Варто добре розуміти слово «повноваження», бо воно практичне."
849,849,kurier,курьер,verb,Warto umieć poprawnie używać wyrażenia „obowiązywać” w rozmowie.,Стоит уметь правильно использовать выражение «действовать» в разговоре.,"To wyrażenie często pojawia się w pracy, dokumentach i codziennych sytuacjach.","Это выражение часто встречается на работе, в документах и повседневных ситуациях.",кур'єр,Варто вміти правильно використовувати вираз «діяти» в розмові.,"Цей вираз часто зустрічається в роботі, документах і повсякденних ситуаціях."
850,850,zgłaszać,"сообщать, заявлять",verb,Warto umieć poprawnie używać wyrażenia „zgłaszać” w rozmowie.,Стоит уметь правильно использовать выражение «сообщать» в разговоре.,"To wyrażenie często pojawia się w pracy, dokumentach i codziennych sytuacjach.","Это выражение часто встречается на работе, в документах и повседневных ситуациях.","повідомляти, заявляти",Варто вміти правильно використовувати вираз «повідомляти» в розмові.,"Цей вираз часто зустрічається в роботі, документах і повсякденних ситуаціях."
851,851,składać wniosek,подавать заявление,verb,Warto umieć poprawnie używać wyrażenia „składać wniosek” w rozmowie.,Стоит уметь правильно использовать выражение «подавать заявление» в разговоре.,"To wyrażenie często pojawia się w pracy, dokumentach i codziennych sytuacjach.","Это выражение часто встречается на работе, в документах и повседневных ситуациях.",подавати заяву,Варто вміти правильно використовувати вираз «подавати заяву» в розмові.,"Цей вираз часто зустрічається в роботі, документах і повсякденних ситуаціях."
852,852,otrzymywać,получать,verb,Warto umieć poprawnie używać wyrażenia „otrzymywać” w rozmowie.,Стоит уметь правильно использовать выражение «получать» в разговоре.,"To wyrażenie często pojawia się w pracy, dokumentach i codziennych sytuacjach.","Это выражение часто встречается на работе, в документах и повседневных ситуациях.",отримувати,Варто вміти правильно використовувати вираз «отримувати» в розмові.,"Цей вираз часто зустрічається в роботі, документах і повсякденних ситуаціях."
853,853,wydawać,выдавать,verb,Warto umieć poprawnie używać wyrażenia „wydawać” w rozmowie.,Стоит уметь правильно использовать выражение «выдавать» в разговоре.,"To wyrażenie często pojawia się w pracy, dokumentach i codziennych sytuacjach.","Это выражение часто встречается на работе, в документах и повседневных ситуациях.",видавати,Варто вміти правильно використовувати вираз «видавати» в розмові.,"Цей вираз часто зустрічається в роботі, документах і повсякденних ситуаціях."
854,854,odbiorca,получатель,verb,Warto umieć poprawnie używać wyrażenia „zatwierdzać” w rozmowie.,Стоит уметь правильно использовать выражение «утверждать» в разговоре.,"To wyrażenie często pojawia się w pracy, dokumentach i codziennych sytuacjach.","Это выражение часто встречается на работе, в документах и повседневных ситуациях.",одержувач,Варто вміти правильно використовувати вираз «затверджувати» в розмові.,"Цей вираз часто зустрічається в роботі, документах і повсякденних ситуаціях."
855,855,odwołanie,апелляция,noun,Pojęcie „odwołanie” często pojawia się w codziennym życiu w Polsce.,Понятие «апелляция» часто встречается в повседневной жизни в Польше.,"Warto dobrze rozumieć słowo „odwołanie”, bo jest praktyczne.","Стоит хорошо понимать слово «апелляция», потому что оно практичное.",апеляція,Поняття «апеляція» часто зустрічається в повсякденному житті в Польщі.,"Варто добре розуміти слово «апеляція», бо воно практичне."
856,856,rozpatrzenie,рассмотрение,noun,Pojęcie „rozpatrzenie” często pojawia się w codziennym życiu w Polsce.,Понятие «рассмотрение» часто встречается в повседневной жизни в Польше.,"Warto dobrze rozumieć słowo „rozpatrzenie”, bo jest praktyczne.","Стоит хорошо понимать слово «рассмотрение», потому что оно практичное.",розгляд,Поняття «розгляд» часто зустрічається в повсякденному житті в Польщі.,"Варто добре розуміти слово «розгляд», бо воно практичне."
857,857,terminowo,своевременно,adverb,Wyrażenie „terminowo” pomaga budować bardziej naturalne zdania.,Выражение «своевременно» помогает строить более естественные предложения.,"Warto znać „terminowo”, bo często pojawia się w rozmowach i tekstach.","Стоит знать «своевременно», потому что оно часто встречается в разговорах и текстах.",вчасно,Вираз «вчасно» допомагає будувати більш природні речення.,"Варто знати «вчасно», бо воно часто зустрічається в розмовах і текстах."
858,858,powiadomienie,уведомление,noun,Pojęcie „powiadomienie” często pojawia się w codziennym życiu w Polsce.,Понятие «уведомление» часто встречается в повседневной жизни в Польше.,"Warto dobrze rozumieć słowo „powiadomienie”, bo jest praktyczne.","Стоит хорошо понимать слово «уведомление», потому что оно практичное.",повідомлення,Поняття «повідомлення» часто зустрічається в повсякденному житті в Польщі.,"Варто добре розуміти слово «повідомлення», бо воно практичне."
859,859,komunikat,сообщение,noun,Pojęcie „komunikat” często pojawia się w codziennym życiu w Polsce.,Понятие «сообщение» часто встречается в повседневной жизни в Польше.,"Warto dobrze rozumieć słowo „komunikat”, bo jest praktyczne.","Стоит хорошо понимать слово «сообщение», потому что оно практичное.",повідомлення,Поняття «повідомлення» часто зустрічається в повсякденному житті в Польщі.,"Варто добре розуміти слово «повідомлення», бо воно практичне."
860,860,informować,информировать,verb,Warto umieć poprawnie używać wyrażenia „informować” w rozmowie.,Стоит уметь правильно использовать выражение «информировать» в разговоре.,"To wyrażenie często pojawia się w pracy, dokumentach i codziennych sytuacjach.","Это выражение часто встречается на работе, в документах и повседневных ситуациях.",інформувати,Варто вміти правильно використовувати вираз «інформувати» в розмові.,"Цей вираз часто зустрічається в роботі, документах і повсякденних ситуаціях."
861,861,ogłaszać,объявлять,verb,Warto umieć poprawnie używać wyrażenia „ogłaszać” w rozmowie.,Стоит уметь правильно использовать выражение «объявлять» в разговоре.,"To wyrażenie często pojawia się w pracy, dokumentach i codziennych sytuacjach.","Это выражение часто встречается на работе, в документах и повседневных ситуациях.",оголошувати,Варто вміти правильно використовувати вираз «оголошувати» в розмові.,"Цей вираз часто зустрічається в роботі, документах і повсякденних ситуаціях."
862,862,publikować,публиковать,verb,Warto umieć poprawnie używać wyrażenia „publikować” w rozmowie.,Стоит уметь правильно использовать выражение «публиковать» в разговоре.,"To wyrażenie często pojawia się w pracy, dokumentach i codziennych sytuacjach.","Это выражение часто встречается на работе, в документах и повседневных ситуациях.",публікувати,Варто вміти правильно використовувати вираз «публікувати» в розмові.,"Цей вираз часто зустрічається в роботі, документах і повсякденних ситуаціях."
863,863,badanie opinii,опрос,noun,Pojęcie „badanie opinii” często pojawia się w codziennym życiu w Polsce.,Понятие «опрос» часто встречается в повседневной жизни в Польше.,"Warto dobrze rozumieć słowo „badanie opinii”, bo jest praktyczne.","Стоит хорошо понимать слово «опрос», потому что оно практичное.",опитування громадської думки,Поняття «опитування громадської думки» часто зустрічається в повсякденному житті в Польщі.,"Варто добре розуміти слово «опитування громадської думки», бо воно практичне."
864,864,ekspert,эксперт,noun,Pojęcie „ekspert” często pojawia się w codziennym życiu w Polsce.,Понятие «эксперт» часто встречается в повседневной жизни в Польше.,"Warto dobrze rozumieć słowo „ekspert”, bo jest praktyczne.","Стоит хорошо понимать слово «эксперт», потому что оно практичное.",експерт,Поняття «експерт» часто зустрічається в повсякденному житті в Польщі.,"Варто добре розуміти слово «експерт», бо воно практичне."
865,865,specjalizacja,специализация,noun,Pojęcie „specjalizacja” często pojawia się w codziennym życiu w Polsce.,Понятие «специализация» часто встречается в повседневной жизни в Польше.,"Warto dobrze rozumieć słowo „specjalizacja”, bo jest praktyczne.","Стоит хорошо понимать слово «специализация», потому что оно практичное.",спеціалізація,Поняття «спеціалізація» часто зустрічається в повсякденному житті в Польщі.,"Варто добре розуміти слово «спеціалізація», бо воно практичне."
866,866,wspólny,общий,adjective,Słowo „wspólny” często pomaga dokładniej opisać sytuację.,Слово «общий» часто помогает точнее описать ситуацию.,"To przydatne słowo w pracy, rozmowach i oficjalnych tekstach.","Это полезное слово в работе, разговорах и официальных текстах.",спільний,Слово «спільний» часто допомагає точніше описати ситуацію.,"Це корисне слово в роботі, розмовах та офіційних текстах."
867,867,indywidualny,индивидуальный,adjective,Słowo „indywidualny” często pomaga dokładniej opisać sytuację.,Слово «индивидуальный» часто помогает точнее описать ситуацию.,"To przydatne słowo w pracy, rozmowach i oficjalnych tekstach.","Это полезное слово в работе, разговорах и официальных текстах.",індивідуальний,Слово «індивідуальний» часто допомагає точніше описати ситуацію.,"Це корисне слово в роботі, розмовах та офіційних текстах."
868,868,ogólny,общий,adjective,Słowo „ogólny” często pomaga dokładniej opisać sytuację.,Слово «общий» часто помогает точнее описать ситуацию.,"To przydatne słowo w pracy, rozmowach i oficjalnych tekstach.","Это полезное слово в работе, разговорах и официальных текстах.",загальний,Слово «загальний» часто допомагає точніше описати ситуацію.,"Це корисне слово в роботі, розмовах та офіційних текстах."
869,869,szczegółowy,подробный,adjective,Słowo „szczegółowy” często pomaga dokładniej opisać sytuację.,Слово «подробный» часто помогает точнее описать ситуацию.,"To przydatne słowo w pracy, rozmowach i oficjalnych tekstach.","Это полезное слово в работе, разговорах и официальных текстах.",детальний,Слово «детальний» часто допомагає точніше описати ситуацію.,"Це корисне слово в роботі, розмовах та офіційних текстах."
870,870,dokładny,точный,adjective,Słowo „dokładny” często pomaga dokładniej opisać sytuację.,Слово «точный» часто помогает точнее описать ситуацию.,"To przydatne słowo w pracy, rozmowach i oficjalnych tekstach.","Это полезное слово в работе, разговорах и официальных текстах.",точний,Слово «точний» часто допомагає точніше описати ситуацію.,"Це корисне слово в роботі, розмовах та офіційних текстах."
871,871,aktualny,актуальный,adjective,Słowo „aktualny” często pomaga dokładniej opisać sytuację.,Слово «актуальный» часто помогает точнее описать ситуацию.,"To przydatne słowo w pracy, rozmowach i oficjalnych tekstach.","Это полезное слово в работе, разговорах и официальных текстах.",актуальний,Слово «актуальний» часто допомагає точніше описати ситуацію.,"Це корисне слово в роботі, розмовах та офіційних текстах."
872,872,przydatny,полезный,adjective,Słowo „przydatny” często pomaga dokładniej opisać sytuację.,Слово «полезный» часто помогает точнее описать ситуацию.,"To przydatne słowo w pracy, rozmowach i oficjalnych tekstach.","Это полезное слово в работе, разговорах и официальных текстах.",корисний,Слово «корисний» часто допомагає точніше описати ситуацію.,"Це корисне слово в роботі, розмовах та офіційних текстах."
873,873,wartościowy,ценный,adjective,Słowo „wartościowy” często pomaga dokładniej opisać sytuację.,Слово «ценный» часто помогает точнее описать ситуацию.,"To przydatne słowo w pracy, rozmowach i oficjalnych tekstach.","Это полезное слово в работе, разговорах и официальных текстах.",цінний,Слово «цінний» часто допомагає точніше описати ситуацію.,"Це корисне слово в роботі, розмовах та офіційних текстах."
874,874,niezwykle,чрезвычайно,adverb,Wyrażenie „niezwykle” pomaga budować bardziej naturalne zdania.,Выражение «чрезвычайно» помогает строить более естественные предложения.,"Warto znać „niezwykle”, bo często pojawia się w rozmowach i tekstach.","Стоит знать «чрезвычайно», потому что оно часто встречается в разговорах и текстах.",надзвичайно,Вираз «надзвичайно» допомагає будувати більш природні речення.,"Варто знати «надзвичайно», бо воно часто зустрічається в розмовах і текстах."
875,875,wymagać,требовать,verb,Warto umieć poprawnie używać wyrażenia „wymagać” w rozmowie.,Стоит уметь правильно использовать выражение «требовать» в разговоре.,"To wyrażenie często pojawia się w pracy, dokumentach i codziennych sytuacjach.","Это выражение часто встречается на работе, в документах и повседневных ситуациях.",вимагати,Варто вміти правильно використовувати вираз «вимагати» в розмові.,"Цей вираз часто зустрічається в роботі, документах і повсякденних ситуаціях."
876,876,zapewnić,обеспечить,verb,Warto umieć poprawnie używać wyrażenia „zapewnić” w rozmowie.,Стоит уметь правильно использовать выражение «обеспечить» в разговоре.,"To wyrażenie często pojawia się w pracy, dokumentach i codziennych sytuacjach.","Это выражение часто встречается на работе, в документах и повседневных ситуациях.",забезпечити,Варто вміти правильно використовувати вираз «забезпечити» в розмові.,"Цей вираз часто зустрічається в роботі, документах і повсякденних ситуаціях."
877,877,przedstawiać,представлять,verb,Warto umieć poprawnie używać wyrażenia „przedstawiać” w rozmowie.,Стоит уметь правильно использовать выражение «представлять» в разговоре.,"To wyrażenie często pojawia się w pracy, dokumentach i codziennych sytuacjach.","Это выражение часто встречается на работе, в документах и повседневных ситуациях.",представляти,Варто вміти правильно використовувати вираз «представляти» в розмові.,"Цей вираз часто зустрічається в роботі, документах і повсякденних ситуаціях."
878,878,dostarczać,предоставлять,verb,Warto umieć poprawnie używać wyrażenia „dostarczać” w rozmowie.,Стоит уметь правильно использовать выражение «предоставлять» в разговоре.,"To wyrażenie często pojawia się w pracy, dokumentach i codziennych sytuacjach.","Это выражение часто встречается на работе, в документах и повседневных ситуациях.",надавати,Варто вміти правильно використовувати вираз «надавати» в розмові.,"Цей вираз часто зустрічається в роботі, документах і повсякденних ситуаціях."
879,879,okazywać się,оказываться,verb,Warto umieć poprawnie używać wyrażenia „okazywać się” w rozmowie.,Стоит уметь правильно использовать выражение «оказываться» в разговоре.,"To wyrażenie często pojawia się w pracy, dokumentach i codziennych sytuacjach.","Это выражение часто встречается на работе, в документах и повседневных ситуациях.",виявлятися,Варто вміти правильно використовувати вираз «виявлятися» в розмові.,"Цей вираз часто зустрічається в роботі, документах і повсякденних ситуаціях."
880,880,stanowić,"составлять, представлять собой",verb,Warto umieć poprawnie używać wyrażenia „stanowić” w rozmowie.,Стоит уметь правильно использовать выражение «составлять» в разговоре.,"To wyrażenie często pojawia się w pracy, dokumentach i codziennych sytuacjach.","Это выражение часто встречается на работе, в документах и повседневных ситуациях.",становити,Варто вміти правильно використовувати вираз «становити» в розмові.,"Цей вираз часто зустрічається в роботі, документах і повсякденних ситуаціях."
881,881,dążyć,стремиться,verb,Warto umieć poprawnie używać wyrażenia „dążyć” w rozmowie.,Стоит уметь правильно использовать выражение «стремиться» в разговоре.,"To wyrażenie często pojawia się w pracy, dokumentach i codziennych sytuacjach.","Это выражение часто встречается на работе, в документах и повседневных ситуациях.",прагнути,Варто вміти правильно використовувати вираз «прагнути» в розмові.,"Цей вираз часто зустрічається в роботі, документах і повсякденних ситуаціях."
882,882,przynosić,приносить,verb,Warto umieć poprawnie używać wyrażenia „przynosić” w rozmowie.,Стоит уметь правильно использовать выражение «приносить» в разговоре.,"To wyrażenie często pojawia się w pracy, dokumentach i codziennych sytuacjach.","Это выражение часто встречается на работе, в документах и повседневных ситуациях.",приносити,Варто вміти правильно використовувати вираз «приносити» в розмові.,"Цей вираз часто зустрічається в роботі, документах і повсякденних ситуаціях."
883,883,dotychczasowy,прежний,adjective,Słowo „dotychczasowy” często pomaga dokładniej opisać sytuację.,Слово «прежний» часто помогает точнее описать ситуацию.,"To przydatne słowo w pracy, rozmowach i oficjalnych tekstach.","Это полезное слово в работе, разговорах и официальных текстах.",дотеперішній,Слово «дотеперішній» часто допомагає точніше описати ситуацію.,"Це корисне слово в роботі, розмовах та офіційних текстах."
884,884,przyszły,будущий,adjective,Słowo „przyszły” często pomaga dokładniej opisać sytuację.,Слово «будущий» часто помогает точнее описать ситуацию.,"To przydatne słowo w pracy, rozmowach i oficjalnych tekstach.","Это полезное слово в работе, разговорах и официальных текстах.",майбутній,Слово «майбутній» часто допомагає точніше описати ситуацію.,"Це корисне слово в роботі, розмовах та офіційних текстах."
885,885,obecny,текущий,adjective,Słowo „obecny” często pomaga dokładniej opisać sytuację.,Слово «текущий» часто помогает точнее описать ситуацию.,"To przydatne słowo w pracy, rozmowach i oficjalnych tekstach.","Это полезное слово в работе, разговорах и официальных текстах.",поточний,Слово «поточний» часто допомагає точніше описати ситуацію.,"Це корисне слово в роботі, розмовах та офіційних текстах."
886,886,pozostały,оставшийся,adjective,Słowo „pozostały” często pomaga dokładniej opisać sytuację.,Слово «оставшийся» часто помогает точнее описать ситуацию.,"To przydatne słowo w pracy, rozmowach i oficjalnych tekstach.","Это полезное слово в работе, разговорах и официальных текстах.",залишковий,Слово «залишковий» часто допомагає точніше описати ситуацію.,"Це корисне слово в роботі, розмовах та офіційних текстах."
887,887,właściwy,правильный,adjective,Słowo „właściwy” często pomaga dokładniej opisać sytuację.,Слово «правильный» часто помогает точнее описать ситуацию.,"To przydatne słowo w pracy, rozmowach i oficjalnych tekstach.","Это полезное слово в работе, разговорах и официальных текстах.",правильний,Слово «правильний» часто допомагає точніше описати ситуацію.,"Це корисне слово в роботі, розмовах та офіційних текстах."
888,888,niewłaściwy,неправильный,adjective,Słowo „niewłaściwy” często pomaga dokładniej opisać sytuację.,Слово «неправильный» часто помогает точнее описать ситуацию.,"To przydatne słowo w pracy, rozmowach i oficjalnych tekstach.","Это полезное слово в работе, разговорах и официальных текстах.",неправильний,Слово «неправильний» часто допомагає точніше описати ситуацію.,"Це корисне слово в роботі, розмовах та офіційних текстах."
889,889,zgodny,соответствующий,adjective,Słowo „zgodny” często pomaga dokładniej opisać sytuację.,Слово «соответствующий» часто помогает точнее описать ситуацию.,"To przydatne słowo w pracy, rozmowach i oficjalnych tekstach.","Это полезное слово в работе, разговорах и официальных текстах.",відповідний,Слово «відповідний» часто допомагає точніше описати ситуацію.,"Це корисне слово в роботі, розмовах та офіційних текстах."
890,890,podobnie,аналогично,adverb,Wyrażenie „podobnie” pomaga budować bardziej naturalne zdania.,Выражение «аналогично» помогает строить более естественные предложения.,"Warto znać „podobnie”, bo często pojawia się w rozmowach i tekstach.","Стоит знать «аналогично», потому что оно часто встречается в разговорах и текстах.",подібно,Вираз «подібно» допомагає будувати більш природні речення.,"Варто знати «подібно», бо воно часто зустрічається в розмовах і текстах."
891,891,jednocześnie,одновременно,adverb,Wyrażenie „jednocześnie” pomaga budować bardziej naturalne zdania.,Выражение «одновременно» помогает строить более естественные предложения.,"Warto znać „jednocześnie”, bo często pojawia się w rozmowach i tekstach.","Стоит знать «одновременно», потому что оно часто встречается в разговорах и текстах.",одночасно,Вираз «одночасно» допомагає будувати більш природні речення.,"Варто знати «одночасно», бо воно часто зустрічається в розмовах і текстах."
892,892,w konsekwencji,вследствие этого,phrase,Wyrażenie „w konsekwencji” pomaga budować bardziej naturalne zdania.,Выражение «вследствие этого» помогает строить более естественные предложения.,"Warto znać „w konsekwencji”, bo często pojawia się w rozmowach i tekstach.","Стоит знать «вследствие этого», потому что оно часто встречается в разговорах и текстах.",як наслідок,Вираз «як наслідок» допомагає будувати більш природні речення.,"Варто знати «як наслідок», бо воно часто зустрічається в розмовах і текстах."
893,893,w odniesieniu do,в отношении,phrase,Wyrażenie „w odniesieniu do” pomaga budować bardziej naturalne zdania.,Выражение «в отношении» помогает строить более естественные предложения.,"Warto znać „w odniesieniu do”, bo często pojawia się w rozmowach i tekstach.","Стоит знать «в отношении», потому что оно часто встречается в разговорах и текстах.",щодо,Вираз «щодо» допомагає будувати більш природні речення.,"Варто знати «щодо», бо воно часто зустрічається в розмовах і текстах."
894,894,zgodnie z planem,согласно плану,phrase,Wyrażenie „zgodnie z planem” pomaga budować bardziej naturalne zdania.,Выражение «согласно плану» помогает строить более естественные предложения.,"Warto znać „zgodnie z planem”, bo często pojawia się w rozmowach i tekstach.","Стоит знать «согласно плану», потому что оно часто встречается в разговорах и текстах.",згідно з планом,Вираз «згідно з планом» допомагає будувати більш природні речення.,"Варто знати «згідно з планом», бо воно часто зустрічається в розмовах і текстах."
895,895,na bieżąco,по мере поступления,phrase,Wyrażenie „na bieżąco” pomaga budować bardziej naturalne zdania.,Выражение «по мере поступления» помогает строить более естественные предложения.,"Warto znać „na bieżąco”, bo często pojawia się w rozmowach i tekstach.","Стоит знать «по мере поступления», потому что оно часто встречается в разговорах и текстах.",в актуальному режимі,Вираз «в актуальному режимі» допомагає будувати більш природні речення.,"Варто знати «в актуальному режимі», бо воно часто зустрічається в розмовах і текстах."
896,896,w związku z tym,в связи с этим,phrase,Wyrażenie „w związku z tym” pomaga budować bardziej naturalne zdania.,Выражение «в связи с этим» помогает строить более естественные предложения.,"Warto znać „w związku z tym”, bo często pojawia się w rozmowach i tekstach.","Стоит знать «в связи с этим», потому что оно часто встречается в разговорах и текстах.",у зв'язку з цим,Вираз «у зв'язку з цим» допомагає будувати більш природні речення.,"Варто знати «у зв'язку з цим», бо воно часто зустрічається в розмовах і текстах."
897,897,co więcej,более того,phrase,Wyrażenie „co więcej” pomaga budować bardziej naturalne zdania.,Выражение «более того» помогает строить более естественные предложения.,"Warto znać „co więcej”, bo często pojawia się w rozmowach i tekstach.","Стоит знать «более того», потому что оно часто встречается в разговорах и текстах.",більше того,Вираз «більше того» допомагає будувати більш природні речення.,"Варто знати «більше того», бо воно часто зустрічається в розмовах і текстах."
898,898,z drugiej strony,с другой стороны,phrase,Wyrażenie „z drugiej strony” pomaga budować bardziej naturalne zdania.,Выражение «с другой стороны» помогает строить более естественные предложения.,"Warto znać „z drugiej strony”, bo często pojawia się w rozmowach i tekstach.","Стоит знать «с другой стороны», потому что оно часто встречается в разговорах и текстах.",з іншого боку,Вираз «з іншого боку» допомагає будувати більш природні речення.,"Варто знати «з іншого боку», бо воно часто зустрічається в розмовах і текстах."
899,899,warto zauważyć,стоит отметить,phrase,Wyrażenie „warto zauważyć” pomaga budować bardziej naturalne zdania.,Выражение «стоит отметить» помогает строить более естественные предложения.,"Warto znać „warto zauważyć”, bo często pojawia się w rozmowach i tekstach.","Стоит знать «стоит отметить», потому что оно часто встречается в разговорах и текстах.",варто зазначити,Вираз «варто зазначити» допомагає будувати більш природні речення.,"Варто знати «варто зазначити», бо воно часто зустрічається в розмовах і текстах."
900,900,nie ma wątpliwości,нет сомнений,phrase,Wyrażenie „nie ma wątpliwości” pomaga budować bardziej naturalne zdania.,Выражение «нет сомнений» помогает строить более естественные предложения.,"Warto znać „nie ma wątpliwości”, bo często pojawia się w rozmowach i tekstach.","Стоит знать «нет сомнений», потому что оно часто встречается в разговорах и текстах.",немає сумнівів,Вираз «немає сумнівів» допомагає будувати більш природні речення.,"Варто знати «немає сумнівів», бо воно часто зустрічається в розмовах і текстах."
901,901,podsumowanie,резюме,noun,Pojęcie „podsumowanie” często pojawia się w codziennym życiu w Polsce.,Понятие «резюме» часто встречается в повседневной жизни в Польше.,"Warto dobrze rozumieć słowo „podsumowanie”, bo jest praktyczne.","Стоит хорошо понимать слово «резюме», потому что оно практичное.",підсумок,Поняття «підсумок» часто зустрічається в повсякденному житті в Польщі.,"Варто добре розуміти слово «підсумок», бо воно практичне."
902,902,wniosek końcowy,итоговый вывод,noun,Pojęcie „wniosek końcowy” często pojawia się w codziennym życiu w Polsce.,Понятие «итоговый вывод» часто встречается в повседневной жизни в Польше.,"Warto dobrze rozumieć słowo „wniosek końcowy”, bo jest praktyczne.","Стоит хорошо понимать слово «итоговый вывод», потому что оно практичное.",кінцевий висновок,Поняття «кінцевий висновок» часто зустрічається в повсякденному житті в Польщі.,"Варто добре розуміти слово «кінцевий висновок», бо воно практичне."
903,903,priorytetowy,приоритетный,adjective,Słowo „priorytetowy” często pomaga dokładniej opisać sytuację.,Слово «приоритетный» часто помогает точнее описать ситуацию.,"To przydatne słowo w pracy, rozmowach i oficjalnych tekstach.","Это полезное слово в работе, разговорах и официальных текстах.",пріоритетний,Слово «пріоритетний» часто допомагає точніше описати ситуацію.,"Це корисне слово в роботі, розмовах та офіційних текстах."
904,904,długoterminowy,долгосрочный,adjective,Słowo „długoterminowy” często pomaga dokładniej opisać sytuację.,Слово «долгосрочный» часто помогает точнее описать ситуацию.,"To przydatne słowo w pracy, rozmowach i oficjalnych tekstach.","Это полезное слово в работе, разговорах и официальных текстах.",довгостроковий,Слово «довгостроковий» часто допомагає точніше описати ситуацію.,"Це корисне слово в роботі, розмовах та офіційних текстах."
905,905,krótkoterminowy,краткосрочный,adjective,Słowo „krótkoterminowy” często pomaga dokładniej opisać sytuację.,Слово «краткосрочный» часто помогает точнее описать ситуацию.,"To przydatne słowo w pracy, rozmowach i oficjalnych tekstach.","Это полезное слово в работе, разговорах и официальных текстах.",короткостроковий,Слово «короткостроковий» часто допомагає точніше описати ситуацію.,"Це корисне слово в роботі, розмовах та офіційних текстах."
906,906,efektywność,эффективность,noun,Pojęcie „efektywność” często pojawia się w codziennym życiu w Polsce.,Понятие «эффективность» часто встречается в повседневной жизни в Польше.,"Warto dobrze rozumieć słowo „efektywność”, bo jest praktyczne.","Стоит хорошо понимать слово «эффективность», потому что оно практичное.",ефективність,Поняття «ефективність» часто зустрічається в повсякденному житті в Польщі.,"Варто добре розуміти слово «ефективність», бо воно практичне."
907,907,nadawca,отправитель,noun,Pojęcie „produktywność” często pojawia się w codziennym życiu w Polsce.,Понятие «продуктивность» часто встречается в повседневной жизни в Польше.,"Warto dobrze rozumieć słowo „produktywność”, bo jest praktyczne.","Стоит хорошо понимать слово «продуктивность», потому что оно практичное.",відправник,Поняття «продуктивність» часто зустрічається в повсякденному житті в Польщі.,"Варто добре розуміти слово «продуктивність», бо воно практичне."
908,908,zasób,ресурс,noun,Pojęcie „zasób” często pojawia się w codziennym życiu w Polsce.,Понятие «ресурс» часто встречается в повседневной жизни в Польше.,"Warto dobrze rozumieć słowo „zasób”, bo jest praktyczne.","Стоит хорошо понимать слово «ресурс», потому что оно практичное.",ресурс,Поняття «ресурс» часто зустрічається в повсякденному житті в Польщі.,"Варто добре розуміти слово «ресурс», бо воно практичне."
909,909,przewoźnik,перевозчик,noun,Pojęcie „potencjał” często pojawia się w codziennym życiu w Polsce.,Понятие «потенциал» часто встречается в повседневной жизни в Польше.,"Warto dobrze rozumieć słowo „potencjał”, bo jest praktyczne.","Стоит хорошо понимать слово «потенциал», потому что оно практичное.",перевізник,Поняття «потенціал» часто зустрічається в повсякденному житті в Польщі.,"Варто добре розуміти слово «потенціал», бо воно практичне."
910,910,wartość dodana,добавленная ценность,noun,Pojęcie „wartość dodana” często pojawia się w codziennym życiu w Polsce.,Понятие «добавленная ценность» часто встречается в повседневной жизни в Польше.,"Warto dobrze rozumieć słowo „wartość dodana”, bo jest praktyczne.","Стоит хорошо понимать слово «добавленная ценность», потому что оно практичное.",додана вартість,Поняття «додана вартість» часто зустрічається в повсякденному житті в Польщі.,"Варто добре розуміти слово «додана вартість», бо воно практичне."
911,911,rozwój osobisty,личностное развитие,noun,Pojęcie „rozwój osobisty” często pojawia się w codziennym życiu w Polsce.,Понятие «личностное развитие» часто встречается в повседневной жизни в Польше.,"Warto dobrze rozumieć słowo „rozwój osobisty”, bo jest praktyczne.","Стоит хорошо понимать слово «личностное развитие», потому что оно практичное.",особистісний розвиток,Поняття «особистісний розвиток» часто зустрічається в повсякденному житті в Польщі.,"Варто добре розуміти слово «особистісний розвиток», бо воно практичне."
912,912,równowaga życiowa,жизненный баланс,noun,Pojęcie „równowaga życiowa” często pojawia się w codziennym życiu w Polsce.,Понятие «жизненный баланс» часто встречается в повседневной жизни в Польше.,"Warto dobrze rozumieć słowo „równowaga życiowa”, bo jest praktyczne.","Стоит хорошо понимать слово «жизненный баланс», потому что оно практичное.",життєвий баланс,Поняття «життєвий баланс» часто зустрічається в повсякденному житті в Польщі.,"Варто добре розуміти слово «життєвий баланс», бо воно практичне."
913,913,dobrobyt,благополучие,noun,Pojęcie „dobrobyt” często pojawia się w codziennym życiu w Polsce.,Понятие «благополучие» часто встречается в повседневной жизни в Польше.,"Warto dobrze rozumieć słowo „dobrobyt”, bo jest praktyczne.","Стоит хорошо понимать слово «благополучие», потому что оно практичное.",добробут,Поняття «добробут» часто зустрічається в повсякденному житті в Польщі.,"Варто добре розуміти слово «добробут», бо воно практичне."
914,914,przyszłość,будущее,noun,Pojęcie „przyszłość” często pojawia się w codziennym życiu w Polsce.,Понятие «будущее» часто встречается в повседневной жизни в Польше.,"Warto dobrze rozumieć słowo „przyszłość”, bo jest praktyczne.","Стоит хорошо понимать слово «будущее», потому что оно практичное.",майбутнє,Поняття «майбутнє» часто зустрічається в повсякденному житті в Польщі.,"Варто добре розуміти слово «майбутнє», бо воно практичне."
915,915,możliwości,возможности,noun,Pojęcie „możliwości” często pojawia się w codziennym życiu w Polsce.,Понятие «возможности» часто встречается в повседневной жизни в Польше.,"Warto dobrze rozumieć słowo „możliwości”, bo jest praktyczne.","Стоит хорошо понимать слово «возможности», потому что оно практичное.",можливості,Поняття «можливості» часто зустрічається в повсякденному житті в Польщі.,"Варто добре розуміти слово «можливості», бо воно практичне."
916,916,perspektywa rozwoju,перспектива развития,noun,Pojęcie „perspektywa rozwoju” często pojawia się w codziennym życiu w Polsce.,Понятие «перспектива развития» часто встречается в повседневной жизни в Польше.,"Warto dobrze rozumieć słowo „perspektywa rozwoju”, bo jest praktyczne.","Стоит хорошо понимать слово «перспектива развития», потому что оно практичное.",перспектива розвитку,Поняття «перспектива розвитку» часто зустрічається в повсякденному житті в Польщі.,"Варто добре розуміти слово «перспектива розвитку», бо воно практичне."
917,917,świadomy,осознанный,adjective,Słowo „świadomy” często pomaga dokładniej opisać sytuację.,Слово «осознанный» часто помогает точнее описать ситуацию.,"To przydatne słowo w pracy, rozmowach i oficjalnych tekstach.","Это полезное слово в работе, разговорах и официальных текстах.",свідомий,Слово «свідомий» часто допомагає точніше описати ситуацію.,"Це корисне слово в роботі, розмовах та офіційних текстах."
918,918,odpowiedzialnie,ответственно,adverb,Wyrażenie „odpowiedzialnie” pomaga budować bardziej naturalne zdania.,Выражение «ответственно» помогает строить более естественные предложения.,"Warto znać „odpowiedzialnie”, bo często pojawia się w rozmowach i tekstach.","Стоит знать «ответственно», потому что оно часто встречается в разговорах и текстах.",відповідально,Вираз «відповідально» допомагає будувати більш природні речення.,"Варто знати «відповідально», бо воно часто зустрічається в розмовах і текстах."
919,919,konsekwentnie,последовательно,adverb,Wyrażenie „konsekwentnie” pomaga budować bardziej naturalne zdania.,Выражение «последовательно» помогает строить более естественные предложения.,"Warto znać „konsekwentnie”, bo często pojawia się w rozmowach i tekstach.","Стоит знать «последовательно», потому что оно часто встречается в разговорах и текстах.",послідовно,Вираз «послідовно» допомагає будувати більш природні речення.,"Варто знати «послідовно», бо воно часто зустрічається в розмовах і текстах."
920,920,świadczyć o,свидетельствовать о,verb,Warto umieć poprawnie używać wyrażenia „świadczyć o” w rozmowie.,Стоит уметь правильно использовать выражение «свидетельствовать о» в разговоре.,"To wyrażenie często pojawia się w pracy, dokumentach i codziennych sytuacjach.","Это выражение часто встречается на работе, в документах и повседневных ситуациях.",свідчити про,Варто вміти правильно використовувати вираз «свідчити про» в розмові.,"Цей вираз часто зустрічається в роботі, документах та повсякденних ситуаціях."
921,921,ubezpieczony,застрахованный,verb,Warto umieć poprawnie używać wyrażenia „wynikać” w rozmowie.,Стоит уметь правильно использовать выражение «следовать» в разговоре.,"To wyrażenie często pojawia się w pracy, dokumentach i codziennych sytuacjach.","Это выражение часто встречается на работе, в документах и повседневных ситуациях.",застрахований,Варто вміти правильно використовувати вираз «wynikać» у розмові.,"Цей вираз часто зустрічається в роботі, документах і повсякденних ситуаціях."
922,922,wskazówka,подсказка,noun,Pojęcie „wskazówka” często pojawia się w codziennym życiu w Polsce.,Понятие «подсказка» часто встречается в повседневной жизни в Польше.,"Warto dobrze rozumieć słowo „wskazówka”, bo jest praktyczne.","Стоит хорошо понимать слово «подсказка», потому что оно практичное.",підказка,Поняття «підказка» часто зустрічається в повсякденному житті в Польщі.,"Варто добре розуміти слово «підказка», бо воно практичне."
923,923,rekomendacja,рекомендация,noun,Pojęcie „rekomendacja” często pojawia się w codziennym życiu w Polsce.,Понятие «рекомендация» часто встречается в повседневной жизни в Польше.,"Warto dobrze rozumieć słowo „rekomendacja”, bo jest praktyczne.","Стоит хорошо понимать слово «рекомендация», потому что оно практичное.",рекомендація,Поняття «рекомендація» часто зустрічається в повсякденному житті в Польщі.,"Варто добре розуміти слово «рекомендація», бо воно практичне."
924,924,rozwijać kompetencje,развивать компетенции,verb,Warto umieć poprawnie używać wyrażenia „rozwijać kompetencje” w rozmowie.,Стоит уметь правильно использовать выражение «развивать компетенции» в разговоре.,"To wyrażenie często pojawia się w pracy, dokumentach i codziennych sytuacjach.","Это выражение часто встречается на работе, в документах и повседневных ситуациях.",розвивати компетенції,Варто вміти правильно використовувати вираз «розвивати компетенції» у розмові.,"Цей вираз часто зустрічається в роботі, документах і повсякденних ситуаціях."
925,rachunek bankowy,банковский счет,noun,noun,To słowo zostało dodane jako uzupełnienie listy.,Это слово было добавлено как дополнение списка.,Warto później zastąpić je dokładniejszą pozycją.,Позже стоит заменить его более точной позицией.,банківський рахунок,Це слово було додано як доповнення до списку.,Варто пізніше замінити його точнішою позицією.
926,osiedle,жилой район,noun,noun,To słowo zostało dodane jako uzupełnienie listy.,Это слово было добавлено как дополнение списка.,Warto później zastąpić je dokładniejszą pozycją.,Позже стоит заменить его более точной позицией.,житловий район,Це слово було додано як доповнення до списку.,Варто пізніше замінити його точнішою позицією.
927,dzielnica,район города,noun,noun,To słowo zostało dodane jako uzupełnienie listy.,Это слово было добавлено как дополнение списка.,Warto później zastąpić je dokładniejszą pozycją.,Позже стоит заменить его более точной позицией.,район міста,Це слово було додано як доповнення до списку.,Варто пізніше замінити його точнішою позицією.
928,chodnik,тротуар,noun,noun,To słowo zostało dodane jako uzupełnienie listy.,Это слово было добавлено как дополнение списка.,Warto później zastąpić je dokładniejszą pozycją.,Позже стоит заменить его более точной позицией.,тротуар,Це слово було додано як доповнення до списку.,Варто пізніше замінити його точнішою позицією.
929,przejście dla pieszych,пешеходный переход,noun,noun,To słowo zostało dodane jako uzupełnienie listy.,Это слово было добавлено как дополнение списка.,Warto później zastąpić je dokładniejszą pozycją.,Позже стоит заменить его более точной позицией.,пішохідний перехід,Це слово було додано як доповнення до списку.,Варто пізніше замінити його точнішою позицією.
930,skrzyżowanie,перекресток,noun,noun,To słowo zostało dodane jako uzupełnienie listy.,Это слово было добавлено как дополнение списка.,Warto później zastąpić je dokładniejszą pozycją.,Позже стоит заменить его более точной позицией.,перехрестя,Це слово було додано як доповнення до списку.,Варто пізніше замінити його точнішою позицією.
931,apteczka,аптечка,noun,noun,To słowo zostało dodane jako uzupełnienie listy.,Это слово было добавлено как дополнение списка.,Warto później zastąpić je dokładniejszą pozycją.,Позже стоит заменить его более точной позицией.,аптечка,Це слово було додано як доповнення до списку.,Варто пізніше замінити його точнішою позицією.
932,pielęgniarka,медсестра,noun,noun,To słowo zostało dodane jako uzupełnienie listy.,Это слово было добавлено как дополнение списка.,Warto później zastąpić je dokładniejszą pozycją.,Позже стоит заменить его более точной позицией.,медсестра,Це слово було додано як доповнення до списку.,Варто пізніше замінити його точнішою позицією.
933,rehabilitacja,реабилитация,noun,noun,To słowo zostało dodane jako uzupełnienie listy.,Это слово было добавлено как дополнение списка.,Warto później zastąpić je dokładniejszą pozycją.,Позже стоит заменить его более точной позицией.,реабілітація,Це слово було додано як доповнення до списку.,Варто пізніше замінити його точнішою позицією.
934,badanie krwi,анализ крови,noun,noun,To słowo zostało dodane jako uzupełnienie listy.,Это слово было добавлено как дополнение списка.,Warto później zastąpić je dokładniejszą pozycją.,Позже стоит заменить его более точной позицией.,аналіз крові,Це слово було додано як доповнення до списку.,Варто пізніше замінити його точнішою позицією.
935,dowód osobisty,удостоверение личности,noun,noun,To słowo zostało dodane jako uzupełnienie listy.,Это слово было добавлено как дополнение списка.,Warto później zastąpić je dokładniejszą pozycją.,Позже стоит заменить его более точной позицией.,посвідчення особи,Це слово було додано як доповнення до списку.,Варто пізніше замінити його точнішою позицією.
936,paszport,паспорт,noun,noun,To słowo zostało dodane jako uzupełnienie listy.,Это слово было добавлено как дополнение списка.,Warto później zastąpić je dokładniejszą pozycją.,Позже стоит заменить его более точной позицией.,паспорт,Це слово було додано як доповнення до списку.,Варто пізніше замінити його точнішою позицією.
937,obywatelstwo,гражданство,noun,noun,To słowo zostało dodane jako uzupełnienie listy.,Это слово было добавлено как дополнение списка.,Warto później zastąpić je dokładniejszą pozycją.,Позже стоит заменить его более точной позицией.,громадянство,Це слово було додано як доповнення до списку.,Варто пізніше замінити його точнішою позицією.
938,legalizacja pobytu,легализация пребывания,noun,noun,To słowo zostało dodane jako uzupełnienie listy.,Это слово было добавлено как дополнение списка.,Warto później zastąpić je dokładniejszą pozycją.,Позже стоит заменить его более точной позицией.,легалізація перебування,Це слово було додано як доповнення до списку.,Варто пізніше замінити його точнішою позицією.
939,urzędowy,официальный,adjective,noun,To słowo zostało dodane jako uzupełnienie listy.,Это слово было добавлено как дополнение списка.,Warto później zastąpić je dokładniejszą pozycją.,Позже стоит заменить его более точной позицией.,офіційний,Це слово було додано як доповнення до списку.,Варто пізніше замінити його точнішою позицією.
940,formularz,"форма, бланк",noun,noun,To słowo zostało dodane jako uzupełnienie listy.,Это слово было добавлено как дополнение списка.,Warto później zastąpić je dokładniejszą pozycją.,Позже стоит заменить его более точной позицией.,"форма, бланк",Це слово було додано як доповнення до списку.,Варто пізніше замінити його точнішою позицією.
941,załącznik,приложение к документу,noun,noun,To słowo zostało dodane jako uzupełnienie listy.,Это слово было добавлено как дополнение списка.,Warto później zastąpić je dokładniejszą pozycją.,Позже стоит заменить его более точной позицией.,додаток до документа,Це слово було додано як доповнення до списку.,Варто пізніше замінити його точнішою позицією.
942,podpis,подпись,noun,noun,To słowo zostało dodane jako uzupełnienie listy.,Это слово было добавлено как дополнение списка.,Warto później zastąpić je dokładniejszą pozycją.,Позже стоит заменить его более точной позицией.,підпис,Це слово було додано як доповнення до списку.,Варто пізніше замінити його точнішою позицією.
943,pieczątka,печать,noun,noun,To słowo zostało dodane jako uzupełnienie listy.,Это слово было добавлено как дополнение списка.,Warto później zastąpić je dokładniejszą pozycją.,Позже стоит заменить его более точной позицией.,печатка,Це слово було додано як доповнення до списку.,Варто пізніше замінити його точнішою позицією.
944,wydruk,распечатка,noun,noun,To słowo zostało dodane jako uzupełnienie listy.,Это слово было добавлено как дополнение списка.,Warto później zastąpić je dokładniejszą pozycją.,Позже стоит заменить его более точной позицией.,розруківка,Це слово було додано як доповнення до списку.,Варто пізніше замінити його точнішою позицією.
945,księgowy,бухгалтер,noun,noun,To słowo zostało dodane jako uzupełnienie listy.,Это слово было добавлено как дополнение списка.,Warto później zastąpić je dokładniejszą pozycją.,Позже стоит заменить его более точной позицией.,бухгалтер,Це слово було додано як доповнення до списку.,Варто пізніше замінити його точнішою позицією.
946,wynagrodzenie,заработная плата,noun,noun,To słowo zostało dodane jako uzupełnienie listy.,Это слово было добавлено как дополнение списка.,Warto później zastąpić je dokładniejszą pozycją.,Позже стоит заменить его более точной позицией.,заробітна плата,Це слово було додано як доповнення до списку.,Варто пізніше замінити його точнішою позицією.
947,premia,премия,noun,noun,To słowo zostało dodane jako uzupełnienie listy.,Это слово было добавлено как дополнение списка.,Warto później zastąpić je dokładniejszą pozycją.,Позже стоит заменить его более точной позицией.,премія,Це слово було додано як доповнення до списку.,Варто пізніше замінити його точнішою позицією.
948,podwyżka,повышение зарплаты,noun,noun,To słowo zostało dodane jako uzupełnienie listy.,Это слово было добавлено как дополнение списка.,Warto później zastąpić je dokładniejszą pozycją.,Позже стоит заменить его более точной позицией.,підвищення зарплати,Це слово було додано як доповнення до списку.,Варто пізніше замінити його точнішою позицією.
949,zwolnienie lekarskie,больничный,noun,noun,To słowo zostało dodane jako uzupełnienie listy.,Это слово было добавлено как дополнение списка.,Warto później zastąpić je dokładniejszą pozycją.,Позже стоит заменить его более точной позицией.,лікарняний,Це слово було додано як доповнення до списку.,Варто пізніше замінити його точнішою позицією.
950,nadgodziny,сверхурочные,noun,noun,To słowo zostało dodane jako uzupełnienie listy.,Это слово было добавлено как дополнение списка.,Warto później zastąpić je dokładniejszą pozycją.,Позже стоит заменить его более точной позицией.,понаднормові,Це слово було додано як доповнення до списку.,Варто пізніше замінити його точнішою позицією.
951,rejestracja,регистрация,noun,noun,To słowo zostało dodane jako uzupełnienie listy.,Это слово было добавлено как дополнение списка.,Warto później zastąpić je dokładniejszą pozycją.,Позже стоит заменить его более точной позицией.,реєстрація,Це слово було додано як доповнення до списку.,Варто пізніше замінити його точнішою позицією.
952,ubezpieczyciel,страховщик,noun,noun,To słowo zostało dodane jako uzupełnienie listy.,Это слово было добавлено как дополнение списка.,Warto później zastąpić je dokładniejszą pozycją.,Позже стоит заменить его более точной позицией.,страховик,Це слово було додано як доповнення до списку.,Варто пізніше замінити його точнішою позицією.
953,właściciel firmy,владелец компании,noun,noun,To słowo zostało dodane jako uzupełnienie listy.,Это слово было добавлено как дополнение списка.,Warto później zastąpić je dokładniejszą pozycją.,Позже стоит заменить его более точной позицией.,власник компанії,Це слово було додано як доповнення до списку.,Варто пізніше замінити його точнішою позицією.
954,pracownik biurowy,офисный сотрудник,noun,noun,To słowo zostało dodane jako uzupełnienie listy.,Это слово было добавлено как дополнение списка.,Warto później zastąpić je dokładniejszą pozycją.,Позже стоит заменить его более точной позицией.,офісний працівник,Це слово було додано як доповнення до списку.,Варто пізніше замінити його точнішою позицією.
955,umowa o pracę,трудовой договор,noun,noun,To słowo zostało dodane jako uzupełnienie listy.,Это слово было добавлено как дополнение списка.,Warto później zastąpić je dokładniejszą pozycją.,Позже стоит заменить его более точной позицией.,трудовий договір,Це слово було додано як доповнення до списку.,Варто пізніше замінити його точнішою позицією.
956,umowa zlecenie,договор подряда,noun,noun,To słowo zostało dodane jako uzupełnienie listy.,Это слово было добавлено как дополнение списка.,Warto później zastąpić je dokładniejszą pozycją.,Позже стоит заменить его более точной позицией.,договір підряду,Це слово було додано як доповнення до списку.,Варто пізніше замінити його точнішою позицією.
957,umowa o dzieło,договор на выполнение работы,noun,noun,To słowo zostało dodane jako uzupełnienie listy.,Это слово было добавлено как дополнение списка.,Warto później zastąpić je dokładniejszą pozycją.,Позже стоит заменить его более точной позицией.,договір про виконання робіт,Це слово було додано як доповнення до списку.,Варто пізніше замінити його точнішою позицією.
958,rachunek telefoniczny,счет за телефон,noun,noun,To słowo zostało dodane jako uzupełnienie listy.,Это слово было добавлено как дополнение списка.,Warto później zastąpić je dokładniejszą pozycją.,Позже стоит заменить его более точной позицией.,рахунок за телефон,Це слово було додано як доповнення до списку.,Варто пізніше замінити його точнішою позицією.
959,oprogramowanie,программное обеспечение,noun,noun,To słowo zostało dodane jako uzupełnienie listy.,Это слово было добавлено как дополнение списка.,Warto później zastąpić je dokładniejszą pozycją.,Позже стоит заменить его более точной позицией.,програмне забезпечення,Це слово було додано як доповнення до списку.,Варто пізніше замінити його точнішою позицією.
960,plik,файл,noun,noun,To słowo zostało dodane jako uzupełnienie listy.,Это слово было добавлено как дополнение списка.,Warto później zastąpić je dokładniejszą pozycją.,Позже стоит заменить его более точной позицией.,файл,Це слово було додано як доповнення до списку.,Варто пізніше замінити його точнішою позицією.
961,folder,папка,noun,noun,To słowo zostało dodane jako uzupełnienie listy.,Это слово было добавлено как дополнение списка.,Warto później zastąpić je dokładniejszą pozycją.,Позже стоит заменить его более точной позицией.,папка,Це слово було додано як доповнення до списку.,Варто пізніше замінити його точнішою позицією.
962,wyszukiwarka,поисковая система,noun,noun,To słowo zostało dodane jako uzupełnienie listy.,Это слово было добавлено как дополнение списка.,Warto później zastąpić je dokładniejszą pozycją.,Позже стоит заменить его более точной позицией.,пошукова система,Це слово було додано як доповнення до списку.,Варто пізніше замінити його точнішою позицією.
963,strona internetowa,веб-сайт,noun,noun,To słowo zostało dodane jako uzupełnienie listy.,Это слово было добавлено как дополнение списка.,Warto później zastąpić je dokładniejszą pozycją.,Позже стоит заменить его более точной позицией.,вебсайт,Це слово було додано як доповнення до списку.,Варто пізніше замінити його точнішою позицією.
964,przeglądarka,браузер,noun,noun,To słowo zostało dodane jako uzupełnienie listy.,Это слово было добавлено как дополнение списка.,Warto później zastąpić je dokładniejszą pozycją.,Позже стоит заменить его более точной позицией.,браузер,Це слово було додано як доповнення до списку.,Варто пізніше замінити його точнішою позицією.
965,bezpieczeństwo danych,безопасность данных,noun,noun,To słowo zostało dodane jako uzupełnienie listy.,Это слово было добавлено как дополнение списка.,Warto później zastąpić je dokładniejszą pozycją.,Позже стоит заменить его более точной позицией.,безпека даних,Це слово було додано як доповнення до списку.,Варто пізніше замінити його точнішою позицією.
966,konto bankowe,przedsięwzięcie,"проект, начинание",noun,To słowo zostało dodane jako uzupełnienie listy.,Это слово было добавлено как дополнение списка.,Warto później zastąpić je dokładniejszą pozycją.,Позже стоит заменить его более точной позицией.,проєкт,Це слово було додано як доповнення до списку.,Варто пізніше замінити його точнішою позицією.
967,karta płatnicza,платежная карта,noun,noun,To słowo zostało dodane jako uzupełnienie listy.,Это слово было добавлено как дополнение списка.,Warto później zastąpić je dokładniejszą pozycją.,Позже стоит заменить его более точной позицией.,платіжна картка,Це слово було додано як доповнення до списку.,Варто пізніше замінити його точнішою позицією.
968,bankomat,банкомат,noun,noun,To słowo zostało dodane jako uzupełnienie listy.,Это слово было добавлено как дополнение списка.,Warto później zastąpić je dokładniejszą pozycją.,Позже стоит заменить его более точной позицией.,банкомат,Це слово було додано як доповнення до списку.,Варто пізніше замінити його точнішою позицією.
969,wypłata,снятие денег,noun,noun,To słowo zostało dodane jako uzupełnienie listy.,Это слово было добавлено как дополнение списка.,Warto później zastąpić je dokładniejszą pozycją.,Позже стоит заменить его более точной позицией.,зняття готівки,Це слово було додано як доповнення до списку.,Варто пізніше замінити його точнішою позицією.
970,wpłata,внесение денег,noun,noun,To słowo zostało dodane jako uzupełnienie listy.,Это слово было добавлено как дополнение списка.,Warto później zastąpić je dokładniejszą pozycją.,Позже стоит заменить его более точной позицией.,внесення готівки,Це слово було додано як доповнення до списку.,Варто пізніше замінити його точнішою позицією.
971,saldo,баланс счета,noun,noun,To słowo zostało dodane jako uzupełnienie listy.,Это слово было добавлено как дополнение списка.,Warto później zastąpić je dokładniejszą pozycją.,Позже стоит заменить его более точной позицией.,баланс рахунку,Це слово було додано як доповнення до списку.,Варто пізніше замінити його точнішою позицією.
972,oszczędnościowe,сберегательный,adjective,noun,To słowo zostało dodane jako uzupełnienie listy.,Это слово было добавлено как дополнение списка.,Warto później zastąpić je dokładniejszą pozycją.,Позже стоит заменить его более точной позицией.,ощадний,Це слово було додано як доповнення до списку.,Варто пізніше замінити його точнішою позицією.
973,lokata,депозит,noun,noun,To słowo zostało dodane jako uzupełnienie listy.,Это слово было добавлено как дополнение списка.,Warto później zastąpić je dokładniejszą pozycją.,Позже стоит заменить его более точной позицией.,депозит,Це слово було додано як доповнення до списку.,Варто пізніше замінити його точнішою позицією.
974,inwestycja,инвестиция,noun,noun,To słowo zostało dodane jako uzupełnienie listy.,Это слово было добавлено как дополнение списка.,Warto później zastąpić je dokładniejszą pozycją.,Позже стоит заменить его более точной позицией.,інвестиція,Це слово було додано як доповнення до списку.,Варто пізніше замінити його точнішою позицією.
975,doradca,консультант,noun,noun,To słowo zostało dodane jako uzupełnienie listy.,Это слово было добавлено как дополнение списка.,Warto później zastąpić je dokładniejszą pozycją.,Позже стоит заменить его более точной позицией.,консультант,Це слово було додано як доповнення до списку.,Варто пізніше замінити його точнішою позицією.
976,sprzęt,оборудование,noun,noun,To słowo zostało dodane jako uzupełnienie listy.,Это слово было добавлено как дополнение списка.,Warto później zastąpić je dokładniejszą pozycją.,Позже стоит заменить его более точной позицией.,обладнання,Це слово було додано як доповнення до списку.,Варто пізніше замінити його точнішою позицією.
977,narzędzie,инструмент,noun,noun,To słowo zostało dodane jako uzupełnienie listy.,Это слово было добавлено как дополнение списка.,Warto później zastąpić je dokładniejszą pozycją.,Позже стоит заменить его более точной позицией.,інструмент,Це слово було додано як доповнення до списку.,Варто пізніше замінити його точнішою позицією.
978,wyposażony,оборудованный,adjective,noun,To słowo zostało dodane jako uzupełnienie listy.,Это слово было добавлено как дополнение списка.,Warto później zastąpić je dokładniejszą pozycją.,Позже стоит заменить его более точной позицией.,обладнаний,Це слово було додано як доповнення до списку.,Варто пізніше замінити його точнішою позицією.
979,wydarzenie,мероприятие,noun,noun,To słowo zostało dodane jako uzupełnienie listy.,Это слово было добавлено как дополнение списка.,Warto później zastąpić je dokładniejszą pozycją.,Позже стоит заменить его более точной позицией.,захід,Це слово було додано як доповнення до списку.,Варто пізніше замінити його точнішою позицією.
980,uczestnik,участник,noun,noun,To słowo zostało dodane jako uzupełnienie listy.,Это слово было добавлено как дополнение списка.,Warto później zastąpić je dokładniejszą pozycją.,Позже стоит заменить его более точной позицией.,учасник,Це слово було додано як доповнення до списку.,Варто пізніше замінити його точнішою позицією.
981,organizator,организатор,noun,noun,To słowo zostało dodane jako uzupełnienie listy.,Это слово было добавлено как дополнение списка.,Warto później zastąpić je dokładniejszą pozycją.,Позже стоит заменить его более точной позицией.,організатор,Це слово було додано як доповнення до списку.,Варто пізніше замінити його точнішою позицією.
982,publiczność,публика,noun,noun,To słowo zostało dodane jako uzupełnienie listy.,Это слово было добавлено как дополнение списка.,Warto później zastąpić je dokładniejszą pozycją.,Позже стоит заменить его более точной позицией.,публіка,Це слово було додано як доповнення до списку.,Варто пізніше замінити його точнішою позицією.
983,kultura,культура,noun,noun,To słowo zostało dodane jako uzupełnienie listy.,Это слово было добавлено как дополнение списка.,Warto później zastąpić je dokładniejszą pozycją.,Позже стоит заменить его более точной позицией.,культура,Це слово було додано як доповнення до списку.,Варто пізніше замінити його точнішою позицією.
984,muzeum,музей,noun,noun,To słowo zostało dodane jako uzupełnienie listy.,Это слово было добавлено как дополнение списка.,Warto później zastąpić je dokładniejszą pozycją.,Позже стоит заменить его более точной позицией.,музей,Це слово було додано як доповнення до списку.,Варто пізніше замінити його точнішою позицією.
985,wystawa,выставка,noun,noun,To słowo zostało dodane jako uzupełnienie listy.,Это слово было добавлено как дополнение списка.,Warto później zastąpić je dokładniejszą pozycją.,Позже стоит заменить его более точной позицией.,виставка,Це слово було додано як доповнення до списку.,Варто пізніше замінити його точнішою позицією.
986,biblioteka,библиотека,noun,noun,To słowo zostało dodane jako uzupełnienie listy.,Это слово было добавлено как дополнение списка.,Warto później zastąpić je dokładniejszą pozycją.,Позже стоит заменить его более точной позицией.,бібліотека,Це слово було додано як доповнення до списку.,Варто пізніше замінити його точнішою позицією.
987,książka,книга,noun,noun,To słowo zostało dodane jako uzupełnienie listy.,Это слово было добавлено как дополнение списка.,Warto później zastąpić je dokładniejszą pozycją.,Позже стоит заменить его более точной позицией.,книга,Це слово було додано як доповнення до списку.,Варто пізніше замінити його точнішою позицією.
988,czytelnik,читатель,noun,noun,To słowo zostało dodane jako uzupełnienie listy.,Это слово было добавлено как дополнение списка.,Warto później zastąpić je dokładniejszą pozycją.,Позже стоит заменить его более точной позицией.,читач,Це слово було додано як доповнення до списку.,Варто пізніше замінити його точнішою позицією.
989,autor,автор,noun,noun,To słowo zostało dodane jako uzupełnienie listy.,Это слово было добавлено как дополнение списка.,Warto później zastąpić je dokładniejszą pozycją.,Позже стоит заменить его более точной позицией.,автор,Це слово було додано як доповнення до списку.,Варто пізніше замінити його точнішою позицією.
990,artykuł,статья,noun,noun,To słowo zostało dodane jako uzupełnienie listy.,Это слово было добавлено как дополнение списка.,Warto później zastąpić je dokładniejszą pozycją.,Позже стоит заменить его более точной позицией.,стаття,Це слово було додано як доповнення до списку.,Варто пізніше замінити його точнішою позицією.
991,gazeta,газета,noun,noun,To słowo zostało dodane jako uzupełnienie listy.,Это слово было добавлено как дополнение списка.,Warto później zastąpić je dokładniejszą pozycją.,Позже стоит заменить его более точной позицией.,газета,Це слово було додано як доповнення до списку.,Варто пізніше замінити його точнішою позицією.
992,wiadomości,новости,noun,noun,To słowo zostało dodane jako uzupełnienie listy.,Это слово было добавлено как дополнение списка.,Warto później zastąpić je dokładniejszą pozycją.,Позже стоит заменить его более точной позицией.,новини,Це слово було додано як доповнення до списку.,Варто пізніше замінити його точнішою позицією.
993,program,программа,noun,noun,To słowo zostało dodane jako uzupełnienie listy.,Это слово было добавлено как дополнение списка.,Warto później zastąpić je dokładniejszą pozycją.,Позже стоит заменить его более точной позицией.,програма,Це слово було додано як доповнення до списку.,Варто пізніше замінити його точнішою позицією.
994,kanał,канал,noun,noun,To słowo zostało dodane jako uzupełnienie listy.,Это слово было добавлено как дополнение списка.,Warto później zastąpić je dokładniejszą pozycją.,Позже стоит заменить его более точной позицией.,канал,Це слово було додано як доповнення до списку.,Варто пізніше замінити його точнішою позицією.
995,ekran,экран,noun,noun,To słowo zostało dodane jako uzupełnienie listy.,Это слово было добавлено как дополнение списка.,Warto później zastąpić je dokładniejszą pozycją.,Позже стоит заменить его более точной позицией.,екран,Це слово було додано як доповнення до списку.,Варто пізніше замінити його точнішою позицією.
996,podróżować,путешествовать,verb,noun,To słowo zostało dodane jako uzupełnienie listy.,Это слово было добавлено как дополнение списка.,Warto później zastąpić je dokładniejszą pozycją.,Позже стоит заменить его более точной позицией.,подорожувати,Це слово було додано як доповнення до списку.,Варто пізніше замінити його точнішою позицією.
997,odpoczywać,отдыхать,verb,noun,To słowo zostało dodane jako uzupełnienie listy.,Это слово было добавлено как дополнение списка.,Warto później zastąpić je dokładniejszą pozycją.,Позже стоит заменить его более точной позицией.,відпочивати,Це слово було додано як доповнення до списку.,Варто пізніше замінити його точнішою позицією.
998,spacer,прогулка,noun,noun,To słowo zostało dodane jako uzupełnienie listy.,Это слово было добавлено как дополнение списка.,Warto później zastąpić je dokładniejszą pozycją.,Позже стоит заменить его более точной позицией.,прогулянка,Це слово було додано як доповнення до списку.,Варто пізніше замінити його точнішою позицією.
999,aktywność,активность,noun,noun,To słowo zostało dodane jako uzupełnienie listy.,Это слово было добавлено как дополнение списка.,Warto później zastąpić je dokładniejszą pozycją.,Позже стоит заменить его более точной позицией.,активність,Це слово було додано як доповнення до списку.,Варто пізніше замінити його точнішою позицією.
1000,ćwiczenie,упражнение,noun,noun,To słowo zostało dodane jako uzupełnienie listy.,Это слово было добавлено как дополнение списка.,Warto później zastąpić je dokładniejszą pozycją.,Позже стоит заменить его более точной позицией.,вправа,Це слово було додано як доповнення до списку.,Варто пізніше замінити його точнішою позицією.
