id,rank,polish,russian,part_of_speech,example_polish_1,example_russian_1,example_polish_2,example_russian_2
1,1,możliwość,возможность,noun,Mam możliwość pracy zdalnej trzy dni w tygodniu.,У меня есть возможность работать удалённо три дня в неделю.,Ta decyzja daje nam więcej możliwości.,Это решение даёт нам больше возможностей.
2,2,doświadczenie,опыт,noun,Mam doświadczenie w pracy z klientami.,У меня есть опыт работы с клиентами.,To doświadczenie bardzo mi pomogło.,Этот опыт мне очень помог.
3,3,obowiązek,обязанность,noun,To jest mój obowiązek jako pracownika.,Это моя обязанность как сотрудника.,Rodzice mają obowiązek dbać o dziecko.,Родители обязаны заботиться о ребёнке.
4,4,odpowiedzialność,ответственность,noun,To duża odpowiedzialność.,Это большая ответственность.,Biorę odpowiedzialność za ten projekt.,Я беру ответственность за этот проект.
5,5,osiągnąć,достичь,verb,Chcę osiągnąć lepszy poziom języka polskiego.,Я хочу достичь лучшего уровня польского языка.,Firma osiągnęła dobry wynik.,Компания достигла хорошего результата.
6,6,zależeć,зависеть,verb,Wszystko zależy od decyzji urzędu.,Всё зависит от решения учреждения.,Cena zależy od wielu czynników.,Цена зависит от многих факторов.
7,7,dotyczyć,"касаться, относиться к",verb,Ta informacja dotyczy wszystkich pracowników.,Эта информация касается всех сотрудников.,Pytanie dotyczy mojego pobytu w Polsce.,Вопрос касается моего пребывания в Польше.
8,8,załatwić,"уладить, решить вопрос",verb,Muszę załatwić kilka spraw w urzędzie.,Мне нужно решить несколько дел в учреждении.,Udało mi się załatwić dokumenty.,Мне удалось оформить документы.
9,9,dochód,доход,noun,Muszę podać miesięczny dochód.,Я должен указать месячный доход.,Bank sprawdza dochód klienta.,Банк проверяет доход клиента.
10,10,zatrudnienie,трудоустройство,noun,Szukam stabilnego zatrudnienia.,Я ищу стабильное трудоустройство.,Warunki zatrudnienia są opisane w umowie.,Условия трудоустройства описаны в договоре.
11,11,świadczenie,"пособие, выплата",noun,Rodzina otrzymuje świadczenie na dziecko.,Семья получает пособие на ребёнка.,"Aby otrzymać świadczenie, trzeba złożyć wniosek.","Чтобы получить пособие, нужно подать заявление."
12,12,wniosek,заявление,noun,Złożyłem wniosek o kartę pobytu.,Я подал заявление на карту побыта.,Wniosek trzeba podpisać na ostatniej stronie.,Заявление нужно подписать на последней странице.
13,13,pozwolenie,разрешение,noun,Potrzebuję pozwolenia na pracę.,Мне нужно разрешение на работу.,Nie dostałem jeszcze pozwolenia.,Я ещё не получил разрешение.
14,14,warunek,условие,noun,To ważny warunek umowy.,Это важное условие договора.,Musisz spełnić wszystkie warunki.,Ты должен выполнить все условия.
15,15,korzyść,"польза, выгода",noun,To rozwiązanie ma wiele korzyści.,У этого решения много преимуществ.,Nie widzę w tym żadnej korzyści.,Я не вижу в этом никакой пользы.
16,16,wpływ,влияние,noun,Ta decyzja ma wpływ na nasze życie.,Это решение влияет на нашу жизнь.,Stres ma duży wpływ na zdrowie.,Стресс сильно влияет на здоровье.
17,17,zachowanie,поведение,noun,Jego zachowanie było nieodpowiednie.,Его поведение было неподходящим.,Dzieci często zmieniają zachowanie w nowym miejscu.,Дети часто меняют поведение в новом месте.
18,18,stosunek,отношение,noun,Mam pozytywny stosunek do tej zmiany.,У меня положительное отношение к этому изменению.,Jego stosunek do pracy jest bardzo odpowiedzialny.,Его отношение к работе очень ответственное.
19,19,kontaktować się,связываться,verb,Proszę kontaktować się z nami mailowo.,"Пожалуйста, связывайтесь с нами по электронной почте.",Muszę skontaktować się z lekarzem.,Мне нужно связаться с врачом.
20,20,uzyskać,"получить, добиться",verb,Chcę uzyskać więcej informacji.,Я хочу получить больше информации.,Udało mi się uzyskać zgodę.,Мне удалось получить согласие.
21,21,przeprowadzić,провести,verb,Przeprowadziliśmy analizę wyników za ostatni miesiąc.,Мы провели анализ результатов за последний месяц.,Firma przeprowadziła szkolenie dla nowych pracowników.,Компания провела обучение для новых сотрудников.
22,22,rozwiązanie,решение,noun,To rozwiązanie pozwoli zaoszczędzić dużo czasu.,Это решение позволит сэкономить много времени.,Szukamy najlepszego rozwiązania tego problemu.,Мы ищем лучшее решение этой проблемы.
23,23,ograniczenie,ограничение,noun,Nowe ograniczenia weszły w życie od poniedziałku.,Новые ограничения вступили в силу с понедельника.,Każdy system ma swoje ograniczenia.,У каждой системы есть свои ограничения.
24,24,okoliczność,обстоятельство,noun,W tych okolicznościach trudno było podjąć decyzję.,В этих обстоятельствах было трудно принять решение.,Musimy wziąć pod uwagę wszystkie okoliczności.,Мы должны учесть все обстоятельства.
25,25,wydarzenie,событие,noun,To było ważne wydarzenie dla całej firmy.,Это было важное событие для всей компании.,W weekend odbędzie się duże wydarzenie kulturalne.,На выходных состоится крупное культурное событие.
26,26,perspektywa,перспектива,noun,Z mojej perspektywy to dobra decyzja.,С моей точки зрения это хорошее решение.,Praca w tej firmie daje ciekawe perspektywy rozwoju.,Работа в этой компании даёт интересные перспективы развития.
27,27,działalność,деятельность,noun,Firma rozpoczęła działalność w 2018 roku.,Компания начала деятельность в 2018 году.,Prowadzenie działalności wymaga dużej odpowiedzialności.,Ведение деятельности требует большой ответственности.
28,28,przedsiębiorstwo,предприятие,noun,To przedsiębiorstwo zatrudnia ponad tysiąc osób.,Это предприятие нанимает более тысячи человек.,Przedsiębiorstwo planuje dalszy rozwój.,Предприятие планирует дальнейшее развитие.
29,29,instytucja,учреждение,noun,Ta instytucja zajmuje się pomocą cudzoziemcom.,Это учреждение занимается помощью иностранцам.,Musisz dostarczyć dokumenty do odpowiedniej instytucji.,Ты должен предоставить документы в соответствующее учреждение.
30,30,procedura,процедура,noun,Procedura uzyskania pozwolenia może potrwać kilka miesięcy.,Процедура получения разрешения может занять несколько месяцев.,Pracownicy muszą przestrzegać obowiązujących procedur.,Сотрудники должны соблюдать действующие процедуры.
31,31,szczegół,деталь,noun,Musimy omówić wszystkie szczegóły projektu.,Мы должны обсудить все детали проекта.,Nie pamiętam tego szczegółu.,Я не помню этой детали.
32,32,podpis,подпись,noun,Proszę złożyć podpis na ostatniej stronie.,"Пожалуйста, поставьте подпись на последней странице.",Bez podpisu dokument jest nieważny.,Без подписи документ недействителен.
33,33,zgoda,согласие,noun,Potrzebuję twojej zgody.,Мне нужно твоё согласие.,Rodzice wyrazili zgodę na wyjazd.,Родители дали согласие на поездку.
34,34,odmowa,отказ,noun,Otrzymałem odmowę wydania dokumentu.,Я получил отказ в выдаче документа.,Nie spodziewałem się takiej odmowy.,Я не ожидал такого отказа.
35,35,wymaganie,требование,noun,To podstawowe wymaganie tego stanowiska.,Это базовое требование этой должности.,Musimy spełnić wszystkie wymagania.,Мы должны выполнить все требования.
36,36,oczekiwanie,ожидание,noun,Czas oczekiwania wynosi około miesiąca.,Срок ожидания составляет около месяца.,Nasze oczekiwania były wyższe.,Наши ожидания были выше.
37,37,uczestnik,участник,noun,Każdy uczestnik otrzyma certyfikat.,Каждый участник получит сертификат.,W spotkaniu było dwudziestu uczestników.,На встрече было двадцать участников.
38,38,współpraca,сотрудничество,noun,Nasza współpraca układa się bardzo dobrze.,Наше сотрудничество складывается очень хорошо.,Firma szuka partnerów do współpracy.,Компания ищет партнёров для сотрудничества.
39,39,konkurencja,конкуренция,noun,Konkurencja na rynku jest duża.,Конкуренция на рынке высокая.,Musimy obserwować działania konkurencji.,Мы должны следить за действиями конкурентов.
40,40,rozwój,развитие,noun,Rozwój firmy przebiega zgodnie z planem.,Развитие компании идёт по плану.,Inwestujemy w rozwój pracowników.,Мы инвестируем в развитие сотрудников.
41,41,postęp,прогресс,noun,Widać duży postęp w nauce języka.,В изучении языка виден большой прогресс.,Projekt robi postępy każdego tygodnia.,Проект продвигается каждую неделю.
42,42,wartość,ценность,noun,Najważniejszą wartością jest zaufanie.,Самая важная ценность — доверие.,Wartość mieszkania wzrosła.,Стоимость квартиры выросла.
43,43,cel,цель,noun,Moim celem jest płynna znajomość polskiego.,Моя цель — свободное владение польским.,Musimy określić główny cel projektu.,Мы должны определить главную цель проекта.
44,44,analiza,анализ,noun,Analiza danych zajęła kilka dni.,Анализ данных занял несколько дней.,Przygotowujemy analizę rynku.,Мы готовим анализ рынка.
45,45,decyzja,решение,noun,To była trudna decyzja.,Это было трудное решение.,Czekamy na decyzję urzędu.,Мы ждём решения учреждения.
46,46,wynik,результат,noun,Wynik egzaminu był bardzo dobry.,Результат экзамена был очень хорошим.,Jesteśmy zadowoleni z wyników pracy.,Мы довольны результатами работы.
47,47,ocena,оценка,noun,Uczeń otrzymał wysoką ocenę.,Ученик получил высокую оценку.,Twoja ocena sytuacji jest trafna.,Твоя оценка ситуации точна.
48,48,argument,аргумент,noun,To mocny argument za zmianą.,Это сильный аргумент в пользу изменений.,Nie zgadzam się z tym argumentem.,Я не согласен с этим аргументом.
49,49,dowód,доказательство,noun,Potrzebujemy dowodu na potwierdzenie tej informacji.,Нам нужно доказательство для подтверждения этой информации.,Policja znalazła ważny dowód.,Полиция нашла важное доказательство.
50,50,propozycja,предложение,noun,Mam ciekawą propozycję.,У меня есть интересное предложение.,Rozważymy wszystkie propozycje.,Мы рассмотрим все предложения.
51,51,udział,участие,noun,Wzięliśmy udział w ważnym spotkaniu.,Мы приняли участие в важной встрече.,Udział w kursie jest bezpłatny.,Участие в курсе бесплатное.
52,52,przepis,"правило, норма",noun,Musimy przestrzegać nowych przepisów.,Мы должны соблюдать новые правила.,Ten przepis dotyczy wszystkich pracowników.,Эта норма касается всех сотрудников.
53,53,przestrzegać,соблюдать,verb,Pracownicy muszą przestrzegać procedur bezpieczeństwa.,Сотрудники должны соблюдать процедуры безопасности.,"Ważne jest, żeby przestrzegać terminów.",Важно соблюдать сроки.
54,54,udowodnić,доказать,verb,Muszę udowodnić swoje doświadczenie zawodowe.,Я должен доказать свой профессиональный опыт.,Trudno udowodnić to bez dokumentów.,Трудно доказать это без документов.
55,55,wyjaśnić,объяснить,verb,Czy możesz wyjaśnić mi tę decyzję?,Можешь объяснить мне это решение?,"Urzędnik wyjaśnił, jakie dokumenty są potrzebne.","Сотрудник учреждения объяснил, какие документы нужны."
56,56,przekonać,убедить,verb,Muszę przekonać szefa do mojego pomysłu.,Я должен убедить начальника в своей идее.,Nie udało mi się go przekonać.,Мне не удалось его убедить.
57,57,przyznać,"признать, предоставить",verb,"Muszę przyznać, że to był błąd.","Я должен признать, что это была ошибка.",Urząd przyznał rodzinie świadczenie.,Учреждение назначило семье пособие.
58,58,unikać,избегать,verb,Staram się unikać niepotrzebnego stresu.,Я стараюсь избегать ненужного стресса.,Warto unikać błędów w dokumentach.,Стоит избегать ошибок в документах.
59,59,rozważać,"рассматривать, обдумывать",verb,Rozważamy zakup mieszkania w Warszawie.,Мы рассматриваем покупку квартиры в Варшаве.,Firma rozważa zmianę procedury.,Компания рассматривает изменение процедуры.
60,60,porównywać,сравнивать,verb,Porównujemy oferty kilku banków.,Мы сравниваем предложения нескольких банков.,Nie warto porównywać swojej sytuacji z innymi.,Не стоит сравнивать свою ситуацию с другими.
61,61,oceniać,оценивать,verb,Trudno oceniać sytuację bez wszystkich informacji.,Трудно оценивать ситуацию без всей информации.,Pracodawca ocenia wyniki pracy zespołu.,Работодатель оценивает результаты работы команды.
62,62,dotrzeć,добраться,verb,Muszę dotrzeć do urzędu przed zamknięciem.,Мне нужно добраться до учреждения до закрытия.,Informacja szybko dotarła do wszystkich pracowników.,Информация быстро дошла до всех сотрудников.
63,63,polegać,"полагаться, заключаться",verb,Mogę polegać na moim zespole.,Я могу положиться на свою команду.,Problem polega na braku dokumentów.,Проблема заключается в отсутствии документов.
64,64,radzić,"советовать, справляться",verb,Lekarz radzi odpoczywać przez kilka dni.,Врач советует отдохнуть несколько дней.,Coraz lepiej radzę sobie po polsku.,Я всё лучше справляюсь на польском.
65,65,uwaga,внимание,noun,Proszę zwrócić uwagę na termin ważności dokumentu.,"Пожалуйста, обратите внимание на срок действия документа.",Ta uwaga była bardzo przydatna.,Это замечание было очень полезным.
66,66,wpływać,влиять,verb,Stres może wpływać na zdrowie.,Стресс может влиять на здоровье.,Decyzje rodziców wpływają na rozwój dziecka.,Решения родителей влияют на развитие ребёнка.
67,67,zwracać,"обращать, возвращать",verb,Warto zwracać uwagę na szczegóły.,Стоит обращать внимание на детали.,Sklep zwraca pieniądze za uszkodzony produkt.,Магазин возвращает деньги за повреждённый товар.
68,68,przyzwyczaić,привыкнуть,verb,Trudno było mi przyzwyczaić się do nowego miasta.,Мне было трудно привыкнуть к новому городу.,Dziecko szybko przyzwyczaiło się do przedszkola.,Ребёнок быстро привык к детскому саду.
69,69,rezygnować,отказываться,verb,Nie chcę rezygnować z nauki języka.,Я не хочу отказываться от изучения языка.,Firma rezygnuje z tej usługi.,Компания отказывается от этой услуги.
70,70,korzystać,пользоваться,verb,Codziennie korzystam z aplikacji bankowej.,Я каждый день пользуюсь банковским приложением.,Możesz korzystać z tej usługi bezpłatnie.,Ты можешь пользоваться этой услугой бесплатно.
71,71,ubiegać,"подаваться, ходатайствовать",verb,Możesz ubiegać się o dofinansowanie.,Ты можешь податься на финансирование.,Cudzoziemiec ubiega się o zezwolenie na pobyt.,Иностранец подаётся на разрешение на пребывание.
72,72,podlegać,подлежать,verb,Ten dochód podlega opodatkowaniu.,Этот доход подлежит налогообложению.,Dokumenty podlegają weryfikacji.,Документы подлежат проверке.
73,73,obejmować,"охватывать, включать",verb,Umowa obejmuje dodatkowe ubezpieczenie.,Договор включает дополнительную страховку.,Program obejmuje kilka poziomów nauki.,Программа охватывает несколько уровней обучения.
74,74,wynikać,"следовать, вытекать",verb,"Z dokumentu wynika, że decyzja jest pozytywna.","Из документа следует, что решение положительное.",Problem wynika z braku informacji.,Проблема возникает из-за отсутствия информации.
75,75,przewidywać,"предполагать, предусматривать",verb,Umowa przewiduje możliwość pracy zdalnej.,Договор предусматривает возможность удалённой работы.,Trudno przewidzieć wynik tej sprawy.,Трудно предсказать результат этого дела.
76,76,udostępniać,"предоставлять, делиться",verb,Urząd udostępnia formularze online.,Учреждение предоставляет формуляры онлайн.,Nie udostępniaj swoich danych obcym osobom.,Не передавай свои данные посторонним людям.
77,77,zapewniać,обеспечивать,verb,Pracodawca zapewnia szkolenie nowym pracownikom.,Работодатель обеспечивает обучение новым сотрудникам.,System zapewnia bezpieczeństwo danych.,Система обеспечивает безопасность данных.
78,78,potwierdzać,подтверждать,verb,Muszę potwierdzić swoją tożsamość.,Я должен подтвердить свою личность.,Dokument potwierdza moje zatrudnienie.,Документ подтверждает моё трудоустройство.
79,79,odrzucić,отклонить,verb,Bank odrzucił mój wniosek kredytowy.,Банк отклонил моё кредитное заявление.,Nie warto odrzucić tej propozycji bez rozmowy.,Не стоит отклонять это предложение без разговора.
80,80,zatwierdzić,утвердить,verb,Kierownik zatwierdził plan projektu.,Руководитель утвердил план проекта.,Wniosek został zatwierdzony przez urząd.,Заявление было утверждено учреждением.
81,81,przedłużyć,продлить,verb,Chcę przedłużyć umowę najmu.,Я хочу продлить договор аренды.,Muszę przedłużyć ważność dokumentu.,Мне нужно продлить срок действия документа.
82,82,wygasać,истекать,verb,Moje pozwolenie wygasa w grudniu.,Моё разрешение истекает в декабре.,Umowa wygasa z końcem miesiąca.,Договор истекает в конце месяца.
83,83,obowiązywać,действовать,verb,Nowe przepisy obowiązują od stycznia.,Новые правила действуют с января.,Promocja obowiązuje tylko do końca tygodnia.,Акция действует только до конца недели.
84,84,meldunek,регистрация,noun,Do wniosku potrzebny jest meldunek.,Для заявления нужна регистрация.,Nie każdy cudzoziemiec ma stały meldunek.,Не у каждого иностранца есть постоянная регистрация.
85,85,pobyt,пребывание,noun,Złożyłem wniosek o zezwolenie na pobyt.,Я подал заявление на разрешение на пребывание.,Legalny pobyt jest ważny przy wielu formalnościach.,Легальное пребывание важно при многих формальностях.
86,86,obywatelstwo,гражданство,noun,Chcę dowiedzieć się więcej o obywatelstwie.,Я хочу узнать больше о гражданстве.,Obywatelstwo można uzyskać po spełnieniu warunków.,Гражданство можно получить после выполнения условий.
87,87,zezwolenie,разрешение,noun,Czekam na zezwolenie na pobyt.,Я жду разрешение на пребывание.,Zezwolenie jest ważne przez trzy lata.,Разрешение действительно три года.
88,88,zaświadczenie,справка,noun,Potrzebuję zaświadczenia o zatrudnieniu.,Мне нужна справка о трудоустройстве.,Lekarz wystawił zaświadczenie dla pracodawcy.,Врач выдал справку для работодателя.
89,89,opłata,"оплата, сбор",noun,Opłatę trzeba zrobić przelewem.,Оплату нужно сделать банковским переводом.,Wysokość opłaty zależy od rodzaju wniosku.,Размер сбора зависит от типа заявления.
90,90,formularz,"формуляр, бланк",noun,Muszę wypełnić formularz online.,Я должен заполнить формуляр онлайн.,Formularz jest dostępny na stronie urzędu.,Бланк доступен на сайте учреждения.
91,91,sprawa,"дело, вопрос",noun,Chcę zapytać o status mojej sprawy.,Я хочу спросить о статусе моего дела.,Ta sprawa jest dla mnie bardzo ważna.,Этот вопрос для меня очень важен.
92,92,termin,"срок, дата",noun,Mam termin wizyty na przyszły tydzień.,У меня дата визита на следующую неделю.,Nie możemy przekroczyć tego terminu.,Мы не можем превысить этот срок.
93,93,umowa,договор,noun,Podpisałem nową umowę o pracę.,Я подписал новый трудовой договор.,Przed podpisaniem umowy trzeba ją dokładnie przeczytać.,Перед подписанием договора нужно внимательно его прочитать.
94,94,wynagrodzenie,"зарплата, вознаграждение",noun,Wynagrodzenie jest wypłacane raz w miesiącu.,Зарплата выплачивается один раз в месяц.,W umowie podano wysokość wynagrodzenia.,В договоре указали размер зарплаты.
95,95,stanowisko,"должность, позиция",noun,Aplikuję na stanowisko specjalisty.,Я подаюсь на должность специалиста.,Moje stanowisko wiąże się z dużą odpowiedzialnością.,Моя должность связана с большой ответственностью.
96,96,zawodowy,профессиональный,adjective,Mam pięć lat doświadczenia zawodowego.,У меня пять лет профессионального опыта.,Rozwój zawodowy jest dla mnie ważny.,Профессиональное развитие для меня важно.
97,97,kwalifikacje,квалификация,noun,To stanowisko wymaga odpowiednich kwalifikacji.,Эта должность требует соответствующей квалификации.,Chcę podnieść swoje kwalifikacje.,Я хочу повысить свою квалификацию.
98,98,szkolenie,"обучение, тренинг",noun,Firma organizuje szkolenie dla pracowników.,Компания организует обучение для сотрудников.,Po szkoleniu otrzymasz certyfikat.,После обучения ты получишь сертификат.
99,99,awans,повышение,noun,Otrzymałem awans po roku pracy.,Я получил повышение после года работы.,Awans wiąże się z większą odpowiedzialnością.,Повышение связано с большей ответственностью.
100,100,pracodawca,работодатель,noun,Pracodawca powinien jasno określić obowiązki.,Работодатель должен чётко определить обязанности.,Mój pracodawca oferuje prywatne ubezpieczenie zdrowotne.,Мой работодатель предлагает частную медицинскую страховку.
101,101,pracownik,сотрудник,noun,To słowo pojawia się często w pracy i codziennym życiu.,Это слово часто встречается в работе и повседневной жизни.,Warto dobrze rozumieć pojęcie: pracownik.,Стоит хорошо понимать понятие: сотрудник.
102,102,zatrudniać,нанимать,verb,To słowo pojawia się często w pracy i codziennym życiu.,Это слово часто встречается в работе и повседневной жизни.,Warto dobrze rozumieć pojęcie: zatrudniać.,Стоит хорошо понимать понятие: нанимать.
103,103,zwolnić,уволить,verb,To słowo pojawia się często w pracy i codziennym życiu.,Это слово часто встречается в работе и повседневной жизни.,Warto dobrze rozumieć pojęcie: zwolnić.,Стоит хорошо понимать понятие: уволить.
104,104,zarobki,заработок,noun,To słowo pojawia się często w pracy i codziennym życiu.,Это слово часто встречается в работе и повседневной жизни.,Warto dobrze rozumieć pojęcie: zarobki.,Стоит хорошо понимать понятие: заработок.
105,105,etat,штатная должность,noun,To słowo pojawia się często w pracy i codziennym życiu.,Это слово часто встречается в работе и повседневной жизни.,Warto dobrze rozumieć pojęcie: etat.,Стоит хорошо понимать понятие: штатная должность.
106,106,urlop,отпуск,noun,To słowo pojawia się często w pracy i codziennym życiu.,Это слово часто встречается в работе и повседневной жизни.,Warto dobrze rozumieć pojęcie: urlop.,Стоит хорошо понимать понятие: отпуск.
107,107,obecność,присутствие,noun,To słowo pojawia się często w pracy i codziennym życiu.,Это слово часто встречается в работе и повседневной жизни.,Warto dobrze rozumieć pojęcie: obecność.,Стоит хорошо понимать понятие: присутствие.
108,108,nieobecność,отсутствие,noun,To słowo pojawia się często w pracy i codziennym życiu.,Это слово часто встречается в работе и повседневной жизни.,Warto dobrze rozumieć pojęcie: nieobecność.,Стоит хорошо понимать понятие: отсутствие.
109,109,zastępstwo,замещение,noun,To słowo pojawia się często w pracy i codziennym życiu.,Это слово часто встречается в работе и повседневной жизни.,Warto dobrze rozumieć pojęcie: zastępstwo.,Стоит хорошо понимать понятие: замещение.
110,110,obowiązki służbowe,служебные обязанности,noun,To słowo pojawia się często w pracy i codziennym życiu.,Это слово часто встречается в работе и повседневной жизни.,Warto dobrze rozumieć pojęcie: obowiązki służbowe.,Стоит хорошо понимать понятие: служебные обязанности.
111,111,terminowość,пунктуальность,noun,To słowo pojawia się często w pracy i codziennym życiu.,Это слово часто встречается в работе и повседневной жизни.,Warto dobrze rozumieć pojęcie: terminowość.,Стоит хорошо понимать понятие: пунктуальность.
112,112,wydajność,эффективность,noun,To słowo pojawia się często w pracy i codziennym życiu.,Это слово часто встречается в работе и повседневной жизни.,Warto dobrze rozumieć pojęcie: wydajność.,Стоит хорошо понимать понятие: эффективность.
113,113,osiągnięcie,достижение,noun,To słowo pojawia się często w pracy i codziennym życiu.,Это слово часто встречается в работе и повседневной жизни.,Warto dobrze rozumieć pojęcie: osiągnięcie.,Стоит хорошо понимать понятие: достижение.
114,114,umiejętność,навык,noun,To słowo pojawia się często w pracy i codziennym życiu.,Это слово часто встречается в работе и повседневной жизни.,Warto dobrze rozumieć pojęcie: umiejętność.,Стоит хорошо понимать понятие: навык.
115,115,kompetencje,компетенции,noun,To słowo pojawia się często w pracy i codziennym życiu.,Это слово часто встречается в работе и повседневной жизни.,Warto dobrze rozumieć pojęcie: kompetencje.,Стоит хорошо понимать понятие: компетенции.
116,116,doświadczać,испытывать,verb,To słowo pojawia się często w pracy i codziennym życiu.,Это слово часто встречается в работе и повседневной жизни.,Warto dobrze rozumieć pojęcie: doświadczać.,Стоит хорошо понимать понятие: испытывать.
117,117,rozwijać się,развиваться,verb,To słowo pojawia się często w pracy i codziennym życiu.,Это слово часто встречается в работе и повседневной жизни.,Warto dobrze rozumieć pojęcie: rozwijać się.,Стоит хорошо понимать понятие: развиваться.
118,118,poprawić,улучшить,verb,To słowo pojawia się często w pracy i codziennym życiu.,Это слово часто встречается в работе и повседневной жизни.,Warto dobrze rozumieć pojęcie: poprawić.,Стоит хорошо понимать понятие: улучшить.
119,119,pogorszyć,ухудшить,verb,To słowo pojawia się często w pracy i codziennym życiu.,Это слово часто встречается в работе и повседневной жизни.,Warto dobrze rozumieć pojęcie: pogorszyć.,Стоит хорошо понимать понятие: ухудшить.
120,120,spełniać,"выполнять, соответствовать",verb,To słowo pojawia się często w pracy i codziennym życiu.,Это слово часто встречается в работе и повседневной жизни.,Warto dobrze rozumieć pojęcie: spełniać.,"Стоит хорошо понимать понятие: выполнять, соответствовать."
121,121,wymóg,требование,noun,To słowo pojawia się często w pracy i codziennym życiu.,Это слово часто встречается в работе и повседневной жизни.,Warto dobrze rozumieć pojęcie: wymóg.,Стоит хорошо понимать понятие: требование.
122,122,kandydat,кандидат,noun,To słowo pojawia się często w pracy i codziennym życiu.,Это слово часто встречается в работе и повседневной жизни.,Warto dobrze rozumieć pojęcie: kandydat.,Стоит хорошо понимать понятие: кандидат.
123,123,rekrutacja,найм,noun,To słowo pojawia się często w pracy i codziennym życiu.,Это слово часто встречается в работе и повседневной жизни.,Warto dobrze rozumieć pojęcie: rekrutacja.,Стоит хорошо понимать понятие: найм.
124,124,rozmowa kwalifikacyjna,собеседование,noun,To słowo pojawia się często w pracy i codziennym życiu.,Это слово часто встречается в работе и повседневной жизни.,Warto dobrze rozumieć pojęcie: rozmowa kwalifikacyjna.,Стоит хорошо понимать понятие: собеседование.
125,125,zatrudniony,трудоустроенный,adjective,To słowo pojawia się często w pracy i codziennym życiu.,Это слово часто встречается в работе и повседневной жизни.,Warto dobrze rozumieć pojęcie: zatrudniony.,Стоит хорошо понимать понятие: трудоустроенный.
126,126,przedsiębiorca,предприниматель,noun,To słowo pojawia się często w pracy i codziennym życiu.,Это слово часто встречается в работе и повседневной жизни.,Warto dobrze rozumieć pojęcie: przedsiębiorca.,Стоит хорошо понимать понятие: предприниматель.
127,127,dział księgowości,бухгалтерия,noun,To słowo pojawia się często w pracy i codziennym życiu.,Это слово часто встречается в работе и повседневной жизни.,Warto dobrze rozumieć pojęcie: dział księgowości.,Стоит хорошо понимать понятие: бухгалтерия.
128,128,faktura,счёт-фактура,noun,To słowo pojawia się często w pracy i codziennym życiu.,Это слово часто встречается в работе и повседневной жизни.,Warto dobrze rozumieć pojęcie: faktura.,Стоит хорошо понимать понятие: счёт-фактура.
129,129,rachunek,счёт,noun,To słowo pojawia się często w pracy i codziennym życiu.,Это слово часто встречается в работе и повседневной жизни.,Warto dobrze rozumieć pojęcie: rachunek.,Стоит хорошо понимать понятие: счёт.
130,130,podatek,налог,noun,To słowo pojawia się często w pracy i codziennym życiu.,Это слово часто встречается в работе и повседневной жизни.,Warto dobrze rozumieć pojęcie: podatek.,Стоит хорошо понимать понятие: налог.
131,131,urząd skarbowy,налоговая инспекция,noun,To słowo pojawia się często w pracy i codziennym życiu.,Это слово часто встречается в работе и повседневной жизни.,Warto dobrze rozumieć pojęcie: urząd skarbowy.,Стоит хорошо понимать понятие: налоговая инспекция.
132,132,rozliczenie,"декларация, расчёт",noun,To słowo pojawia się często w pracy i codziennym życiu.,Это слово часто встречается в работе и повседневной жизни.,Warto dobrze rozumieć pojęcie: rozliczenie.,"Стоит хорошо понимать понятие: декларация, расчёт."
133,133,przychód,"доход, выручка",noun,To słowo pojawia się często w pracy i codziennym życiu.,Это слово часто встречается в работе и повседневной жизни.,Warto dobrze rozumieć pojęcie: przychód.,"Стоит хорошо понимать понятие: доход, выручка."
134,134,wydatek,расход,noun,To słowo pojawia się często w pracy i codziennym życiu.,Это слово часто встречается в работе и повседневной жизни.,Warto dobrze rozumieć pojęcie: wydatek.,Стоит хорошо понимать понятие: расход.
135,135,oszczędność,сбережение,noun,To słowo pojawia się często w pracy i codziennym życiu.,Это слово часто встречается в работе и повседневной жизни.,Warto dobrze rozumieć pojęcie: oszczędność.,Стоит хорошо понимать понятие: сбережение.
136,136,oszczędzać,экономить,verb,To słowo pojawia się często w pracy i codziennym życiu.,Это слово часто встречается в работе и повседневной жизни.,Warto dobrze rozumieć pojęcie: oszczędzać.,Стоит хорошо понимать понятие: экономить.
137,137,kredyt,кредит,noun,To słowo pojawia się często w pracy i codziennym życiu.,Это слово часто встречается в работе и повседневной жизни.,Warto dobrze rozumieć pojęcie: kredyt.,Стоит хорошо понимать понятие: кредит.
138,138,pożyczka,заём,noun,To słowo pojawia się często w pracy i codziennym życiu.,Это слово часто встречается в работе и повседневной жизни.,Warto dobrze rozumieć pojęcie: pożyczka.,Стоит хорошо понимать понятие: заём.
139,139,rata,платёж,noun,To słowo pojawia się często w pracy i codziennym życiu.,Это слово часто встречается в работе и повседневной жизни.,Warto dobrze rozumieć pojęcie: rata.,Стоит хорошо понимать понятие: платёж.
140,140,oprocentowanie,процентная ставка,noun,To słowo pojawia się często w pracy i codziennym życiu.,Это слово часто встречается в работе и повседневной жизни.,Warto dobrze rozumieć pojęcie: oprocentowanie.,Стоит хорошо понимать понятие: процентная ставка.
141,141,bankowość,банковское дело,noun,To słowo pojawia się często w pracy i codziennym życiu.,Это слово часто встречается в работе и повседневной жизни.,Warto dobrze rozumieć pojęcie: bankowość.,Стоит хорошо понимать понятие: банковское дело.
142,142,konto osobiste,личный счёт,noun,To słowo pojawia się często w pracy i codziennym życiu.,Это слово часто встречается в работе и повседневной жизни.,Warto dobrze rozumieć pojęcie: konto osobiste.,Стоит хорошо понимать понятие: личный счёт.
143,143,przelew,банковский перевод,noun,To słowo pojawia się często w pracy i codziennym życiu.,Это слово часто встречается в работе и повседневной жизни.,Warto dobrze rozumieć pojęcie: przelew.,Стоит хорошо понимать понятие: банковский перевод.
144,144,gotówka,наличные,noun,To słowo pojawia się często w pracy i codziennym życiu.,Это слово часто встречается в работе и повседневной жизни.,Warto dobrze rozumieć pojęcie: gotówka.,Стоит хорошо понимать понятие: наличные.
145,145,bezgotówkowy,безналичный,adjective,To słowo pojawia się często w pracy i codziennym życiu.,Это слово часто встречается в работе и повседневной жизни.,Warto dobrze rozumieć pojęcie: bezgotówkowy.,Стоит хорошо понимать понятие: безналичный.
146,146,transakcja,транзакция,noun,To słowo pojawia się często w pracy i codziennym życiu.,Это слово часто встречается в работе и повседневной жизни.,Warto dobrze rozumieć pojęcie: transakcja.,Стоит хорошо понимать понятие: транзакция.
147,147,płatność,платёж,noun,To słowo pojawia się często w pracy i codziennym życiu.,Это слово часто встречается в работе и повседневной жизни.,Warto dobrze rozumieć pojęcie: płatność.,Стоит хорошо понимать понятие: платёж.
148,148,zadłużenie,задолженность,noun,To słowo pojawia się często w pracy i codziennym życiu.,Это слово часто встречается в работе и повседневной жизни.,Warto dobrze rozumieć pojęcie: zadłużenie.,Стоит хорошо понимать понятие: задолженность.
149,149,budżet,бюджет,noun,To słowo pojawia się często w pracy i codziennym życiu.,Это слово часто встречается в работе и повседневной жизни.,Warto dobrze rozumieć pojęcie: budżet.,Стоит хорошо понимать понятие: бюджет.
150,150,plan finansowy,финансовый план,noun,To słowo pojawia się często w pracy i codziennym życiu.,Это слово часто встречается в работе и повседневной жизни.,Warto dobrze rozumieć pojęcie: plan finansowy.,Стоит хорошо понимать понятие: финансовый план.
151,151,mieszkanie,квартира,noun,Kupiliśmy mieszkanie w spokojnej okolicy.,Мы купили квартиру в спокойном районе.,Szukam mieszkania blisko pracy.,Я ищу квартиру недалеко от работы.
152,152,wynajem,аренда,noun,Koszt wynajmu wzrósł w tym roku.,Стоимость аренды выросла в этом году.,Interesuje mnie długoterminowy wynajem mieszkania.,Меня интересует долгосрочная аренда квартиры.
153,153,najemca,арендатор,noun,Najemca powinien przestrzegać warunków umowy.,Арендатор должен соблюдать условия договора.,Właściciel skontaktował się z najemcą.,Владелец связался с арендатором.
154,154,właściciel,владелец,noun,Właściciel mieszkania mieszka za granicą.,Владелец квартиры живёт за границей.,Musisz uzyskać zgodę właściciela.,Ты должен получить согласие владельца.
155,155,czynsz,арендная плата,noun,Czynsz należy opłacić do dziesiątego dnia miesiąca.,Арендную плату нужно внести до десятого числа месяца.,W tym roku czynsz został podwyższony.,В этом году арендная плата была повышена.
156,156,opłaty eksploatacyjne,коммунальные платежи,noun,Opłaty eksploatacyjne nie są wliczone w czynsz.,Коммунальные платежи не включены в арендную плату.,Zimą opłaty eksploatacyjne są zwykle wyższe.,Зимой коммунальные платежи обычно выше.
157,157,media,коммунальные услуги,noun,Media są rozliczane osobno.,Коммунальные услуги оплачиваются отдельно.,Zużycie mediów wzrosło w ostatnim miesiącu.,Потребление коммунальных услуг выросло в прошлом месяце.
158,158,remont,ремонт,noun,W przyszłym miesiącu planujemy remont kuchni.,В следующем месяце мы планируем ремонт кухни.,Remont potrwa około dwóch tygodni.,Ремонт продлится около двух недель.
159,159,przeprowadzka,переезд,noun,Przeprowadzka do nowego mieszkania była bardzo stresująca.,Переезд в новую квартиру был очень стрессовым.,Pomagaliśmy znajomym podczas przeprowadzki.,Мы помогали друзьям во время переезда.
160,160,wyposażenie,оснащение,noun,Mieszkanie jest w pełni wyposażone.,Квартира полностью оборудована.,Nowe wyposażenie biura kosztowało dużo pieniędzy.,Новое оснащение офиса стоило много денег.
161,161,umowa najmu,договор аренды,noun,Przed podpisaniem umowy najmu dokładnie przeczytałem wszystkie warunki.,Перед подписанием договора аренды я внимательно прочитал все условия.,Umowa najmu została zawarta na dwa lata.,Договор аренды был заключён на два года.
162,162,nieruchomość,недвижимость,noun,Ceny nieruchomości w Warszawie są bardzo wysokie.,Цены на недвижимость в Варшаве очень высокие.,Szukamy nieruchomości w spokojnej okolicy.,Мы ищем недвижимость в спокойном районе.
163,163,hipoteka,ипотека,noun,Bank zaakceptował nasz wniosek o hipotekę.,Банк одобрил нашу заявку на ипотеку.,Przed podjęciem decyzji porównaliśmy kilka ofert hipotecznych.,Перед принятием решения мы сравнили несколько ипотечных предложений.
164,164,zdolność kredytowa,кредитоспособность,noun,Bank sprawdza zdolność kredytową każdego klienta.,Банк проверяет кредитоспособность каждого клиента.,Nasza zdolność kredytowa wzrosła po podwyżce wynagrodzenia.,Наша кредитоспособность выросла после повышения зарплаты.
165,165,zakup nieruchomości,покупка недвижимости,noun,Zakup nieruchomości to jedna z najważniejszych decyzji finansowych.,Покупка недвижимости — одно из важнейших финансовых решений.,Przed zakupem nieruchomości warto skonsultować się z doradcą.,Перед покупкой недвижимости стоит проконсультироваться со специалистом.
166,166,warunki umowy,условия договора,noun,Warunki umowy zostały dokładnie opisane w dokumencie.,Условия договора были подробно описаны в документе.,Nie zgadzam się ze wszystkimi warunkami umowy.,Я не согласен со всеми условиями договора.
167,167,ubezpieczenie,страхование,noun,Posiadanie ubezpieczenia daje poczucie bezpieczeństwa.,Наличие страховки даёт чувство безопасности.,Bank wymaga ubezpieczenia nieruchomości.,Банк требует страхование недвижимости.
168,168,polisa,страховой полис,noun,Polisa obejmuje szkody powstałe w wyniku pożaru.,"Страховой полис покрывает ущерб, возникший в результате пожара.",Muszę przedłużyć polisę przed końcem miesiąca.,Мне нужно продлить страховой полис до конца месяца.
169,169,odszkodowanie,компенсация,noun,Firma wypłaciła odszkodowanie za uszkodzony sprzęt.,Компания выплатила компенсацию за повреждённое оборудование.,"Aby otrzymać odszkodowanie, trzeba złożyć odpowiedni wniosek.","Чтобы получить компенсацию, нужно подать соответствующее заявление."
170,170,szkoda,ущерб,noun,Ubezpieczyciel ocenił wysokość szkody.,Страховая компания оценила размер ущерба.,Szkoda została zgłoszona jeszcze tego samego dnia.,Об ущербе сообщили в тот же день.
171,171,zgłoszenie,"заявка, уведомление",noun,Zgłoszenie zostało przyjęte do realizacji.,Заявка была принята к исполнению.,Po wysłaniu zgłoszenia otrzymałem numer sprawy.,После отправки заявки я получил номер дела.
172,172,awaria,поломка,noun,Z powodu awarii system był niedostępny przez kilka godzin.,Из-за поломки система была недоступна несколько часов.,Awaria została usunięta jeszcze tego samego dnia.,Поломка была устранена в тот же день.
173,173,naprawa,ремонт,noun,Naprawa samochodu okazała się kosztowna.,Ремонт автомобиля оказался дорогим.,Sprzęt został oddany do naprawy.,Оборудование было передано в ремонт.
174,174,obsługa klienta,служба поддержки,noun,Skontaktowałem się z obsługą klienta w sprawie reklamacji.,Я связался со службой поддержки по поводу претензии.,Obsługa klienta odpowiedziała bardzo szybko.,Служба поддержки ответила очень быстро.
175,175,reklamacja,претензия,noun,Złożyłem reklamację dotyczącą wadliwego produktu.,Я подал претензию по поводу бракованного товара.,Reklamacja została rozpatrzona pozytywnie.,Претензия была рассмотрена положительно.
176,176,zwrot towaru,возврат товара,noun,Zwrot towaru jest możliwy w ciągu czternastu dni.,Возврат товара возможен в течение четырнадцати дней.,Sklep zaakceptował zwrot towaru bez problemu.,Магазин без проблем принял возврат товара.
177,177,gwarancja,гарантия,noun,Produkt jest objęty dwuletnią gwarancją.,На товар распространяется двухлетняя гарантия.,Przed zakupem sprawdziłem warunki gwarancji.,Перед покупкой я проверил условия гарантии.
178,178,dostawa,доставка,noun,Dostawa została zrealizowana wcześniej niż planowano.,Доставка была выполнена раньше запланированного срока.,Koszt dostawy zależy od wielkości zamówienia.,Стоимость доставки зависит от размера заказа.
179,179,odbiór,получение,noun,Odbiór dokumentu jest możliwy od poniedziałku.,Получить документ можно с понедельника.,Potwierdź odbiór przesyłki w systemie.,Подтверди получение отправления в системе.
180,180,przesyłka,"посылка, отправление",noun,Przesyłka dotarła do mnie następnego dnia.,Посылка пришла ко мне на следующий день.,Możesz śledzić przesyłkę przez internet.,Ты можешь отслеживать отправление через интернет.
181,181,zamówienie,заказ,noun,Moje zamówienie zostało już wysłane.,Мой заказ уже был отправлен.,Numer zamówienia znajdziesz w wiadomości e-mail.,Номер заказа можно найти в электронном письме.
182,182,dostępność,доступность,noun,Sprawdziłem dostępność produktu przed zakupem.,Я проверил наличие товара перед покупкой.,Dostępność mieszkań w tej okolicy jest ograniczona.,Доступность квартир в этом районе ограничена.
183,183,brak,отсутствие,noun,Brak dokumentów może opóźnić całą procedurę.,Отсутствие документов может задержать всю процедуру.,Powodem odmowy był brak wymaganych załączników.,Причиной отказа стало отсутствие необходимых приложений.
184,184,nadwyżka,излишек,noun,Firma osiągnęła nadwyżkę budżetową.,Компания получила бюджетный профицит.,Nadwyżkę środków przeznaczono na rozwój projektu.,Излишек средств направили на развитие проекта.
185,185,niedobór,нехватка,noun,Na rynku występuje niedobór specjalistów IT.,На рынке наблюдается нехватка IT-специалистов.,Niedobór pracowników wpływa na tempo realizacji projektów.,Нехватка сотрудников влияет на скорость выполнения проектов.
186,186,środowisko,среда,noun,Pracuję w międzynarodowym środowisku.,Я работаю в международной среде.,Dobre środowisko pracy zwiększa motywację pracowników.,Хорошая рабочая среда повышает мотивацию сотрудников.
187,187,otoczenie,окружение,noun,Nowe otoczenie pomogło mi szybciej nauczyć się języka.,Новое окружение помогло мне быстрее выучить язык.,Dzieci rozwijają się pod wpływem swojego otoczenia.,Дети развиваются под влиянием своего окружения.
188,188,warunki życia,условия жизни,noun,Warunki życia w dużych miastach są bardzo różne.,Условия жизни в крупных городах очень различаются.,Przeprowadzili się do Polski w poszukiwaniu lepszych warunków życia.,Они переехали в Польшу в поисках лучших условий жизни.
189,189,jakość życia,качество жизни,noun,Regularny ruch poprawia jakość życia.,Регулярная физическая активность улучшает качество жизни.,Dla wielu osób bezpieczeństwo wpływa na jakość życia.,Для многих людей безопасность влияет на качество жизни.
190,190,stabilność,стабильность,noun,Stabilność finansowa daje poczucie bezpieczeństwa.,Финансовая стабильность даёт чувство безопасности.,Firma stawia na długoterminową stabilność.,Компания делает ставку на долгосрочную стабильность.
191,191,bezpieczeństwo,безопасность,noun,Bezpieczeństwo danych jest dla nas priorytetem.,Безопасность данных является для нас приоритетом.,Rodzice dbają o bezpieczeństwo swoich dzieci.,Родители заботятся о безопасности своих детей.
192,192,ryzyko,риск,noun,Każda inwestycja wiąże się z pewnym ryzykiem.,Любая инвестиция связана с определённым риском.,Musimy ocenić ryzyko przed podjęciem decyzji.,Мы должны оценить риск перед принятием решения.
193,193,zagrożenie,угроза,noun,Eksperci ostrzegają przed nowymi zagrożeniami w sieci.,Эксперты предупреждают о новых угрозах в интернете.,Pożar stanowił zagrożenie dla mieszkańców budynku.,Пожар представлял угрозу для жителей здания.
194,194,ochrona,защита,noun,Ochrona danych osobowych jest regulowana przez prawo.,Защита персональных данных регулируется законом.,Firma inwestuje w ochronę swoich systemów.,Компания инвестирует в защиту своих систем.
195,195,odpowiedni,подходящий,adjective,Musimy znaleźć odpowiednie rozwiązanie tego problemu.,Мы должны найти подходящее решение этой проблемы.,To nie jest odpowiedni moment na taką rozmowę.,Сейчас не самый подходящий момент для такого разговора.
196,196,skuteczny,эффективный,adjective,To bardzo skuteczna metoda nauki języka.,Это очень эффективный метод изучения языка.,Firma wdrożyła skuteczne procedury bezpieczeństwa.,Компания внедрила эффективные процедуры безопасности.
197,197,niezbędny,необходимый,adjective,Paszport jest niezbędny podczas podróży zagranicznej.,Паспорт необходим во время поездок за границу.,Do złożenia wniosku potrzebne są wszystkie niezbędne dokumenty.,Для подачи заявления нужны все необходимые документы.
198,198,istotny,"существенный, важny",adjective,To istotny element całego projektu.,Это важный элемент всего проекта.,Zmiana przepisów miała istotny wpływ na firmę.,Изменение законодательства оказало существенное влияние на компанию.
199,199,dostępny,доступный,adjective,Produkt jest już dostępny w sprzedaży.,Товар уже доступен в продаже.,Wszystkie informacje są dostępne na stronie internetowej.,Вся информация доступна на сайте.
200,200,korzystny,выгодный,adjective,To bardzo korzystna oferta kredytowa.,Это очень выгодное кредитное предложение.,Zmiana okazała się korzystna dla obu stron.,Изменение оказалось выгодным для обеих сторон.
201,201,opinia,мнение,noun,Pojęcie „opinia” często pojawia się w codziennym życiu w Polsce.,Понятие «мнение» часто встречается в повседневной жизни в Польше.,"Warto dobrze rozumieć słowo „opinia”, bo jest praktyczne.","Стоит хорошо понимать слово «мнение», потому что оно практичное."
202,202,wrażenie,впечатление,noun,Pojęcie „wrażenie” często pojawia się w codziennym życiu w Polsce.,Понятие «впечатление» часто встречается в повседневной жизни в Польше.,"Warto dobrze rozumieć słowo „wrażenie”, bo jest praktyczne.","Стоит хорошо понимать слово «впечатление», потому что оно практичное."
203,203,pogląd,"взгляд, точка зрения",noun,Pojęcie „pogląd” często pojawia się w codziennym życiu w Polsce.,Понятие «взгляд» часто встречается в повседневной жизни в Польше.,"Warto dobrze rozumieć słowo „pogląd”, bo jest praktyczne.","Стоит хорошо понимать слово «взгляд», потому что оно практичное."
204,204,dyskusja,обсуждение,noun,Pojęcie „dyskusja” często pojawia się w codziennym życiu w Polsce.,Понятие «обсуждение» часто встречается в повседневной жизни в Польше.,"Warto dobrze rozumieć słowo „dyskusja”, bo jest praktyczne.","Стоит хорошо понимать слово «обсуждение», потому что оно практичное."
205,205,rozmówca,собеседник,noun,Pojęcie „rozmówca” często pojawia się w codziennym życiu w Polsce.,Понятие «собеседник» часто встречается в повседневной жизни в Польше.,"Warto dobrze rozumieć słowo „rozmówca”, bo jest praktyczne.","Стоит хорошо понимать слово «собеседник», потому что оно практичное."
206,206,przekonanie,убеждение,noun,Pojęcie „przekonanie” często pojawia się w codziennym życiu w Polsce.,Понятие «убеждение» часто встречается в повседневной жизни в Польше.,"Warto dobrze rozumieć słowo „przekonanie”, bo jest praktyczne.","Стоит хорошо понимать слово «убеждение», потому что оно практичное."
207,207,zaufanie,доверие,noun,Pojęcie „zaufanie” często pojawia się w codziennym życiu w Polsce.,Понятие «доверие» часто встречается в повседневной жизни в Польше.,"Warto dobrze rozumieć słowo „zaufanie”, bo jest praktyczne.","Стоит хорошо понимать слово «доверие», потому что оно практичное."
208,208,szacunek,уважение,noun,Pojęcie „szacunek” często pojawia się w codziennym życiu w Polsce.,Понятие «уважение» часто встречается в повседневной жизни в Польше.,"Warto dobrze rozumieć słowo „szacunek”, bo jest praktyczne.","Стоит хорошо понимать слово «уважение», потому что оно практичное."
209,209,wsparcie,поддержка,noun,Pojęcie „wsparcie” często pojawia się w codziennym życiu w Polsce.,Понятие «поддержка» часто встречается в повседневной жизни в Польше.,"Warto dobrze rozumieć słowo „wsparcie”, bo jest praktyczne.","Стоит хорошо понимать слово «поддержка», потому что оно практичное."
210,210,porozumienie,"соглашение, понимание",noun,Pojęcie „porozumienie” często pojawia się w codziennym życiu w Polsce.,Понятие «соглашение» часто встречается в повседневной жизни в Польше.,"Warto dobrze rozumieć słowo „porozumienie”, bo jest praktyczne.","Стоит хорошо понимать слово «соглашение», потому что оно практичное."
211,211,konflikt,конфликт,noun,Pojęcie „konflikt” często pojawia się w codziennym życiu w Polsce.,Понятие «конфликт» часто встречается в повседневной жизни в Польше.,"Warto dobrze rozumieć słowo „konflikt”, bo jest praktyczne.","Стоит хорошо понимать слово «конфликт», потому что оно практичное."
212,212,nieporozumienie,недоразумение,noun,Pojęcie „nieporozumienie” często pojawia się w codziennym życiu w Polsce.,Понятие «недоразумение» часто встречается в повседневной жизни в Польше.,"Warto dobrze rozumieć słowo „nieporozumienie”, bo jest praktyczne.","Стоит хорошо понимать слово «недоразумение», потому что оно практичное."
213,213,zachęcać,поощрять,verb,Warto umieć poprawnie używać wyrażenia „zachęcać” w rozmowie.,Стоит уметь правильно использовать выражение «поощрять» в разговоре.,"To wyrażenie często pojawia się w pracy, dokumentach i codziennych sytuacjach.","Это выражение часто встречается на работе, в документах и повседневных ситуациях."
214,214,odradzać,отговаривать,verb,Warto umieć poprawnie używać wyrażenia „odradzać” w rozmowie.,Стоит уметь правильно использовать выражение «отговаривать» в разговоре.,"To wyrażenie często pojawia się w pracy, dokumentach i codziennych sytuacjach.","Это выражение часто встречается на работе, в документах и повседневных ситуациях."
215,215,wyrażać,выражать,verb,Warto umieć poprawnie używać wyrażenia „wyrażać” w rozmowie.,Стоит уметь правильно использовать выражение «выражать» в разговоре.,"To wyrażenie często pojawia się w pracy, dokumentach i codziennych sytuacjach.","Это выражение часто встречается на работе, в документах и повседневных ситуациях."
216,216,podkreślać,подчёркивать,verb,Warto umieć poprawnie używać wyrażenia „podkreślać” w rozmowie.,Стоит уметь правильно использовать выражение «подчёркивать» в разговоре.,"To wyrażenie często pojawia się w pracy, dokumentach i codziennych sytuacjach.","Это выражение часто встречается на работе, в документах и повседневных ситуациях."
217,217,twierdzić,утверждать,verb,Warto umieć poprawnie używać wyrażenia „twierdzić” w rozmowie.,Стоит уметь правильно использовать выражение «утверждать» в разговоре.,"To wyrażenie często pojawia się w pracy, dokumentach i codziennych sytuacjach.","Это выражение часто встречается на работе, в документах и повседневных ситуациях."
218,218,przyznać się,признаться,verb,Warto umieć poprawnie używać wyrażenia „przyznać się” w rozmowie.,Стоит уметь правильно использовать выражение «признаться» в разговоре.,"To wyrażenie często pojawia się w pracy, dokumentach i codziennych sytuacjach.","Это выражение часто встречается на работе, в документах и повседневных ситуациях."
219,219,zgadzać się,соглашаться,verb,Warto umieć poprawnie używać wyrażenia „zgadzać się” w rozmowie.,Стоит уметь правильно использовать выражение «соглашаться» в разговоре.,"To wyrażenie często pojawia się w pracy, dokumentach i codziennych sytuacjach.","Это выражение часто встречается на работе, в документах и повседневных ситуациях."
220,220,sprzeciwiać się,возражать,verb,Warto umieć poprawnie używać wyrażenia „sprzeciwiać się” w rozmowie.,Стоит уметь правильно использовать выражение «возражать» в разговоре.,"To wyrażenie często pojawia się w pracy, dokumentach i codziennych sytuacjach.","Это выражение часто встречается на работе, в документах и повседневных ситуациях."
221,221,emocja,эмоция,noun,Pojęcie „emocja” często pojawia się w codziennym życiu w Polsce.,Понятие «эмоция» часто встречается в повседневной жизни в Польше.,"Warto dobrze rozumieć słowo „emocja”, bo jest praktyczne.","Стоит хорошо понимать слово «эмоция», потому что оно практичное."
222,222,nastrój,настроение,noun,Pojęcie „nastrój” często pojawia się w codziennym życiu w Polsce.,Понятие «настроение» часто встречается в повседневной жизни в Польше.,"Warto dobrze rozumieć słowo „nastrój”, bo jest praktyczne.","Стоит хорошо понимать слово «настроение», потому что оно практичное."
223,223,stres,стресс,noun,Pojęcie „stres” często pojawia się w codziennym życiu w Polsce.,Понятие «стресс» часто встречается в повседневной жизни в Польше.,"Warto dobrze rozumieć słowo „stres”, bo jest praktyczne.","Стоит хорошо понимать слово «стресс», потому что оно практичное."
224,224,presja,давление,noun,Pojęcie „presja” często pojawia się w codziennym życiu w Polsce.,Понятие «давление» часто встречается в повседневной жизни в Польше.,"Warto dobrze rozumieć słowo „presja”, bo jest praktyczne.","Стоит хорошо понимать слово «давление», потому что оно практичное."
225,225,motywacja,мотивация,noun,Pojęcie „motywacja” często pojawia się w codziennym życiu w Polsce.,Понятие «мотивация» часто встречается в повседневной жизни в Польше.,"Warto dobrze rozumieć słowo „motywacja”, bo jest praktyczne.","Стоит хорошо понимать слово «мотивация», потому что оно практичное."
226,226,pewność siebie,уверенность в себе,noun,Pojęcie „pewność siebie” często pojawia się w codziennym życiu w Polsce.,Понятие «уверенность в себе» часто встречается в повседневной жизни в Польше.,"Warto dobrze rozumieć słowo „pewność siebie”, bo jest praktyczne.","Стоит хорошо понимать слово «уверенность в себе», потому что оно практичное."
227,227,wątpliwość,сомнение,noun,Pojęcie „wątpliwość” często pojawia się w codziennym życiu w Polsce.,Понятие «сомнение» часто встречается в повседневной жизни в Польше.,"Warto dobrze rozumieć słowo „wątpliwość”, bo jest praktyczne.","Стоит хорошо понимать слово «сомнение», потому что оно практичное."
228,228,rozczarowanie,разочарование,noun,Pojęcie „rozczarowanie” często pojawia się w codziennym życiu w Polsce.,Понятие «разочарование» часто встречается в повседневной жизни в Польше.,"Warto dobrze rozumieć słowo „rozczarowanie”, bo jest praktyczne.","Стоит хорошо понимать слово «разочарование», потому что оно практичное."
229,229,satysfakcja,удовлетворение,noun,Pojęcie „satysfakcja” często pojawia się w codziennym życiu w Polsce.,Понятие «удовлетворение» часто встречается в повседневной жизни в Польше.,"Warto dobrze rozumieć słowo „satysfakcja”, bo jest praktyczne.","Стоит хорошо понимать слово «удовлетворение», потому что оно практичное."
230,230,wdzięczność,благодарность,noun,Pojęcie „wdzięczność” często pojawia się w codziennym życiu w Polsce.,Понятие «благодарность» часто встречается в повседневной жизни в Польше.,"Warto dobrze rozumieć słowo „wdzięczność”, bo jest praktyczne.","Стоит хорошо понимать слово «благодарность», потому что оно практичное."
231,231,uczciwy,честный,adjective,Słowo „uczciwy” często pomaga dokładniej opisać sytuację.,Слово «честный» часто помогает точнее описать ситуацию.,"To przydatne słowo w pracy, rozmowach i oficjalnych tekstach.","Это полезное слово в работе, разговорах и официальных текстах."
232,232,odpowiedzialny,ответственный,adjective,Słowo „odpowiedzialny” często pomaga dokładniej opisać sytuację.,Слово «ответственный» часто помогает точнее описать ситуацию.,"To przydatne słowo w pracy, rozmowach i oficjalnych tekstach.","Это полезное слово в работе, разговорах и официальных текстах."
233,233,cierpliwy,терпеливый,adjective,Słowo „cierpliwy” często pomaga dokładniej opisać sytuację.,Слово «терпеливый» часто помогает точнее описать ситуацию.,"To przydatne słowo w pracy, rozmowach i oficjalnych tekstach.","Это полезное слово в работе, разговорах и официальных текстах."
234,234,ambitny,амбициозный,adjective,Słowo „ambitny” często pomaga dokładniej opisać sytuację.,Слово «амбициозный» часто помогает точнее описать ситуацию.,"To przydatne słowo w pracy, rozmowach i oficjalnych tekstach.","Это полезное слово в работе, разговорах и официальных текстах."
235,235,życzliwy,доброжелательный,adjective,Słowo „życzliwy” często pomaga dokładniej opisać sytuację.,Слово «доброжелательный» часто помогает точнее описать ситуацию.,"To przydatne słowo w pracy, rozmowach i oficjalnych tekstach.","Это полезное слово в работе, разговорах и официальных текстах."
236,236,uparty,упрямый,adjective,Słowo „uparty” często pomaga dokładniej opisać sytuację.,Слово «упрямый» часто помогает точнее описать ситуацию.,"To przydatne słowo w pracy, rozmowach i oficjalnych tekstach.","Это полезное слово в работе, разговорах и официальных текстах."
237,237,wrażliwy,чувствительный,adjective,Słowo „wrażliwy” często pomaga dokładniej opisać sytuację.,Слово «чувствительный» часто помогает точнее описать ситуацию.,"To przydatne słowo w pracy, rozmowach i oficjalnych tekstach.","Это полезное слово в работе, разговорах и официальных текстах."
238,238,pewny,уверенный,adjective,Słowo „pewny” często pomaga dokładniej opisać sytuację.,Слово «уверенный» часто помогает точнее описать ситуацию.,"To przydatne słowo w pracy, rozmowach i oficjalnych tekstach.","Это полезное слово в работе, разговорах и официальных текстах."
239,239,szczery,искренний,adjective,Słowo „szczery” często pomaga dokładniej opisać sytuację.,Слово «искренний» часто помогает точнее описать ситуацию.,"To przydatne słowo w pracy, rozmowach i oficjalnych tekstach.","Это полезное слово в работе, разговорах и официальных текстах."
240,240,spokojny,спокойный,adjective,Słowo „spokojny” często pomaga dokładniej opisać sytuację.,Слово «спокойный» часто помогает точнее описать ситуацию.,"To przydatne słowo w pracy, rozmowach i oficjalnych tekstach.","Это полезное слово в работе, разговорах и официальных текстах."
241,241,znajomość,"знакомство, знание",noun,Pojęcie „znajomość” często pojawia się w codziennym życiu w Polsce.,Понятие «знакомство» часто встречается в повседневной жизни в Польше.,"Warto dobrze rozumieć słowo „znajomość”, bo jest praktyczne.","Стоит хорошо понимать слово «знакомство», потому что оно практичное."
242,242,relacja,"отношение, связь",noun,Pojęcie „relacja” często pojawia się w codziennym życiu w Polsce.,Понятие «отношение» часто встречается в повседневной жизни в Польше.,"Warto dobrze rozumieć słowo „relacja”, bo jest praktyczne.","Стоит хорошо понимать слово «отношение», потому что оно практичное."
243,243,przyjaźń,дружба,noun,Pojęcie „przyjaźń” często pojawia się w codziennym życiu w Polsce.,Понятие «дружба» часто встречается в повседневной жизни в Польше.,"Warto dobrze rozumieć słowo „przyjaźń”, bo jest praktyczne.","Стоит хорошо понимать слово «дружба», потому что оно практичное."
244,244,znajomy,знакомый,noun,Pojęcie „znajomy” często pojawia się w codziennym życiu w Polsce.,Понятие «знакомый» часто встречается в повседневной жизни в Польше.,"Warto dobrze rozumieć słowo „znajomy”, bo jest praktyczne.","Стоит хорошо понимать слово «знакомый», потому что оно практичное."
245,245,sąsiad,сосед,noun,Pojęcie „sąsiad” często pojawia się w codziennym życiu w Polsce.,Понятие «сосед» часто встречается в повседневной жизни в Польше.,"Warto dobrze rozumieć słowo „sąsiad”, bo jest praktyczne.","Стоит хорошо понимать слово «сосед», потому что оно практичное."
246,246,spotkanie,встреча,noun,Pojęcie „spotkanie” często pojawia się w codziennym życiu w Polsce.,Понятие «встреча» часто встречается в повседневной жизни в Польше.,"Warto dobrze rozumieć słowo „spotkanie”, bo jest praktyczne.","Стоит хорошо понимать слово «встреча», потому что оно практичное."
247,247,zaproszenie,приглашение,noun,Pojęcie „zaproszenie” często pojawia się w codziennym życiu w Polsce.,Понятие «приглашение» часто встречается в повседневной жизни в Польше.,"Warto dobrze rozumieć słowo „zaproszenie”, bo jest praktyczne.","Стоит хорошо понимать слово «приглашение», потому что оно практичное."
248,248,rozmowa,разговор,noun,Pojęcie „rozmowa” często pojawia się w codziennym życiu w Polsce.,Понятие «разговор» часто встречается в повседневной жизни в Польше.,"Warto dobrze rozumieć słowo „rozmowa”, bo jest praktyczne.","Стоит хорошо понимать слово «разговор», потому что оно практичное."
249,249,wypowiedź,высказывание,noun,Pojęcie „wypowiedź” często pojawia się w codziennym życiu w Polsce.,Понятие «высказывание» часто встречается в повседневной жизни в Польше.,"Warto dobrze rozumieć słowo „wypowiedź”, bo jest praktyczne.","Стоит хорошо понимать слово «высказывание», потому что оно практичное."
250,250,komentarz,комментарий,noun,Pojęcie „komentarz” często pojawia się w codziennym życiu w Polsce.,Понятие «комментарий» часто встречается в повседневной жизни в Польше.,"Warto dobrze rozumieć słowo „komentarz”, bo jest praktyczne.","Стоит хорошо понимать слово «комментарий», потому что оно практичное."
251,251,pytanie,вопрос,noun,Pojęcie „pytanie” często pojawia się w codziennym życiu w Polsce.,Понятие «вопрос» часто встречается в повседневной жизни в Польше.,"Warto dobrze rozumieć słowo „pytanie”, bo jest praktyczne.","Стоит хорошо понимать слово «вопрос», потому что оно практичное."
252,252,odpowiedź,ответ,noun,Pojęcie „odpowiedź” często pojawia się w codziennym życiu w Polsce.,Понятие «ответ» часто встречается в повседневной жизни в Польше.,"Warto dobrze rozumieć słowo „odpowiedź”, bo jest praktyczne.","Стоит хорошо понимать слово «ответ», потому что оно практичное."
253,253,wyjaśnienie,объяснение,noun,Pojęcie „wyjaśnienie” często pojawia się w codziennym życiu w Polsce.,Понятие «объяснение» часто встречается в повседневной жизни в Польше.,"Warto dobrze rozumieć słowo „wyjaśnienie”, bo jest praktyczne.","Стоит хорошо понимать слово «объяснение», потому что оно практичное."
254,254,prośba,просьба,noun,Pojęcie „prośba” często pojawia się w codziennym życiu w Polsce.,Понятие «просьба» часто встречается в повседневной жизни в Польше.,"Warto dobrze rozumieć słowo „prośba”, bo jest praktyczne.","Стоит хорошо понимать слово «просьба», потому что оно практичное."
255,255,odmówić,отказать,verb,Warto umieć poprawnie używać wyrażenia „odmówić” w rozmowie.,Стоит уметь правильно использовать выражение «отказать» в разговоре.,"To wyrażenie często pojawia się w pracy, dokumentach i codziennych sytuacjach.","Это выражение часто встречается на работе, в документах и повседневных ситуациях."
256,256,zaproponować,предложить,verb,Warto umieć poprawnie używać wyrażenia „zaproponować” w rozmowie.,Стоит уметь правильно использовать выражение «предложить» в разговоре.,"To wyrażenie często pojawia się w pracy, dokumentach i codziennych sytuacjach.","Это выражение часто встречается на работе, в документах и повседневных ситуациях."
257,257,uzgodnić,согласовать,verb,Warto umieć poprawnie używać wyrażenia „uzgodnić” w rozmowie.,Стоит уметь правильно использовать выражение «согласовать» в разговоре.,"To wyrażenie często pojawia się w pracy, dokumentach i codziennych sytuacjach.","Это выражение часто встречается на работе, в документах и повседневных ситуациях."
258,258,ustalić,"установить, определить",verb,Warto umieć poprawnie używać wyrażenia „ustalić” w rozmowie.,Стоит уметь правильно использовать выражение «установить» в разговоре.,"To wyrażenie często pojawia się w pracy, dokumentach i codziennych sytuacjach.","Это выражение часто встречается на работе, в документах и повседневных ситуациях."
259,259,poinformować,проинформировать,verb,Warto umieć poprawnie używać wyrażenia „poinformować” w rozmowie.,Стоит уметь правильно использовать выражение «проинформировать» в разговоре.,"To wyrażenie często pojawia się w pracy, dokumentach i codziennych sytuacjach.","Это выражение часто встречается на работе, в документах и повседневных ситуациях."
260,260,powiadomić,уведомить,verb,Warto umieć poprawnie używać wyrażenia „powiadomić” w rozmowie.,Стоит уметь правильно использовать выражение «уведомить» в разговоре.,"To wyrażenie często pojawia się w pracy, dokumentach i codziennych sytuacjach.","Это выражение часто встречается на работе, в документах и повседневных ситуациях."
261,261,decydować,"решать, принимать решение",verb,"Musimy zdecydować, którą ofertę wybrać.","Мы должны решить, какое предложение выбрать.",Ostatecznie zdecydowali się zostać w Polsce.,В итоге они решили остаться в Польше.
262,262,postanowić,решить,verb,Postanowiłem rozpocząć naukę języka polskiego.,Я решил начать изучение польского языка.,Po długiej rozmowie postanowili kupić mieszkanie.,После долгого разговора они решили купить квартиру.
263,263,wybierać,выбирать,verb,Trudno wybrać najlepszą opcję.,Трудно выбрать лучший вариант.,Klienci coraz częściej wybierają zakupy online.,Клиенты всё чаще выбирают покупки онлайн.
264,264,preferować,предпочитать,verb,Preferuję kontakt mailowy.,Я предпочитаю общение по электронной почте.,Większość klientów preferuje płatności bezgotówkowe.,Большинство клиентов предпочитает безналичную оплату.
265,265,rozważyć,рассмотреть,verb,Warto rozważyć wszystkie możliwości.,Стоит рассмотреть все возможности.,Firma rozważa otwarcie nowego oddziału.,Компания рассматривает открытие нового филиала.
266,266,zamierzać,намереваться,verb,Zamierzam zmienić pracę w przyszłym roku.,Я намереваюсь сменить работу в следующем году.,Nie zamierzamy rezygnować z projektu.,Мы не собираемся отказываться от проекта.
267,267,planować,планировать,verb,Planujemy wakacje na wrzesień.,Мы планируем отпуск на сентябрь.,Firma planuje zwiększyć zatrudnienie.,Компания планирует увеличить количество сотрудников.
268,268,organizować,организовывать,verb,Organizujemy spotkanie dla nowych pracowników.,Мы организуем встречу для новых сотрудников.,Miasto organizuje wiele wydarzeń kulturalnych.,Город организует множество культурных мероприятий.
269,269,przygotować,подготовить,verb,Muszę przygotować wszystkie dokumenty.,Мне нужно подготовить все документы.,Przygotowaliśmy szczegółowy plan działania.,Мы подготовили подробный план действий.
270,270,przygotowanie,подготовка,noun,Dobre przygotowanie zwiększa szanse na sukces.,Хорошая подготовка повышает шансы на успех.,Przygotowanie prezentacji zajęło kilka dni.,Подготовка презентации заняла несколько дней.
271,271,powód,причина,noun,Jaki jest powód tej decyzji?,Какова причина этого решения?,Nie znam dokładnego powodu odmowy.,Я не знаю точной причины отказа.
272,272,przyczyna,причина,noun,Przyczyna problemu została już znaleziona.,Причина проблемы уже найдена.,Lekarz wyjaśnił przyczynę dolegliwości.,Врач объяснил причину недомогания.
273,273,skutek,последствие,noun,To był skutek złej organizacji pracy.,Это было последствием плохой организации работы.,Musimy przewidzieć możliwe skutki tej decyzji.,Мы должны предусмотреть возможные последствия этого решения.
274,274,efekt,эффект,noun,Efekt naszej pracy był bardzo dobry.,Результат нашей работы был очень хорошим.,Pierwsze efekty są już widoczne.,Первые результаты уже заметны.
275,275,rezultat,результат,noun,Rezultat przeszedł nasze oczekiwania.,Результат превзошёл наши ожидания.,Jesteśmy zadowoleni z osiągniętego rezultatu.,Мы довольны достигнутым результатом.
276,276,konsekwencja,последствие,noun,Każda decyzja ma swoje konsekwencje.,Каждое решение имеет свои последствия.,Musisz być świadomy możliwych konsekwencji.,Ты должен осознавать возможные последствия.
277,277,okazja,"возможность, случай",noun,To dobra okazja do nauki języka.,Это хорошая возможность для изучения языка.,Skorzystałem z okazji i zadałem pytanie.,Я воспользовался случаем и задал вопрос.
278,278,szansa,шанс,noun,Masz dużą szansę na sukces.,У тебя большие шансы на успех.,To była jedyna szansa na rozwiązanie problemu.,Это был единственный шанс решить проблему.
279,279,zagwarantować,гарантировать,verb,Nikt nie może zagwarantować sukcesu.,Никто не может гарантировать успех.,Umowa zagwarantowała klientowi dodatkowe prawa.,Договор гарантировал клиенту дополнительные права.
280,280,umożliwić,сделать возможным,verb,Nowe przepisy umożliwią szybszą obsługę wniosków.,Новые правила сделают возможным более быстрое рассмотрение заявлений.,Technologia umożliwia pracę z dowolnego miejsca.,Технологии позволяют работать из любого места.
281,281,sytuacja,ситуация,noun,Pojęcie „sytuacja” często pojawia się w codziennym życiu w Polsce.,Понятие «ситуация» часто встречается в повседневной жизни в Польше.,"Warto dobrze rozumieć słowo „sytuacja”, bo jest praktyczne.","Стоит хорошо понимать слово «ситуация», потому что оно практичное."
282,282,przypadek,случай,noun,Pojęcie „przypadek” często pojawia się w codziennym życiu w Polsce.,Понятие «случай» часто встречается в повседневной жизни в Польше.,"Warto dobrze rozumieć słowo „przypadek”, bo jest praktyczne.","Стоит хорошо понимать слово «случай», потому что оно практичное."
283,283,zdarzenie,событие,noun,Pojęcie „zdarzenie” często pojawia się w codziennym życiu w Polsce.,Понятие «событие» часто встречается в повседневной жизни в Польше.,"Warto dobrze rozumieć słowo „zdarzenie”, bo jest praktyczne.","Стоит хорошо понимать слово «событие», потому что оно практичное."
284,284,proces,процесс,noun,Pojęcie „proces” często pojawia się w codziennym życiu w Polsce.,Понятие «процесс» часто встречается в повседневной жизни в Польше.,"Warto dobrze rozumieć słowo „proces”, bo jest praktyczne.","Стоит хорошо понимать слово «процесс», потому что оно практичное."
285,285,etap,этап,noun,Pojęcie „etap” często pojawia się w codziennym życiu w Polsce.,Понятие «этап» часто встречается в повседневной жизни в Польше.,"Warto dobrze rozumieć słowo „etap”, bo jest praktyczne.","Стоит хорошо понимать слово «этап», потому что оно практичное."
286,286,poziom,уровень,noun,Pojęcie „poziom” często pojawia się w codziennym życiu w Polsce.,Понятие «уровень» часто встречается в повседневной жизни в Польше.,"Warto dobrze rozumieć słowo „poziom”, bo jest praktyczne.","Стоит хорошо понимать слово «уровень», потому что оно практичное."
287,287,tempo,темп,noun,Pojęcie „tempo” często pojawia się w codziennym życiu w Polsce.,Понятие «темп» часто встречается в повседневной жизни в Польше.,"Warto dobrze rozumieć słowo „tempo”, bo jest praktyczne.","Стоит хорошо понимать слово «темп», потому что оно практичное."
288,288,zmiana,изменение,noun,Pojęcie „zmiana” często pojawia się w codziennym życiu w Polsce.,Понятие «изменение» часто встречается в повседневной жизни в Польше.,"Warto dobrze rozumieć słowo „zmiana”, bo jest praktyczne.","Стоит хорошо понимать слово «изменение», потому что оно практичное."
289,289,zwiększyć,увеличить,verb,Warto umieć poprawnie używać wyrażenia „zwiększyć” w rozmowie.,Стоит уметь правильно использовать выражение «увеличить» в разговоре.,"To wyrażenie często pojawia się w pracy, dokumentach i codziennych sytuacjach.","Это выражение часто встречается на работе, в документах и повседневных ситуациях."
290,290,zmniejszyć,уменьшить,verb,Warto umieć poprawnie używać wyrażenia „zmniejszyć” w rozmowie.,Стоит уметь правильно использовать выражение «уменьшить» в разговоре.,"To wyrażenie często pojawia się w pracy, dokumentach i codziennych sytuacjach.","Это выражение часто встречается на работе, в документах и повседневных ситуациях."
291,291,ograniczyć,ограничить,verb,Warto umieć poprawnie używać wyrażenia „ograniczyć” w rozmowie.,Стоит уметь правильно использовать выражение «ограничить» в разговоре.,"To wyrażenie często pojawia się w pracy, dokumentach i codziennych sytuacjach.","Это выражение часто встречается на работе, в документах и повседневных ситуациях."
292,292,ulepszyć,улучшить,verb,Warto umieć poprawnie używać wyrażenia „ulepszyć” w rozmowie.,Стоит уметь правильно использовать выражение «улучшить» в разговоре.,"To wyrażenie często pojawia się w pracy, dokumentach i codziennych sytuacjach.","Это выражение часто встречается на работе, в документах и повседневных ситуациях."
293,293,usprawnić,оптимизировать,verb,Warto umieć poprawnie używać wyrażenia „usprawnić” w rozmowie.,Стоит уметь правильно использовать выражение «оптимизировать» в разговоре.,"To wyrażenie często pojawia się w pracy, dokumentach i codziennych sytuacjach.","Это выражение часто встречается на работе, в документах и повседневных ситуациях."
294,294,realizować,реализовывать,verb,Warto umieć poprawnie używać wyrażenia „realizować” w rozmowie.,Стоит уметь правильно использовать выражение «реализовывать» в разговоре.,"To wyrażenie często pojawia się w pracy, dokumentach i codziennych sytuacjach.","Это выражение часто встречается на работе, в документах и повседневных ситуациях."
295,295,wykonać,выполнить,verb,Warto umieć poprawnie używać wyrażenia „wykonać” w rozmowie.,Стоит уметь правильно использовать выражение «выполнить» в разговоре.,"To wyrażenie często pojawia się w pracy, dokumentach i codziennych sytuacjach.","Это выражение часто встречается на работе, в документах и повседневных ситуациях."
296,296,zakończyć,завершить,verb,Warto umieć poprawnie używać wyrażenia „zakończyć” w rozmowie.,Стоит уметь правильно использовать выражение «завершить» в разговоре.,"To wyrażenie często pojawia się w pracy, dokumentach i codziennych sytuacjach.","Это выражение часто встречается на работе, в документах и повседневных ситуациях."
297,297,kontynuować,продолжать,verb,Warto umieć poprawnie używać wyrażenia „kontynuować” w rozmowie.,Стоит уметь правильно использовать выражение «продолжать» в разговоре.,"To wyrażenie często pojawia się w pracy, dokumentach i codziennych sytuacjach.","Это выражение часто встречается на работе, в документах и повседневных ситуациях."
298,298,osiągać,достигать,verb,Warto umieć poprawnie używać wyrażenia „osiągać” w rozmowie.,Стоит уметь правильно использовать выражение «достигать» в разговоре.,"To wyrażenie często pojawia się w pracy, dokumentach i codziennych sytuacjach.","Это выражение часто встречается на работе, в документах и повседневных ситуациях."
299,299,wdrażać,внедрять,verb,Warto umieć poprawnie używać wyrażenia „wdrażać” w rozmowie.,Стоит уметь правильно использовать выражение «внедрять» в разговоре.,"To wyrażenie często pojawia się w pracy, dokumentach i codziennych sytuacjach.","Это выражение часто встречается на работе, в документах и повседневных ситуациях."
300,300,harmonogram,график,noun,Pojęcie „harmonogram” często pojawia się w codziennym życiu w Polsce.,Понятие «график» часто встречается в повседневной жизни в Польше.,"Warto dobrze rozumieć słowo „harmonogram”, bo jest praktyczne.","Стоит хорошо понимать слово «график», потому что оно практичное."
301,301,lekarz,врач,noun,Pojęcie „lekarz” często pojawia się w codziennym życiu w Polsce.,Понятие «врач» часто встречается в повседневной жизни в Польше.,"Warto dobrze rozumieć słowo „lekarz”, bo jest praktyczne.","Стоит хорошо понимать слово «врач», потому что оно практичное."
302,302,pacjent,пациент,noun,Pojęcie „pacjent” często pojawia się w codziennym życiu w Polsce.,Понятие «пациент» часто встречается в повседневной жизни в Польше.,"Warto dobrze rozumieć słowo „pacjent”, bo jest praktyczne.","Стоит хорошо понимать слово «пациент», потому что оно практичное."
303,303,badanie,"обследование, анализ",noun,Pojęcie „badanie” często pojawia się w codziennym życiu w Polsce.,Понятие «обследование» часто встречается в повседневной жизни в Польше.,"Warto dobrze rozumieć słowo „badanie”, bo jest praktyczne.","Стоит хорошо понимать слово «обследование», потому что оно практичное."
304,304,wynik badania,результат обследования,noun,Pojęcie „wynik badania” często pojawia się w codziennym życiu w Polsce.,Понятие «результат обследования» часто встречается в повседневной жизни в Польше.,"Warto dobrze rozumieć słowo „wynik badania”, bo jest praktyczne.","Стоит хорошо понимать слово «результат обследования», потому что оно практичное."
305,305,leczenie,лечение,noun,Pojęcie „leczenie” często pojawia się w codziennym życiu w Polsce.,Понятие «лечение» часто встречается в повседневной жизни в Польше.,"Warto dobrze rozumieć słowo „leczenie”, bo jest praktyczne.","Стоит хорошо понимать слово «лечение», потому что оно практичное."
306,306,objaw,симптом,noun,Pojęcie „objaw” często pojawia się w codziennym życiu w Polsce.,Понятие «симптом» часто встречается в повседневной жизни в Польше.,"Warto dobrze rozumieć słowo „objaw”, bo jest praktyczne.","Стоит хорошо понимать слово «симптом», потому что оно практичное."
307,307,dolegliwość,недомогание,noun,Pojęcie „dolegliwość” często pojawia się w codziennym życiu w Polsce.,Понятие «недомогание» часто встречается в повседневной жизни в Польше.,"Warto dobrze rozumieć słowo „dolegliwość”, bo jest praktyczne.","Стоит хорошо понимать слово «недомогание», потому что оно практичное."
308,308,zdrowie,здоровье,noun,Pojęcie „zdrowie” często pojawia się w codziennym życiu w Polsce.,Понятие «здоровье» часто встречается в повседневной жизни в Польше.,"Warto dobrze rozumieć słowo „zdrowie”, bo jest praktyczne.","Стоит хорошо понимать слово «здоровье», потому что оно практичное."
309,309,choroba,болезнь,noun,Pojęcie „choroba” często pojawia się w codziennym życiu w Polsce.,Понятие «болезнь» часто встречается в повседневной жизни в Польше.,"Warto dobrze rozumieć słowo „choroba”, bo jest praktyczne.","Стоит хорошо понимать слово «болезнь», потому что оно практичное."
310,310,przeziębienie,простуда,noun,Pojęcie „przeziębienie” często pojawia się w codziennym życiu w Polsce.,Понятие «простуда» часто встречается в повседневной жизни в Польше.,"Warto dobrze rozumieć słowo „przeziębienie”, bo jest praktyczne.","Стоит хорошо понимать слово «простуда», потому что оно практичное."
311,311,gorączka,температура,noun,Pojęcie „gorączka” często pojawia się w codziennym życiu w Polsce.,Понятие «температура» часто встречается в повседневной жизни в Польше.,"Warto dobrze rozumieć słowo „gorączka”, bo jest praktyczne.","Стоит хорошо понимать слово «температура», потому что оно практичное."
312,312,ból,боль,noun,Pojęcie „ból” często pojawia się w codziennym życiu w Polsce.,Понятие «боль» часто встречается в повседневной жизни в Польше.,"Warto dobrze rozumieć słowo „ból”, bo jest praktyczne.","Стоит хорошо понимать слово «боль», потому что оно практичное."
313,313,recepta,рецепт,noun,Pojęcie „recepta” często pojawia się w codziennym życiu w Polsce.,Понятие «рецепт» часто встречается в повседневной жизни в Польше.,"Warto dobrze rozumieć słowo „recepta”, bo jest praktyczne.","Стоит хорошо понимать слово «рецепт», потому что оно практичное."
314,314,lek,лекарство,noun,Pojęcie „lek” często pojawia się w codziennym życiu w Polsce.,Понятие «лекарство» часто встречается в повседневной жизни в Польше.,"Warto dobrze rozumieć słowo „lek”, bo jest praktyczne.","Стоит хорошо понимать слово «лекарство», потому что оно практичное."
315,315,apteka,аптека,noun,Pojęcie „apteka” często pojawia się w codziennym życiu w Polsce.,Понятие «аптека» часто встречается в повседневной жизни в Польше.,"Warto dobrze rozumieć słowo „apteka”, bo jest praktyczne.","Стоит хорошо понимать слово «аптека», потому что оно практичное."
316,316,szczepienie,прививка,noun,Pojęcie „szczepienie” często pojawia się w codziennym życiu w Polsce.,Понятие «прививка» часто встречается в повседневной жизни в Польше.,"Warto dobrze rozumieć słowo „szczepienie”, bo jest praktyczne.","Стоит хорошо понимать слово «прививка», потому что оно практичное."
317,317,opieka zdrowotna,здравоохранение,noun,Pojęcie „opieka zdrowotna” często pojawia się w codziennym życiu w Polsce.,Понятие «здравоохранение» часто встречается в повседневной жизни в Польше.,"Warto dobrze rozumieć słowo „opieka zdrowotna”, bo jest praktyczne.","Стоит хорошо понимать слово «здравоохранение», потому что оно практичное."
318,318,ubezpieczenie zdrowotne,медицинская страховка,noun,Pojęcie „ubezpieczenie zdrowotne” często pojawia się w codziennym życiu w Polsce.,Понятие «медицинская страховка» часто встречается в повседневной жизни в Польше.,"Warto dobrze rozumieć słowo „ubezpieczenie zdrowotne”, bo jest praktyczne.","Стоит хорошо понимать слово «медицинская страховка», потому что оно практичное."
319,319,wizyta,визит,noun,Pojęcie „wizyta” często pojawia się w codziennym życiu w Polsce.,Понятие «визит» часто встречается в повседневной жизни в Польше.,"Warto dobrze rozumieć słowo „wizyta”, bo jest praktyczne.","Стоит хорошо понимать слово «визит», потому что оно практичное."
320,320,specjalista,специалист,noun,Pojęcie „specjalista” często pojawia się w codziennym życiu w Polsce.,Понятие «специалист» часто встречается в повседневной жизни в Польше.,"Warto dobrze rozumieć słowo „specjalista”, bo jest praktyczne.","Стоит хорошо понимать слово «специалист», потому что оно практичное."
321,321,rodzic,родитель,noun,Pojęcie „rodzic” często pojawia się w codziennym życiu w Polsce.,Понятие «родитель» часто встречается в повседневной жизни в Польше.,"Warto dobrze rozumieć słowo „rodzic”, bo jest praktyczne.","Стоит хорошо понимать слово «родитель», потому что оно практичное."
322,322,matka,мать,noun,Pojęcie „matka” często pojawia się w codziennym życiu w Polsce.,Понятие «мать» часто встречается в повседневной жизни в Польше.,"Warto dobrze rozumieć słowo „matka”, bo jest praktyczne.","Стоит хорошо понимать слово «мать», потому что оно практичное."
323,323,ojciec,отец,noun,Pojęcie „ojciec” często pojawia się w codziennym życiu w Polsce.,Понятие «отец» часто встречается в повседневной жизни в Польше.,"Warto dobrze rozumieć słowo „ojciec”, bo jest praktyczne.","Стоит хорошо понимать слово «отец», потому что оно практичное."
324,324,dziecko,ребёнок,noun,Pojęcie „dziecko” często pojawia się w codziennym życiu w Polsce.,Понятие «ребёнок» часто встречается в повседневной жизни в Польше.,"Warto dobrze rozumieć słowo „dziecko”, bo jest praktyczne.","Стоит хорошо понимать слово «ребёнок», потому что оно практичное."
325,325,niemowlę,младенец,noun,Pojęcie „niemowlę” często pojawia się w codziennym życiu w Polsce.,Понятие «младенец» часто встречается в повседневной жизни в Польше.,"Warto dobrze rozumieć słowo „niemowlę”, bo jest praktyczne.","Стоит хорошо понимать слово «младенец», потому что оно практичное."
326,326,wychowanie,воспитание,noun,Pojęcie „wychowanie” często pojawia się w codziennym życiu w Polsce.,Понятие «воспитание» часто встречается в повседневной жизни в Польше.,"Warto dobrze rozumieć słowo „wychowanie”, bo jest praktyczne.","Стоит хорошо понимать слово «воспитание», потому что оно практичное."
327,327,opieka,уход,noun,Pojęcie „opieka” często pojawia się w codziennym życiu w Polsce.,Понятие «уход» часто встречается в повседневной жизни в Польше.,"Warto dobrze rozumieć słowo „opieka”, bo jest praktyczne.","Стоит хорошо понимать слово «уход», потому что оно практичное."
328,328,rozwój dziecka,развитие ребёнка,noun,Pojęcie „rozwój dziecka” często pojawia się w codziennym życiu w Polsce.,Понятие «развитие ребёнка» часто встречается в повседневной жизни в Польше.,"Warto dobrze rozumieć słowo „rozwój dziecka”, bo jest praktyczne.","Стоит хорошо понимать слово «развитие ребёнка», потому что оно практичное."
329,329,ciąża,беременность,noun,Pojęcie „ciąża” często pojawia się w codziennym życiu w Polsce.,Понятие «беременность» часто встречается в повседневной жизни в Польше.,"Warto dobrze rozumieć słowo „ciąża”, bo jest praktyczne.","Стоит хорошо понимать слово «беременность», потому что оно практичное."
330,330,poród,роды,noun,Pojęcie „poród” często pojawia się w codziennym życiu w Polsce.,Понятие «роды» часто встречается в повседневной жизни в Польше.,"Warto dobrze rozumieć słowo „poród”, bo jest praktyczne.","Стоит хорошо понимать слово «роды», потому что оно практичное."
331,331,urlop macierzyński,декретный отпуск,noun,Pojęcie „urlop macierzyński” często pojawia się w codziennym życiu w Polsce.,Понятие «декретный отпуск» часто встречается в повседневной жизни в Польше.,"Warto dobrze rozumieć słowo „urlop macierzyński”, bo jest praktyczne.","Стоит хорошо понимать слово «декретный отпуск», потому что оно практичное."
332,332,urlop rodzicielski,родительский отпуск,noun,Pojęcie „urlop rodzicielski” często pojawia się w codziennym życiu w Polsce.,Понятие «родительский отпуск» часто встречается в повседневной жизни в Польше.,"Warto dobrze rozumieć słowo „urlop rodzicielski”, bo jest praktyczne.","Стоит хорошо понимать слово «родительский отпуск», потому что оно практичное."
333,333,żłobek,ясли,noun,Pojęcie „żłobek” często pojawia się w codziennym życiu w Polsce.,Понятие «ясли» часто встречается в повседневной жизни в Польше.,"Warto dobrze rozumieć słowo „żłobek”, bo jest praktyczne.","Стоит хорошо понимать слово «ясли», потому что оно практичное."
334,334,przedszkole,детский сад,noun,Pojęcie „przedszkole” często pojawia się w codziennym życiu w Polsce.,Понятие «детский сад» часто встречается в повседневной жизни в Польше.,"Warto dobrze rozumieć słowo „przedszkole”, bo jest praktyczne.","Стоит хорошо понимать слово «детский сад», потому что оно практичное."
335,335,szkoła,школа,noun,Pojęcie „szkoła” często pojawia się w codziennym życiu w Polsce.,Понятие «школа» часто встречается в повседневной жизни в Польше.,"Warto dobrze rozumieć słowo „szkoła”, bo jest praktyczne.","Стоит хорошо понимать слово «школа», потому что оно практичное."
336,336,nauczyciel,учитель,noun,Pojęcie „nauczyciel” często pojawia się w codziennym życiu w Polsce.,Понятие «учитель» часто встречается в повседневной жизни в Польше.,"Warto dobrze rozumieć słowo „nauczyciel”, bo jest praktyczne.","Стоит хорошо понимать слово «учитель», потому что оно практичное."
337,337,uczeń,ученик,noun,Pojęcie „uczeń” często pojawia się w codziennym życiu w Polsce.,Понятие «ученик» часто встречается в повседневной жизни в Польше.,"Warto dobrze rozumieć słowo „uczeń”, bo jest praktyczne.","Стоит хорошо понимать слово «ученик», потому что оно практичное."
338,338,edukacja,образование,noun,Pojęcie „edukacja” często pojawia się w codziennym życiu w Polsce.,Понятие «образование» часто встречается в повседневной жизни в Польше.,"Warto dobrze rozumieć słowo „edukacja”, bo jest praktyczne.","Стоит хорошо понимать слово «образование», потому что оно практичное."
339,339,nauka,"обучение, учёба",noun,Pojęcie „nauka” często pojawia się w codziennym życiu w Polsce.,Понятие «обучение» часто встречается в повседневной жизни в Польше.,"Warto dobrze rozumieć słowo „nauka”, bo jest praktyczne.","Стоит хорошо понимать слово «обучение», потому что оно практичное."
340,340,umiejętności,навыки,noun,Pojęcie „umiejętności” często pojawia się w codziennym życiu w Polsce.,Понятие «навыки» часто встречается в повседневной жизни в Польше.,"Warto dobrze rozumieć słowo „umiejętności”, bo jest praktyczne.","Стоит хорошо понимать слово «навыки», потому что оно практичное."
341,341,egzamin,экзамен,noun,Pojęcie „doświadczenie” często pojawia się w codziennym życiu w Polsce.,Понятие «опыт» часто встречается в повседневной жизни в Польше.,"Warto dobrze rozumieć słowo „doświadczenie”, bo jest praktyczne.","Стоит хорошо понимать слово «опыт», потому что оно практичное."
342,342,praktyka,практика,noun,Pojęcie „praktyka” często pojawia się w codziennym życiu w Polsce.,Понятие «практика» часто встречается в повседневной жизни в Польше.,"Warto dobrze rozumieć słowo „praktyka”, bo jest praktyczne.","Стоит хорошо понимать слово «практика», потому что оно практичное."
343,343,student,студент,noun,Pojęcie „obowiązek” często pojawia się w codziennym życiu w Polsce.,Понятие «обязанность» часто встречается в повседневной жизни в Польше.,"Warto dobrze rozumieć słowo „obowiązek”, bo jest praktyczne.","Стоит хорошо понимать слово «обязанность», потому что оно практичное."
344,344,prawo,право,noun,Pojęcie „prawo” często pojawia się w codziennym życiu w Polsce.,Понятие «право» часто встречается в повседневной жизни в Польше.,"Warto dobrze rozumieć słowo „prawo”, bo jest praktyczne.","Стоит хорошо понимать слово «право», потому что оно практичное."
345,345,uczelnia,университет,noun,Pojęcie „przepis” często pojawia się w codziennym życiu w Polsce.,Понятие «правило» часто встречается в повседневной жизни в Польше.,"Warto dobrze rozumieć słowo „przepis”, bo jest praktyczne.","Стоит хорошо понимать слово «правило», потому что оно практичное."
346,346,dokument,документ,noun,Pojęcie „dokument” często pojawia się w codziennym życiu w Polsce.,Понятие «документ» часто встречается в повседневной жизни в Польше.,"Warto dobrze rozumieć słowo „dokument”, bo jest praktyczne.","Стоит хорошо понимать слово «документ», потому что оно практичное."
347,347,dyplom,диплом,noun,Pojęcie „zaświadczenie” często pojawia się w codziennym życiu w Polsce.,Понятие «справка» часто встречается в повседневной жизни в Польше.,"Warto dobrze rozumieć słowo „zaświadczenie”, bo jest praktyczne.","Стоит хорошо понимать слово «справка», потому что оно практичное."
348,348,legitymacja,удостоверение,noun,Pojęcie „wniosek” często pojawia się w codziennym życiu w Polsce.,Понятие «заявление» часто встречается в повседневной жизни в Польше.,"Warto dobrze rozumieć słowo „wniosek”, bo jest praktyczne.","Стоит хорошо понимать слово «заявление», потому что оно практичное."
349,349,gospodarka,экономика,noun,Pojęcie „pozwolenie” często pojawia się w codziennym życiu w Polsce.,Понятие «разрешение» часто встречается в повседневной жизни в Польше.,"Warto dobrze rozumieć słowo „pozwolenie”, bo jest praktyczne.","Стоит хорошо понимать слово «разрешение», потому что оно практичное."
350,350,obywatel,гражданин,noun,Pojęcie „obywatel” często pojawia się w codziennym życiu w Polsce.,Понятие «гражданин» часто встречается в повседневной жизни в Польше.,"Warto dobrze rozumieć słowo „obywatel”, bo jest praktyczne.","Стоит хорошо понимать слово «гражданин», потому что оно практичное."
351,351,cudzoziemiec,иностранец,noun,Pojęcie „cudzoziemiec” często pojawia się w codziennym życiu w Polsce.,Понятие «иностранец» часто встречается в повседневной жизни в Польше.,"Warto dobrze rozumieć słowo „cudzoziemiec”, bo jest praktyczne.","Стоит хорошо понимать слово «иностранец», потому что оно практичное."
352,352,rezydent,резидент,noun,Pojęcie „pobyt” często pojawia się w codziennym życiu w Polsce.,Понятие «пребывание» часто встречается в повседневной жизни в Польше.,"Warto dobrze rozumieć słowo „pobyt”, bo jest praktyczne.","Стоит хорошо понимать слово «пребывание», потому что оно практичное."
353,353,adres zameldowania,адрес регистрации,noun,Pojęcie „meldunek” często pojawia się w codziennym życiu w Polsce.,Понятие «регистрация по месту жительства» часто встречается в повседневной жизни в Польше.,"Warto dobrze rozumieć słowo „meldunek”, bo jest praktyczne.","Стоит хорошо понимать слово «регистрация по месту жительства», потому что оно практичное."
354,354,urzędnik,чиновник,noun,Pojęcie „urzędnik” często pojawia się w codziennym życiu w Polsce.,Понятие «чиновник» часто встречается в повседневной жизни в Польше.,"Warto dobrze rozumieć słowo „urzędnik”, bo jest praktyczne.","Стоит хорошо понимать слово «чиновник», потому что оно практичное."
355,355,urząd,учреждение,noun,Pojęcie „urząd” często pojawia się w codziennym życiu w Polsce.,Понятие «учреждение» часто встречается в повседневной жизни в Польше.,"Warto dobrze rozumieć słowo „urząd”, bo jest praktyczne.","Стоит хорошо понимать слово «учреждение», потому что оно практичное."
356,356,rozpatrzyć,рассмотреть,noun,Pojęcie „decyzja” często pojawia się w codziennym życiu w Polsce.,Понятие «решение» часто встречается в повседневной жизни в Польше.,"Warto dobrze rozumieć słowo „decyzja”, bo jest praktyczne.","Стоит хорошо понимать слово «решение», потому что оно практичное."
357,357,deadline,крайний срок,noun,Pojęcie „termin” często pojawia się w codziennym życiu w Polsce.,Понятие «срок» часто встречается в повседневной жизни в Польше.,"Warto dobrze rozumieć słowo „termin”, bo jest praktyczne.","Стоит хорошо понимать слово «срок», потому что оно практичное."
358,358,ważność,срок действия,noun,Pojęcie „ważność” często pojawia się w codziennym życiu w Polsce.,Понятие «срок действия» часто встречается в повседневной жизни в Польше.,"Warto dobrze rozumieć słowo „ważność”, bo jest praktyczne.","Стоит хорошо понимать слово «срок действия», потому что оно практичное."
359,359,odnowić,обновить,verb,Warto umieć poprawnie używać wyrażenia „przedłużyć” w rozmowie.,Стоит уметь правильно использовать выражение «продлить» в разговоре.,"To wyrażenie często pojawia się w pracy, dokumentach i codziennych sytuacjach.","Это выражение часто встречается на работе, в документах и повседневных ситуациях."
360,360,potwierdzenie,подтверждение,noun,Pojęcie „potwierdzenie” często pojawia się w codziennym życiu w Polsce.,Понятие «подтверждение» часто встречается в повседневной жизни в Польше.,"Warto dobrze rozumieć słowo „potwierdzenie”, bo jest praktyczne.","Стоит хорошо понимать слово «подтверждение», потому что оно практичное."
361,361,podróż,путешествие,noun,Pojęcie „podróż” często pojawia się w codziennym życiu w Polsce.,Понятие «путешествие» часто встречается в повседневной жизни в Польше.,"Warto dobrze rozumieć słowo „podróż”, bo jest praktyczne.","Стоит хорошо понимать слово «путешествие», потому что оно практичное."
362,362,wyjazd,"отъезд, поездка",noun,Pojęcie „wyjazd” często pojawia się w codziennym życiu w Polsce.,Понятие «отъезд» часто встречается в повседневной жизни в Польше.,"Warto dobrze rozumieć słowo „wyjazd”, bo jest praktyczne.","Стоит хорошо понимать слово «отъезд», потому что оно практичное."
363,363,przyjazd,приезд,noun,Pojęcie „przyjazd” często pojawia się w codziennym życiu w Polsce.,Понятие «приезд» часто встречается в повседневной жизни в Польше.,"Warto dobrze rozumieć słowo „przyjazd”, bo jest praktyczne.","Стоит хорошо понимать слово «приезд», потому что оно практичное."
364,364,trasa,маршрут,noun,Pojęcie „trasa” często pojawia się w codziennym życiu w Polsce.,Понятие «маршрут» часто встречается в повседневной жизни в Польше.,"Warto dobrze rozumieć słowo „trasa”, bo jest praktyczne.","Стоит хорошо понимать слово «маршрут», потому что оно практичное."
365,365,połączenie,"сообщение, соединение",noun,Pojęcie „połączenie” często pojawia się w codziennym życiu w Polsce.,Понятие «сообщение» часто встречается в повседневной жизни в Польше.,"Warto dobrze rozumieć słowo „połączenie”, bo jest praktyczne.","Стоит хорошо понимать слово «сообщение», потому что оно практичное."
366,366,przystanek,остановка,noun,Pojęcie „przystanek” często pojawia się w codziennym życiu w Polsce.,Понятие «остановка» часто встречается в повседневной жизни в Польше.,"Warto dobrze rozumieć słowo „przystanek”, bo jest praktyczne.","Стоит хорошо понимать слово «остановка», потому что оно практичное."
367,367,dworzec,вокзал,noun,Pojęcie „dworzec” często pojawia się w codziennym życiu w Polsce.,Понятие «вокзал» часто встречается в повседневной жизни в Польше.,"Warto dobrze rozumieć słowo „dworzec”, bo jest praktyczne.","Стоит хорошо понимать слово «вокзал», потому что оно практичное."
368,368,lotnisko,аэропорт,noun,Pojęcie „lotnisko” często pojawia się w codziennym życiu w Polsce.,Понятие «аэропорт» часто встречается в повседневной жизни в Польше.,"Warto dobrze rozumieć słowo „lotnisko”, bo jest praktyczne.","Стоит хорошо понимать слово «аэропорт», потому что оно практичное."
369,369,opóźnienie,задержка,noun,Pojęcie „opóźnienie” często pojawia się w codziennym życiu w Polsce.,Понятие «задержка» часто встречается в повседневной жизни в Польше.,"Warto dobrze rozumieć słowo „opóźnienie”, bo jest praktyczne.","Стоит хорошо понимать слово «задержка», потому что оно практичное."
370,370,rozkład jazdy,расписание,noun,Pojęcie „rozkład jazdy” często pojawia się w codziennym życiu w Polsce.,Понятие «расписание» часто встречается в повседневной жизни в Польше.,"Warto dobrze rozumieć słowo „rozkład jazdy”, bo jest praktyczne.","Стоит хорошо понимать слово «расписание», потому что оно практичное."
371,371,bilet,билет,noun,Pojęcie „bilet” często pojawia się w codziennym życiu w Polsce.,Понятие «билет» часто встречается в повседневной жизни в Польше.,"Warto dobrze rozumieć słowo „bilet”, bo jest praktyczne.","Стоит хорошо понимать слово «билет», потому что оно практичное."
372,372,kierowca,водитель,noun,Pojęcie „kierowca” często pojawia się w codziennym życiu w Polsce.,Понятие «водитель» часто встречается в повседневной жизни в Польше.,"Warto dobrze rozumieć słowo „kierowca”, bo jest praktyczne.","Стоит хорошо понимать слово «водитель», потому что оно практичное."
373,373,pasażer,пассажир,noun,Pojęcie „pasażer” często pojawia się w codziennym życiu w Polsce.,Понятие «пассажир» часто встречается в повседневной жизни в Польше.,"Warto dobrze rozumieć słowo „pasażer”, bo jest praktyczne.","Стоит хорошо понимать слово «пассажир», потому что оно практичное."
374,374,ruch drogowy,дорожное движение,noun,Pojęcie „ruch drogowy” często pojawia się w codziennym życiu w Polsce.,Понятие «дорожное движение» часто встречается в повседневной жизни в Польше.,"Warto dobrze rozumieć słowo „ruch drogowy”, bo jest praktyczne.","Стоит хорошо понимать слово «дорожное движение», потому что оно практичное."
375,375,wypadek,"авария, ДТП",noun,Pojęcie „wypadek” często pojawia się w codziennym życiu w Polsce.,Понятие «авария» часто встречается в повседневной жизни в Польше.,"Warto dobrze rozumieć słowo „wypadek”, bo jest praktyczne.","Стоит хорошо понимать слово «авария», потому что оно практичное."
376,376,objazd,объезд,noun,Pojęcie „objazd” często pojawia się w codziennym życiu w Polsce.,Понятие «объезд» часто встречается в повседневной жизни в Польше.,"Warto dobrze rozumieć słowo „objazd”, bo jest praktyczne.","Стоит хорошо понимать слово «объезд», потому что оно практичное."
377,377,parking,парковка,noun,Pojęcie „parking” często pojawia się w codziennym życiu w Polsce.,Понятие «парковка» часто встречается в повседневной жизни в Польше.,"Warto dobrze rozumieć słowo „parking”, bo jest praktyczne.","Стоит хорошо понимать слово «парковка», потому что оно практичное."
378,378,stacja,станция,noun,Pojęcie „stacja” często pojawia się w codziennym życiu w Polsce.,Понятие «станция» часто встречается в повседневной жизни в Польше.,"Warto dobrze rozumieć słowo „stacja”, bo jest praktyczne.","Стоит хорошо понимать слово «станция», потому что оно практичное."
379,379,przesiadka,пересадка,noun,Pojęcie „przesiadka” często pojawia się w codziennym życiu w Polsce.,Понятие «пересадка» часто встречается в повседневной жизни в Польше.,"Warto dobrze rozumieć słowo „przesiadka”, bo jest praktyczne.","Стоит хорошо понимать слово «пересадка», потому что оно практичное."
380,380,korek,пробка,noun,Pojęcie „korek” często pojawia się w codziennym życiu w Polsce.,Понятие «пробка» часто встречается в повседневной жизни в Польше.,"Warto dobrze rozumieć słowo „korek”, bo jest praktyczne.","Стоит хорошо понимать слово «пробка», потому что оно практичное."
381,381,zakwaterowanie,проживание,noun,Pojęcie „zakwaterowanie” często pojawia się w codziennym życiu w Polsce.,Понятие «проживание» часто встречается в повседневной жизни в Польше.,"Warto dobrze rozumieć słowo „zakwaterowanie”, bo jest praktyczne.","Стоит хорошо понимать слово «проживание», потому что оно практичное."
382,382,hotel,отель,noun,Pojęcie „hotel” często pojawia się w codziennym życiu w Polsce.,Понятие «отель» часто встречается в повседневной жизни в Польше.,"Warto dobrze rozumieć słowo „hotel”, bo jest praktyczne.","Стоит хорошо понимать слово «отель», потому что оно практичное."
383,383,rezerwacja,бронирование,noun,Pojęcie „rezerwacja” często pojawia się w codziennym życiu w Polsce.,Понятие «бронирование» часто встречается в повседневной жизни в Польше.,"Warto dobrze rozumieć słowo „rezerwacja”, bo jest praktyczne.","Стоит хорошо понимать слово «бронирование», потому что оно практичное."
384,384,gość,гость,noun,Pojęcie „gość” często pojawia się w codziennym życiu w Polsce.,Понятие «гость» часто встречается в повседневной жизни в Польше.,"Warto dobrze rozumieć słowo „gość”, bo jest praktyczne.","Стоит хорошо понимать слово «гость», потому что оно практичное."
385,385,recepcja,ресепшен,noun,Pojęcie „recepcja” często pojawia się w codziennym życiu w Polsce.,Понятие «ресепшен» часто встречается в повседневной жизни в Польше.,"Warto dobrze rozumieć słowo „recepcja”, bo jest praktyczne.","Стоит хорошо понимать слово «ресепшен», потому что оно практичное."
386,386,pokój,"номер, комната",noun,Pojęcie „pokój” często pojawia się w codziennym życiu w Polsce.,Понятие «номер» часто встречается в повседневной жизни в Польше.,"Warto dobrze rozumieć słowo „pokój”, bo jest praktyczne.","Стоит хорошо понимать слово «номер», потому что оно практичное."
387,387,nocleg,ночлег,noun,Pojęcie „nocleg” często pojawia się w codziennym życiu w Polsce.,Понятие «ночлег» часто встречается в повседневной жизни в Польше.,"Warto dobrze rozumieć słowo „nocleg”, bo jest praktyczne.","Стоит хорошо понимать слово «ночлег», потому что оно практичное."
388,388,nocować,ночевать,noun,Pojęcie „pobyt” często pojawia się w codziennym życiu w Polsce.,Понятие «пребывание» часто встречается в повседневной жизни в Польше.,"Warto dobrze rozumieć słowo „pobyt”, bo jest praktyczne.","Стоит хорошо понимать слово «пребывание», потому что оно практичное."
389,389,turysta,турист,noun,Pojęcie „turysta” często pojawia się w codziennym życiu w Polsce.,Понятие «турист» часто встречается в повседневной жизни в Польше.,"Warto dobrze rozumieć słowo „turysta”, bo jest praktyczne.","Стоит хорошо понимать слово «турист», потому что оно практичное."
390,390,zwiedzać,осматривать достопримечательности,verb,Warto umieć poprawnie używać wyrażenia „zwiedzać” w rozmowie.,Стоит уметь правильно использовать выражение «осматривать достопримечательности» в разговоре.,"To wyrażenie często pojawia się w pracy, dokumentach i codziennych sytuacjach.","Это выражение часто встречается на работе, в документах и повседневных ситуациях."
391,391,pogoda,погода,noun,Pojęcie „pogoda” często pojawia się w codziennym życiu w Polsce.,Понятие «погода» часто встречается в повседневной жизни в Польше.,"Warto dobrze rozumieć słowo „pogoda”, bo jest praktyczne.","Стоит хорошо понимать слово «погода», потому что оно практичное."
392,392,prognoza,прогноз,noun,Pojęcie „prognoza” często pojawia się w codziennym życiu w Polsce.,Понятие «прогноз» часто встречается в повседневной жизни в Польше.,"Warto dobrze rozumieć słowo „prognoza”, bo jest praktyczne.","Стоит хорошо понимать слово «прогноз», потому что оно практичное."
393,393,temperatura,температура,noun,Pojęcie „temperatura” często pojawia się w codziennym życiu w Polsce.,Понятие «температура» часто встречается в повседневной жизни в Польше.,"Warto dobrze rozumieć słowo „temperatura”, bo jest praktyczne.","Стоит хорошо понимать слово «температура», потому что оно практичное."
394,394,deszcz,дождь,noun,Pojęcie „deszcz” często pojawia się w codziennym życiu w Polsce.,Понятие «дождь» часто встречается в повседневной жизни в Польше.,"Warto dobrze rozumieć słowo „deszcz”, bo jest praktyczne.","Стоит хорошо понимать слово «дождь», потому что оно практичное."
395,395,śnieg,снег,noun,Pojęcie „śnieg” często pojawia się w codziennym życiu w Polsce.,Понятие «снег» часто встречается в повседневной жизни в Польше.,"Warto dobrze rozumieć słowo „śnieg”, bo jest praktyczne.","Стоит хорошо понимать слово «снег», потому что оно практичное."
396,396,wiatr,ветер,noun,Pojęcie „wiatr” często pojawia się w codziennym życiu w Polsce.,Понятие «ветер» часто встречается в повседневной жизни в Польше.,"Warto dobrze rozumieć słowo „wiatr”, bo jest praktyczne.","Стоит хорошо понимать слово «ветер», потому что оно практичное."
397,397,burza,гроза,noun,Pojęcie „burza” często pojawia się w codziennym życiu w Polsce.,Понятие «гроза» часто встречается в повседневной жизни в Польше.,"Warto dobrze rozumieć słowo „burza”, bo jest praktyczne.","Стоит хорошо понимать слово «гроза», потому что оно практичное."
398,398,słońce,солнце,noun,Pojęcie „słońce” często pojawia się w codziennym życiu w Polsce.,Понятие «солнце» часто встречается в повседневной жизни в Польше.,"Warto dobrze rozumieć słowo „słońce”, bo jest praktyczne.","Стоит хорошо понимать слово «солнце», потому что оно практичное."
399,399,cień,тень,noun,Pojęcie „cień” często pojawia się w codziennym życiu w Polsce.,Понятие «тень» часто встречается в повседневной жизни в Польше.,"Warto dobrze rozumieć słowo „cień”, bo jest praktyczne.","Стоит хорошо понимать слово «тень», потому что оно практичное."
400,400,klimat,климат,noun,Pojęcie „klimat” często pojawia się w codziennym życiu w Polsce.,Понятие «климат» часто встречается в повседневной жизни в Польше.,"Warto dobrze rozumieć słowo „klimat”, bo jest praktyczne.","Стоит хорошо понимать слово «климат», потому что оно практичное."
401,401,zakupy,покупки,noun,Pojęcie „zakupy” często pojawia się w codziennym życiu w Polsce.,Понятие «покупки» часто встречается в повседневной жизни в Польше.,"Warto dobrze rozumieć słowo „zakupy”, bo jest praktyczne.","Стоит хорошо понимать слово «покупки», потому что оно практичное."
402,402,produkt,"товар, продукт",noun,Pojęcie „produkt” często pojawia się w codziennym życiu w Polsce.,Понятие «товар» часто встречается в повседневной жизни в Польше.,"Warto dobrze rozumieć słowo „produkt”, bo jest praktyczne.","Стоит хорошо понимать слово «товар», потому что оно практичное."
403,403,towar,товар,noun,Pojęcie „towar” często pojawia się w codziennym życiu w Polsce.,Понятие «товар» часто встречается в повседневной жизни в Польше.,"Warto dobrze rozumieć słowo „towar”, bo jest praktyczne.","Стоит хорошо понимать слово «товар», потому что оно практичное."
404,404,koszyk,корзина,noun,Pojęcie „koszyk” często pojawia się w codziennym życiu w Polsce.,Понятие «корзина» часто встречается в повседневной жизни в Польше.,"Warto dobrze rozumieć słowo „koszyk”, bo jest praktyczne.","Стоит хорошо понимать слово «корзина», потому что оно практичное."
405,405,promocja,акция,noun,Pojęcie „promocja” często pojawia się w codziennym życiu w Polsce.,Понятие «акция» часто встречается в повседневной жизни в Польше.,"Warto dobrze rozumieć słowo „promocja”, bo jest praktyczne.","Стоит хорошо понимать слово «акция», потому что оно практичное."
406,406,zniżka,скидка,noun,Pojęcie „zniżka” często pojawia się w codziennym życiu w Polsce.,Понятие «скидка» часто встречается в повседневной жизни в Польше.,"Warto dobrze rozumieć słowo „zniżka”, bo jest praktyczne.","Стоит хорошо понимать слово «скидка», потому что оно практичное."
407,407,cena,цена,noun,Pojęcie „cena” często pojawia się w codziennym życiu w Polsce.,Понятие «цена» часто встречается в повседневной жизни в Польше.,"Warto dobrze rozumieć słowo „cena”, bo jest praktyczne.","Стоит хорошо понимать слово «цена», потому что оно практичное."
408,408,koszt,стоимость,noun,Pojęcie „wartość” często pojawia się w codziennym życiu w Polsce.,Понятие «ценность» часто встречается в повседневной жизни в Польше.,"Warto dobrze rozumieć słowo „wartość”, bo jest praktyczne.","Стоит хорошо понимать слово «ценность», потому что оно практичное."
409,409,jakość,качество,noun,Pojęcie „jakość” często pojawia się w codziennym życiu w Polsce.,Понятие «качество» часто встречается в повседневной жизни в Польше.,"Warto dobrze rozumieć słowo „jakość”, bo jest praktyczne.","Стоит хорошо понимать слово «качество», потому что оно практичное."
410,410,wybór,выбор,noun,Pojęcie „wybór” często pojawia się w codziennym życiu w Polsce.,Понятие «выбор» часто встречается в повседневной жизни в Польше.,"Warto dobrze rozumieć słowo „wybór”, bo jest praktyczne.","Стоит хорошо понимать слово «выбор», потому что оно практичное."
411,411,sprzedawca,продавец,noun,Pojęcie „sprzedawca” często pojawia się w codziennym życiu w Polsce.,Понятие «продавец» часто встречается в повседневной жизни в Польше.,"Warto dobrze rozumieć słowo „sprzedawca”, bo jest praktyczne.","Стоит хорошо понимать слово «продавец», потому что оно практичное."
412,412,klient,клиент,noun,Pojęcie „klient” często pojawia się w codziennym życiu w Polsce.,Понятие «клиент» часто встречается в повседневной жизни в Польше.,"Warto dobrze rozumieć słowo „klient”, bo jest praktyczne.","Стоит хорошо понимать слово «клиент», потому что оно практичное."
413,413,sklep internetowy,интернет-магазин,noun,Pojęcie „sklep internetowy” często pojawia się w codziennym życiu w Polsce.,Понятие «интернет-магазин» часто встречается в повседневной жизни в Польше.,"Warto dobrze rozumieć słowo „sklep internetowy”, bo jest praktyczne.","Стоит хорошо понимать слово «интернет-магазин», потому что оно практичное."
414,414,stan magazynowy,остаток на складе,noun,Pojęcie „dostępność” często pojawia się w codziennym życiu w Polsce.,Понятие «наличие» часто встречается в повседневной жизни в Польше.,"Warto dobrze rozumieć słowo „dostępność”, bo jest praktyczne.","Стоит хорошо понимать слово «наличие», потому что оно практичное."
415,415,rezerwować,бронировать,noun,Pojęcie „zamówienie” często pojawia się w codziennym życiu w Polsce.,Понятие «заказ» часто встречается в повседневной жизни в Польше.,"Warto dobrze rozumieć słowo „zamówienie”, bo jest praktyczne.","Стоит хорошо понимать слово «заказ», потому что оно практичное."
416,416,zwrot,возврат,noun,Pojęcie „zwrot” często pojawia się w codziennym życiu w Polsce.,Понятие «возврат» часто встречается в повседневной жизни в Польше.,"Warto dobrze rozumieć słowo „zwrot”, bo jest praktyczne.","Стоит хорошо понимать слово «возврат», потому что оно практичное."
417,417,gwarantować,гарантировать,noun,Pojęcie „reklamacja” często pojawia się w codziennym życiu w Polsce.,Понятие «претензия» часто встречается в повседневной жизни в Польше.,"Warto dobrze rozumieć słowo „reklamacja”, bo jest praktyczne.","Стоит хорошо понимать слово «претензия», потому что оно практичное."
418,418,gotować,готовить,verb,Warto umieć poprawnie używać wyrażenia „gotować” w rozmowie.,Стоит уметь правильно использовать выражение «готовить» в разговоре.,"To wyrażenie często pojawia się w pracy, dokumentach i codziennych sytuacjach.","Это выражение часто встречается на работе, в документах и повседневных ситуациях."
419,419,przygotowywać,"подготавливать, готовить",verb,Warto umieć poprawnie używać wyrażenia „przygotowywać” w rozmowie.,Стоит уметь правильно использовать выражение «подготавливать» в разговоре.,"To wyrażenie często pojawia się w pracy, dokumentach i codziennych sytuacjach.","Это выражение часто встречается на работе, в документах и повседневных ситуациях."
420,420,posiłek,приём пищи,noun,Pojęcie „posiłek” często pojawia się w codziennym życiu w Polsce.,Понятие «приём пищи» часто встречается в повседневной жизни в Польше.,"Warto dobrze rozumieć słowo „posiłek”, bo jest praktyczne.","Стоит хорошо понимать слово «приём пищи», потому что оно практичное."
421,421,śniadanie,завтрак,noun,Pojęcie „śniadanie” często pojawia się w codziennym życiu w Polsce.,Понятие «завтрак» часто встречается в повседневной жизни в Польше.,"Warto dobrze rozumieć słowo „śniadanie”, bo jest praktyczne.","Стоит хорошо понимать слово «завтрак», потому что оно практичное."
422,422,obiad,обед,noun,Pojęcie „obiad” często pojawia się w codziennym życiu w Polsce.,Понятие «обед» часто встречается в повседневной жизни в Польше.,"Warto dobrze rozumieć słowo „obiad”, bo jest praktyczne.","Стоит хорошо понимать слово «обед», потому что оно практичное."
423,423,kolacja,ужин,noun,Pojęcie „kolacja” często pojawia się w codziennym życiu w Polsce.,Понятие «ужин» часто встречается в повседневной жизни в Польше.,"Warto dobrze rozumieć słowo „kolacja”, bo jest praktyczne.","Стоит хорошо понимать слово «ужин», потому что оно практичное."
424,424,instrukcja,инструкция,noun,Pojęcie „przepis” często pojawia się w codziennym życiu w Polsce.,Понятие «рецепт» часто встречается в повседневной жизни в Польше.,"Warto dobrze rozumieć słowo „przepis”, bo jest praktyczne.","Стоит хорошо понимать слово «рецепт», потому что оно практичное."
425,425,składnik,ингредиент,noun,Pojęcie „składnik” często pojawia się w codziennym życiu w Polsce.,Понятие «ингредиент» часто встречается в повседневной жизни в Польше.,"Warto dobrze rozumieć słowo „składnik”, bo jest praktyczne.","Стоит хорошо понимать слово «ингредиент», потому что оно практичное."
426,426,smak,вкус,noun,Pojęcie „smak” często pojawia się w codziennym życiu w Polsce.,Понятие «вкус» часто встречается в повседневной жизни в Польше.,"Warto dobrze rozumieć słowo „smak”, bo jest praktyczne.","Стоит хорошо понимать слово «вкус», потому что оно практичное."
427,427,świeży,свежий,adjective,Słowo „świeży” często pomaga dokładniej opisać sytuację.,Слово «свежий» часто помогает точнее описать ситуацию.,"To przydatne słowo w pracy, rozmowach i oficjalnych tekstach.","Это полезное слово в работе, разговорах и официальных текстах."
428,428,mrożony,замороженный,adjective,Słowo „mrożony” często pomaga dokładniej opisać sytuację.,Слово «замороженный» часто помогает точнее описать ситуацию.,"To przydatne słowo w pracy, rozmowach i oficjalnych tekstach.","Это полезное слово в работе, разговорах и официальных текстах."
429,429,zdrowy,здоровый,adjective,Słowo „zdrowy” często pomaga dokładniej opisać sytuację.,Слово «здоровый» часто помогает точнее описать ситуацию.,"To przydatne słowo w pracy, rozmowach i oficjalnych tekstach.","Это полезное слово в работе, разговорах и официальных текстах."
430,430,niezdrowy,вредный для здоровья,adjective,Słowo „niezdrowy” często pomaga dokładniej opisać sytuację.,Слово «вредный для здоровья» часто помогает точнее описать ситуацию.,"To przydatne słowo w pracy, rozmowach i oficjalnych tekstach.","Это полезное слово в работе, разговорах и официальных текстах."
431,431,warzywo,овощ,noun,Pojęcie „warzywo” często pojawia się w codziennym życiu w Polsce.,Понятие «овощ» часто встречается в повседневной жизни в Польше.,"Warto dobrze rozumieć słowo „warzywo”, bo jest praktyczne.","Стоит хорошо понимать слово «овощ», потому что оно практичное."
432,432,owoc,фрукт,noun,Pojęcie „owoc” często pojawia się w codziennym życiu w Polsce.,Понятие «фрукт» часто встречается в повседневной жизни в Польше.,"Warto dobrze rozumieć słowo „owoc”, bo jest praktyczne.","Стоит хорошо понимать слово «фрукт», потому что оно практичное."
433,433,mięso,мясо,noun,Pojęcie „mięso” często pojawia się w codziennym życiu w Polsce.,Понятие «мясо» часто встречается в повседневной жизни в Польше.,"Warto dobrze rozumieć słowo „mięso”, bo jest praktyczne.","Стоит хорошо понимать слово «мясо», потому что оно практичное."
434,434,nabiał,молочные продукты,noun,Pojęcie „nabiał” często pojawia się w codziennym życiu w Polsce.,Понятие «молочные продукты» часто встречается в повседневной жизни в Польше.,"Warto dobrze rozumieć słowo „nabiał”, bo jest praktyczne.","Стоит хорошо понимать слово «молочные продукты», потому что оно практичное."
435,435,pieczywo,хлебобулочные изделия,noun,Pojęcie „pieczywo” często pojawia się w codziennym życiu w Polsce.,Понятие «хлебобулочные изделия» часто встречается в повседневной жизни в Польше.,"Warto dobrze rozumieć słowo „pieczywo”, bo jest praktyczne.","Стоит хорошо понимать слово «хлебобулочные изделия», потому что оно практичное."
436,436,napój,напиток,noun,Pojęcie „napój” często pojawia się w codziennym życiu w Polsce.,Понятие «напиток» часто встречается в повседневной жизни в Польше.,"Warto dobrze rozumieć słowo „napój”, bo jest praktyczne.","Стоит хорошо понимать слово «напиток», потому что оно практичное."
437,437,woda,вода,noun,Pojęcie „woda” często pojawia się w codziennym życiu w Polsce.,Понятие «вода» часто встречается в повседневной жизни в Польше.,"Warto dobrze rozumieć słowo „woda”, bo jest praktyczne.","Стоит хорошо понимать слово «вода», потому что оно практичное."
438,438,kawa,кофе,noun,Pojęcie „kawa” często pojawia się w codziennym życiu w Polsce.,Понятие «кофе» часто встречается в повседневной жизни в Польше.,"Warto dobrze rozumieć słowo „kawa”, bo jest praktyczne.","Стоит хорошо понимать слово «кофе», потому что оно практичное."
439,439,herbata,чай,noun,Pojęcie „herbata” często pojawia się w codziennym życiu w Polsce.,Понятие «чай» часто встречается в повседневной жизни в Польше.,"Warto dobrze rozumieć słowo „herbata”, bo jest praktyczne.","Стоит хорошо понимать слово «чай», потому что оно практичное."
440,440,sok,сок,noun,Pojęcie „sok” często pojawia się w codziennym życiu w Polsce.,Понятие «сок» часто встречается в повседневной жизни в Польше.,"Warto dobrze rozumieć słowo „sok”, bo jest praktyczne.","Стоит хорошо понимать слово «сок», потому что оно практичное."
441,441,cukier,сахар,noun,Do herbaty nie dodaję cukru.,Я не добавляю сахар в чай.,Lekarz zalecił ograniczyć cukier w diecie.,Врач рекомендовал сократить сахар в рационе.
442,442,sól,соль,noun,W tej potrawie jest za dużo soli.,В этом блюде слишком много соли.,Staram się jeść mniej soli.,Я стараюсь есть меньше соли.
443,443,śniadanie na wynos,завтрак навынос,noun,Kupiłem śniadanie na wynos przed pracą.,Я купил завтрак навынос перед работой.,Ta kawiarnia oferuje śniadania na wynos.,Это кафе предлагает завтраки навынос.
444,444,restauracja,ресторан,noun,Wieczorem idziemy do restauracji.,Вечером мы идём в ресторан.,Ta restauracja serwuje dania kuchni włoskiej.,Этот ресторан подаёт блюда итальянской кухни.
445,445,kawiarnia,кафе,noun,Spotkajmy się w kawiarni obok biura.,Давай встретимся в кафе рядом с офисом.,To moja ulubiona kawiarnia w Warszawie.,Это моё любимое кафе в Варшаве.
446,446,kelner,официант,noun,Kelner przyniósł nam menu.,Официант принёс нам меню.,Poprosiliśmy kelnera o rachunek.,Мы попросили официанта принести счёт.
447,447,menu,меню,noun,Sprawdziłem menu przed wizytą w restauracji.,Я посмотрел меню перед посещением ресторана.,W menu pojawiły się nowe dania.,В меню появились новые блюда.
448,448,zamawiać,заказывать,verb,Często zamawiam jedzenie przez internet.,Я часто заказываю еду через интернет.,Chcemy zamówić stolik na wieczór.,Мы хотим забронировать столик на вечер.
449,449,paragon,кассовый чек,noun,Poproszę rachunek.,"Пожалуйста, счёт.",Rachunek okazał się niższy niż oczekiwaliśmy.,"Счёт оказался ниже, чем мы ожидали."
450,450,napiwek,чаевые,noun,Zostawiłem kelnerowi napiwek.,Я оставил официанту чаевые.,W Polsce napiwek nie jest obowiązkowy.,В Польше чаевые не обязательны.
451,451,sprzątać,убирать,verb,Muszę dziś posprzątać mieszkanie.,Мне нужно сегодня убрать квартиру.,Sprzątamy dom przed przyjazdem gości.,Мы убираем дом перед приездом гостей.
452,452,czyścić,чистить,verb,Regularnie czyszczę ekspres do kawy.,Я регулярно чищу кофемашину.,Trzeba wyczyścić okna po zimie.,Нужно помыть окна после зимы.
453,453,naprawiać,ремонтировать,verb,Mechanik naprawia samochód.,Механик ремонтирует автомобиль.,Nie opłaca się już naprawiać tego sprzętu.,Этот прибор уже невыгодно ремонтировать.
454,454,prać,стирать,verb,Muszę wyprać ubrania.,Мне нужно постирать одежду.,Pralka właśnie pierze pościel.,Стиральная машина сейчас стирает постельное бельё.
455,455,prasować,гладить,verb,Nie lubię prasować koszul.,Я не люблю гладить рубашки.,Przed spotkaniem wyprasowałem marynarkę.,Перед встречей я погладил пиджак.
456,456,odkurzać,пылесосить,verb,Odkurzam mieszkanie dwa razy w tygodniu.,Я пылесошу квартиру два раза в неделю.,Robot pomaga nam odkurzać podłogi.,Робот помогает нам пылесосить полы.
457,457,przeprowadzać się,переезжать,verb,Planujemy przeprowadzić się do większego mieszkania.,Мы планируем переехать в квартиру побольше.,Przeprowadzka do nowego miasta była dużą zmianą.,Переезд в новый город был большим изменением.
458,458,wynajmować,арендовать,verb,Obecnie wynajmujemy mieszkanie w Warszawie.,Сейчас мы арендуем квартиру в Варшаве.,Wiele osób wynajmuje mieszkania studentom.,Многие сдают квартиры студентам.
459,459,kupować,покупать,verb,Kupuję większość rzeczy przez internet.,Я покупаю большинство вещей через интернет.,Nie warto kupować rzeczy pod wpływem emocji.,Не стоит покупать вещи под влиянием эмоций.
460,460,sprzedawać,продавать,verb,Firma sprzedaje swoje produkty w całej Europie.,Компания продаёт свои товары по всей Европе.,Chcemy sprzedać stary samochód.,Мы хотим продать старый автомобиль.
461,461,mieszkaniec,житель,noun,Pojęcie „mieszkaniec” często pojawia się w codziennym życiu w Polsce.,Понятие «житель» часто встречается в повседневной жизни в Польше.,"Warto dobrze rozumieć słowo „mieszkaniec”, bo jest praktyczne.","Стоит хорошо понимать слово «житель», потому что оно практичное."
462,462,budynek,здание,noun,Pojęcie „budynek” często pojawia się w codziennym życiu w Polsce.,Понятие «здание» часто встречается в повседневной жизни в Польше.,"Warto dobrze rozumieć słowo „budynek”, bo jest praktyczne.","Стоит хорошо понимать слово «здание», потому что оно практичное."
463,463,piętro,этаж,noun,Pojęcie „piętro” często pojawia się w codziennym życiu w Polsce.,Понятие «этаж» часто встречается в повседневной жизни в Польше.,"Warto dobrze rozumieć słowo „piętro”, bo jest praktyczne.","Стоит хорошо понимать слово «этаж», потому что оно практичное."
464,464,winda,лифт,noun,Pojęcie „winda” często pojawia się w codziennym życiu w Polsce.,Понятие «лифт» часто встречается в повседневной жизни в Польше.,"Warto dobrze rozumieć słowo „winda”, bo jest praktyczne.","Стоит хорошо понимать слово «лифт», потому что оно практичное."
465,465,schody,лестница,noun,Pojęcie „schody” często pojawia się w codziennym życiu w Polsce.,Понятие «лестница» часто встречается в повседневной жизни в Польше.,"Warto dobrze rozumieć słowo „schody”, bo jest praktyczne.","Стоит хорошо понимать слово «лестница», потому что оно практичное."
466,466,drzwi,дверь,noun,Pojęcie „drzwi” często pojawia się w codziennym życiu w Polsce.,Понятие «дверь» часто встречается в повседневной жизни в Польше.,"Warto dobrze rozumieć słowo „drzwi”, bo jest praktyczne.","Стоит хорошо понимать слово «дверь», потому что оно практичное."
467,467,okno,окно,noun,Pojęcie „okno” często pojawia się w codziennym życiu w Polsce.,Понятие «окно» часто встречается в повседневной жизни в Польше.,"Warto dobrze rozumieć słowo „okno”, bo jest praktyczne.","Стоит хорошо понимать слово «окно», потому что оно практичное."
468,468,balkon,балкон,noun,Pojęcie „balkon” często pojawia się w codziennym życiu w Polsce.,Понятие «балкон» часто встречается в повседневной жизни в Польше.,"Warto dobrze rozumieć słowo „balkon”, bo jest praktyczne.","Стоит хорошо понимать слово «балкон», потому что оно практичное."
469,469,ogrzewanie,отопление,noun,Pojęcie „ogrzewanie” często pojawia się w codziennym życiu w Polsce.,Понятие «отопление» часто встречается в повседневной жизни в Польше.,"Warto dobrze rozumieć słowo „ogrzewanie”, bo jest praktyczne.","Стоит хорошо понимать слово «отопление», потому что оно практичное."
470,470,prąd,электричество,noun,Pojęcie „prąd” często pojawia się w codziennym życiu w Polsce.,Понятие «электричество» часто встречается в повседневной жизни в Польше.,"Warto dobrze rozumieć słowo „prąd”, bo jest praktyczne.","Стоит хорошо понимать слово «электричество», потому что оно практичное."
471,471,internet,интернет,noun,Pojęcie „internet” często pojawia się w codziennym życiu w Polsce.,Понятие «интернет» часто встречается в повседневной жизни в Польше.,"Warto dobrze rozumieć słowo „internet”, bo jest praktyczne.","Стоит хорошо понимать слово «интернет», потому что оно практичное."
472,472,sieć,сеть,noun,Pojęcie „sieć” często pojawia się w codziennym życiu w Polsce.,Понятие «сеть» часто встречается в повседневной жизни в Польше.,"Warto dobrze rozumieć słowo „sieć”, bo jest praktyczne.","Стоит хорошо понимать слово «сеть», потому что оно практичное."
473,473,hasło,пароль,noun,Pojęcie „hasło” często pojawia się w codziennym życiu w Polsce.,Понятие «пароль» часто встречается в повседневной жизни в Польше.,"Warto dobrze rozumieć słowo „hasło”, bo jest praktyczne.","Стоит хорошо понимать слово «пароль», потому что оно практичное."
474,474,użytkownik,пользователь,noun,Pojęcie „użytkownik” często pojawia się w codziennym życiu w Polsce.,Понятие «пользователь» часто встречается в повседневной жизни в Польше.,"Warto dobrze rozumieć słowo „użytkownik”, bo jest praktyczne.","Стоит хорошо понимать слово «пользователь», потому что оно практичное."
475,475,konto,"аккаунт, счёт",noun,Pojęcie „konto” często pojawia się w codziennym życiu w Polsce.,Понятие «аккаунт» часто встречается в повседневной жизни в Польше.,"Warto dobrze rozumieć słowo „konto”, bo jest praktyczne.","Стоит хорошо понимать слово «аккаунт», потому что оно практичное."
476,476,logować się,входить в систему,verb,Warto umieć poprawnie używać wyrażenia „logować się” w rozmowie.,Стоит уметь правильно использовать выражение «входить в систему» в разговоре.,"To wyrażenie często pojawia się w pracy, dokumentach i codziennych sytuacjach.","Это выражение часто встречается на работе, в документах и повседневных ситуациях."
477,477,pobierać,скачивать,verb,Warto umieć poprawnie używać wyrażenia „pobierać” w rozmowie.,Стоит уметь правильно использовать выражение «скачивать» в разговоре.,"To wyrażenie często pojawia się w pracy, dokumentach i codziennych sytuacjach.","Это выражение часто встречается на работе, в документах и повседневных ситуациях."
478,478,aktualizacja,обновление,noun,Pojęcie „aktualizacja” często pojawia się w codziennym życiu w Polsce.,Понятие «обновление» часто встречается в повседневной жизни в Польше.,"Warto dobrze rozumieć słowo „aktualizacja”, bo jest praktyczne.","Стоит хорошо понимать слово «обновление», потому что оно практичное."
479,479,urządzenie,устройство,noun,Pojęcie „urządzenie” często pojawia się w codziennym życiu w Polsce.,Понятие «устройство» часто встречается в повседневной жизни в Польше.,"Warto dobrze rozumieć słowo „urządzenie”, bo jest praktyczne.","Стоит хорошо понимать слово «устройство», потому что оно практичное."
480,480,awaria techniczna,техническая неисправность,noun,Pojęcie „awaria techniczna” często pojawia się w codziennym życiu w Polsce.,Понятие «техническая неисправность» часто встречается в повседневной жизни в Польше.,"Warto dobrze rozumieć słowo „awaria techniczna”, bo jest praktyczne.","Стоит хорошо понимать слово «техническая неисправность», потому что оно практичное."
481,481,telefon komórkowy,мобильный телефон,noun,Pojęcie „telefon komórkowy” często pojawia się w codziennym życiu w Polsce.,Понятие «мобильный телефон» часто встречается в повседневной жизни в Польше.,"Warto dobrze rozumieć słowo „telefon komórkowy”, bo jest praktyczne.","Стоит хорошо понимать слово «мобильный телефон», потому что оно практичное."
482,482,ładowarka,зарядное устройство,noun,Pojęcie „ładowarka” często pojawia się w codziennym życiu w Polsce.,Понятие «зарядное устройство» часто встречается в повседневной жизни в Польше.,"Warto dobrze rozumieć słowo „ładowarka”, bo jest praktyczne.","Стоит хорошо понимать слово «зарядное устройство», потому что оно практичное."
483,483,bateria,батарея,noun,Pojęcie „bateria” często pojawia się w codziennym życiu w Polsce.,Понятие «батарея» часто встречается в повседневной жизни в Польше.,"Warto dobrze rozumieć słowo „bateria”, bo jest praktyczne.","Стоит хорошо понимать слово «батарея», потому что оно практичное."
484,484,wiadomość,сообщение,noun,Pojęcie „wiadomość” często pojawia się w codziennym życiu w Polsce.,Понятие «сообщение» часто встречается в повседневной жизни в Польше.,"Warto dobrze rozumieć słowo „wiadomość”, bo jest praktyczne.","Стоит хорошо понимать слово «сообщение», потому что оно практичное."
485,485,połączenie telefoniczne,телефонный звонок,noun,Pojęcie „połączenie telefoniczne” często pojawia się w codziennym życiu w Polsce.,Понятие «телефонный звонок» часто встречается в повседневной жизни в Польше.,"Warto dobrze rozumieć słowo „połączenie telefoniczne”, bo jest praktyczne.","Стоит хорошо понимать слово «телефонный звонок», потому что оно практичное."
486,486,usługa,услуга,noun,Pojęcie „usługa” często pojawia się w codziennym życiu w Polsce.,Понятие «услуга» часто встречается в повседневной жизни в Польше.,"Warto dobrze rozumieć słowo „usługa”, bo jest praktyczne.","Стоит хорошо понимать слово «услуга», потому что оно практичное."
487,487,serwis,сервис,noun,Pojęcie „serwis” często pojawia się w codziennym życiu w Polsce.,Понятие «сервис» часто встречается в повседневной жизни в Польше.,"Warto dobrze rozumieć słowo „serwis”, bo jest praktyczne.","Стоит хорошо понимать слово «сервис», потому что оно практичное."
488,488,zgłoszenie awarii,сообщение о неисправности,noun,Pojęcie „zgłoszenie awarii” często pojawia się w codziennym życiu w Polsce.,Понятие «сообщение о неисправности» часто встречается в повседневной жизни в Польше.,"Warto dobrze rozumieć słowo „zgłoszenie awarii”, bo jest praktyczne.","Стоит хорошо понимать слово «сообщение о неисправности», потому что оно практичное."
489,489,naprawa gwarancyjna,гарантийный ремонт,noun,Pojęcie „naprawa gwarancyjna” często pojawia się w codziennym życiu w Polsce.,Понятие «гарантийный ремонт» часто встречается в повседневной жизни в Польше.,"Warto dobrze rozumieć słowo „naprawa gwarancyjna”, bo jest praktyczne.","Стоит хорошо понимать слово «гарантийный ремонт», потому что оно практичное."
490,490,rachunek za media,счёт за коммунальные услуги,noun,Pojęcie „rachunek za media” często pojawia się w codziennym życiu w Polsce.,Понятие «счёт за коммунальные услуги» часто встречается в повседневной жизни в Польше.,"Warto dobrze rozumieć słowo „rachunek za media”, bo jest praktyczne.","Стоит хорошо понимать слово «счёт за коммунальные услуги», потому что оно практичное."
491,491,dostawca,поставщик,noun,Pojęcie „dostawca” często pojawia się w codziennym życiu w Polsce.,Понятие «поставщик» часто встречается в повседневной жизни в Польше.,"Warto dobrze rozumieć słowo „dostawca”, bo jest praktyczne.","Стоит хорошо понимать слово «поставщик», потому что оно практичное."
492,492,porozumienie stron,соглашение сторон,noun,Pojęcie „umowa” często pojawia się w codziennym życiu w Polsce.,Понятие «договор» часто встречается в повседневной жизни в Польше.,"Warto dobrze rozumieć słowo „umowa”, bo jest praktyczne.","Стоит хорошо понимать слово «договор», потому что оно практичное."
493,493,wypowiedzenie,расторжение договора,noun,Pojęcie „wypowiedzenie” często pojawia się w codziennym życiu w Polsce.,Понятие «расторжение договора» часто встречается в повседневной жизни в Польше.,"Warto dobrze rozumieć słowo „wypowiedzenie”, bo jest praktyczne.","Стоит хорошо понимать слово «расторжение договора», потому что оно практичное."
494,494,abonament,абонемент,noun,Pojęcie „abonament” często pojawia się w codziennym życiu w Polsce.,Понятие «абонемент» часто встречается в повседневной жизни в Польше.,"Warto dobrze rozumieć słowo „abonament”, bo jest praktyczne.","Стоит хорошо понимать слово «абонемент», потому что оно практичное."
495,495,komunikować się,общаться,verb,Warto umieć poprawnie używać wyrażenia „kontaktować się” w rozmowie.,Стоит уметь правильно использовать выражение «связываться» в разговоре.,"To wyrażenie często pojawia się w pracy, dokumentach i codziennych sytuacjach.","Это выражение часто встречается на работе, в документах и повседневных ситуациях."
496,496,odpowiadać,отвечать,verb,Warto umieć poprawnie używać wyrażenia „odpowiadać” w rozmowie.,Стоит уметь правильно использовать выражение «отвечать» в разговоре.,"To wyrażenie często pojawia się w pracy, dokumentach i codziennych sytuacjach.","Это выражение часто встречается на работе, в документах и повседневных ситуациях."
497,497,rozwiązać problem,решить проблему,verb,Warto umieć poprawnie używać wyrażenia „rozwiązać problem” w rozmowie.,Стоит уметь правильно использовать выражение «решить проблему» в разговоре.,"To wyrażenie często pojawia się w pracy, dokumentach i codziennych sytuacjach.","Это выражение часто встречается на работе, в документах и повседневных ситуациях."
498,498,działać,"работать, функционировать",verb,Warto umieć poprawnie używać wyrażenia „działać” w rozmowie.,Стоит уметь правильно использовать выражение «работать» в разговоре.,"To wyrażenie często pojawia się w pracy, dokumentach i codziennych sytuacjach.","Это выражение часто встречается на работе, в документах и повседневных ситуациях."
499,499,przestać działać,перестать работать,verb,Warto umieć poprawnie używać wyrażenia „przestać działać” w rozmowie.,Стоит уметь правильно использовать выражение «перестать работать» в разговоре.,"To wyrażenie często pojawia się w pracy, dokumentach i codziennych sytuacjach.","Это выражение часто встречается на работе, в документах и повседневных ситуациях."
500,500,alternatywa,альтернатива,noun,Pojęcie „rozwiązanie” często pojawia się w codziennym życiu w Polsce.,Понятие «решение» часто встречается в повседневной жизни в Польше.,"Warto dobrze rozumieć słowo „rozwiązanie”, bo jest praktyczne.","Стоит хорошо понимать слово «решение», потому что оно практичное."
501,501,zespół,команда,noun,Nasz zespół pracuje nad nowym projektem.,Наша команда работает над новым проектом.,W zespole ważna jest dobra komunikacja.,В команде важна хорошая коммуникация.
502,502,partnerstwo,партнерство,noun,Dobra współpraca zwiększa efektywność pracy.,Хорошее сотрудничество повышает эффективность работы.,Liczymy na dalszą współpracę.,Мы рассчитываем на дальнейшее сотрудничество.
503,503,partner,партнёр,noun,Firma znalazła nowego partnera biznesowego.,Компания нашла нового бизнес-партнёра.,Nasi partnerzy działają w wielu krajach.,Наши партнёры работают во многих странах.
504,504,projekt,проект,noun,Projekt zostanie zakończony w przyszłym miesiącu.,Проект будет завершён в следующем месяце.,Pracuję obecnie nad kilkoma projektami.,Сейчас я работаю над несколькими проектами.
505,505,zadanie,задача,noun,Muszę dziś wykonać kilka ważnych zadań.,Мне нужно сегодня выполнить несколько важных задач.,Każde zadanie ma określony termin.,У каждой задачи есть установленный срок.
506,506,priorytet,приоритет,noun,Naszym celem jest poprawa jakości usług.,Наша цель — улучшение качества услуг.,Wyznaczyłem sobie ambitny cel.,Я поставил себе амбициозную цель.
507,507,rachunkowość,бухгалтерский учет,noun,Bezpieczeństwo klientów jest naszym priorytetem.,Безопасность клиентов является нашим приоритетом.,Musimy ustalić priorytety na ten tydzień.,Нам нужно определить приоритеты на эту неделю.
508,508,spotkanie online,онлайн-встреча,noun,Mam dziś trzy spotkania online.,Сегодня у меня три онлайн-встречи.,Spotkanie online rozpocznie się za pięć minut.,Онлайн-встреча начнётся через пять минут.
509,509,uczestnictwo,участие,noun,W spotkaniu uczestniczyło dwadzieścia osób.,Во встрече участвовало двадцать человек.,Każdy uczestnik otrzymał materiały szkoleniowe.,Каждый участник получил учебные материалы.
510,510,prezentacja,презентация,noun,Przygotowuję prezentację dla zarządu.,Я готовлю презентацию для руководства.,Prezentacja trwała około pół godziny.,Презентация длилась около получаса.
511,511,raport,отчёт,noun,Raport został wysłany do klienta.,Отчёт был отправлен клиенту.,Przygotowanie raportu zajęło cały dzień.,Подготовка отчёта заняла весь день.
512,512,kandydatura,кандидатура,noun,Analiza danych wykazała kilka problemów.,Анализ данных выявил несколько проблем.,Potrzebujemy dokładniejszej analizy sytuacji.,Нам нужен более детальный анализ ситуации.
513,513,dane,данные,noun,Dane zostały zapisane w systemie.,Данные были сохранены в системе.,Musimy chronić dane klientów.,Мы должны защищать данные клиентов.
514,514,informacja,информация,noun,Dziękuję za przekazaną informację.,Спасибо за предоставленную информацию.,Ta informacja okazała się bardzo pomocna.,Эта информация оказалась очень полезной.
515,515,źródło,источник,noun,To wiarygodne źródło informacji.,Это надёжный источник информации.,Podaj źródło tych danych.,Укажи источник этих данных.
516,516,statystyka,статистика,noun,Wyniki sprzedaży były lepsze od oczekiwań.,Результаты продаж были лучше ожиданий.,Czekamy na wyniki analizy.,Мы ждём результаты анализа.
517,517,produktywność,продуктивность,noun,Wydajność systemu znacznie wzrosła.,Производительность системы значительно выросла.,Monitorujemy wydajność aplikacji.,Мы отслеживаем производительность приложения.
518,518,rozwiązanie problemu,решение проблемы,noun,Znaleźliśmy rozwiązanie problemu.,Мы нашли решение проблемы.,Wdrożenie rozwiązania zajęło kilka dni.,Внедрение решения заняло несколько дней.
519,519,błąd,ошибка,noun,W systemie pojawił się błąd.,В системе появилась ошибка.,Naprawiliśmy krytyczny błąd aplikacji.,Мы исправили критическую ошибку приложения.
520,520,poprawka,исправление,noun,Nowa poprawka została już wdrożona.,Новое исправление уже внедрено.,Poprawka rozwiązała problem użytkowników.,Исправление решило проблему пользователей.
521,521,test,тест,noun,Test zakończył się sukcesem.,Тест завершился успешно.,Przeprowadzamy test nowej funkcji.,Мы проводим тест новой функции.
522,522,sprawdzać,проверять,verb,Muszę sprawdzić wszystkie dane.,Мне нужно проверить все данные.,Sprawdzamy poprawność raportu.,Мы проверяем корректность отчёта.
523,523,potwierdzić,подтвердить,verb,Proszę potwierdzić otrzymanie wiadomości.,"Пожалуйста, подтвердите получение сообщения.",Klient potwierdził zamówienie.,Клиент подтвердил заказ.
524,524,przesłać,"отправить, переслать",verb,Przesłałem dokumenty e-mailem.,Я отправил документы по электронной почте.,Czy możesz przesłać mi raport?,Можешь переслать мне отчёт?
525,525,załączyć,приложить,verb,Załączyłem wszystkie potrzebne pliki.,Я приложил все необходимые файлы.,Proszę załączyć kopię dokumentu.,"Пожалуйста, приложите копию документа."
526,526,plik,файл,noun,Nie mogę otworzyć tego pliku.,Я не могу открыть этот файл.,Plik został zapisany na dysku.,Файл был сохранён на диске.
527,527,folder,папка,noun,Umieść dokument w odpowiednim folderze.,Помести документ в соответствующую папку.,Folder zawiera wszystkie potrzebne materiały.,Папка содержит все необходимые материалы.
528,528,wersja,версия,noun,To najnowsza wersja aplikacji.,Это последняя версия приложения.,Pracujemy nad nową wersją produktu.,Мы работаем над новой версией продукта.
529,529,funkcja,функция,noun,Ta funkcja ułatwia pracę użytkownikom.,Эта функция облегчает работу пользователей.,Nowa funkcja będzie dostępna wkrótce.,Новая функция будет доступна скоро.
530,530,narzędzie,инструмент,noun,To narzędzie oszczędza dużo czasu.,Этот инструмент экономит много времени.,Korzystamy z różnych narzędzi do analizy danych.,Мы используем разные инструменты для анализа данных.
531,531,komunikacja,коммуникация,noun,Dobra komunikacja jest kluczem do sukcesu.,Хорошая коммуникация — ключ к успеху.,Musimy poprawić komunikację w zespole.,Нам нужно улучшить коммуникацию в команде.
532,532,negocjacje,переговоры,noun,Po prezentacji rozpoczęła się dyskusja.,После презентации началось обсуждение.,Dyskusja była bardzo konstruktywna.,Обсуждение было очень конструктивным.
533,533,sugestia,предложение,noun,Dziękuję za tę sugestię.,Спасибо за это предложение.,Mam kilka sugestii dotyczących projektu.,У меня есть несколько предложений по проекту.
534,534,inicjatywa,инициатива,noun,Twoja propozycja brzmi interesująco.,Твоё предложение звучит интересно.,Omówimy tę propozycję na spotkaniu.,Мы обсудим это предложение на встрече.
535,535,uzgodnienie,согласование,noun,Czekamy na ostateczne uzgodnienia.,Мы ждём окончательного согласования.,Proces uzgodnień trwał kilka dni.,Процесс согласования занял несколько дней.
536,536,delegować,делегировать,verb,Kierownik delegował część obowiązków zespołowi.,Руководитель делегировал часть обязанностей команде.,Nie wszystko trzeba delegować innym.,Не всё нужно делегировать другим.
537,537,koordynować,координировать,verb,Koordynuję pracę kilku zespołów.,Я координирую работу нескольких команд.,Projekt wymaga dobrej koordynacji działań.,Проект требует хорошей координации действий.
538,538,monitorować,отслеживать,verb,Monitorujemy postęp projektu.,Мы отслеживаем прогресс проекта.,Firma monitoruje jakość usług.,Компания отслеживает качество услуг.
539,539,zarządzać,управлять,verb,Zarządza dużym zespołem programistów.,Он управляет большой командой разработчиков.,Trudno zarządzać kilkoma projektami jednocześnie.,Трудно управлять несколькими проектами одновременно.
540,540,samodzielność,самостоятельность,noun,To duża odpowiedzialność.,Это большая ответственность.,Każdy pracownik ponosi odpowiedzialność za swoje działania.,Каждый сотрудник несёт ответственность за свои действия.
541,541,kierownik,руководитель,noun,Pojęcie „kierownik” często pojawia się w codziennym życiu w Polsce.,Понятие «руководитель» часто встречается в повседневной жизни в Польше.,"Warto dobrze rozumieć słowo „kierownik”, bo jest praktyczne.","Стоит хорошо понимать слово «руководитель», потому что оно практичное."
542,542,bezrobocie,безработица,noun,Pojęcie „pracownik” często pojawia się w codziennym życiu w Polsce.,Понятие «сотрудник» часто встречается в повседневной жизни в Польше.,"Warto dobrze rozumieć słowo „pracownik”, bo jest praktyczne.","Стоит хорошо понимать слово «сотрудник», потому что оно практичное."
543,543,etatowy,штатный,noun,Pojęcie „zatrudnienie” często pojawia się w codziennym życiu w Polsce.,Понятие «трудоустройство» часто встречается в повседневной жизни в Польше.,"Warto dobrze rozumieć słowo „zatrudnienie”, bo jest praktyczne.","Стоит хорошо понимать слово «трудоустройство», потому что оно практичное."
544,544,rekruter,рекрутер,noun,Pojęcie „rekrutacja” często pojawia się w codziennym życiu w Polsce.,Понятие «найм» часто встречается в повседневной жизни в Польше.,"Warto dobrze rozumieć słowo „rekrutacja”, bo jest praktyczne.","Стоит хорошо понимать слово «найм», потому что оно практичное."
545,545,oferta pracy,вакансия,noun,Pojęcie „stanowisko” często pojawia się w codziennym życiu w Polsce.,Понятие «должность» часто встречается в повседневной жизни в Польше.,"Warto dobrze rozumieć słowo „stanowisko”, bo jest praktyczne.","Стоит хорошо понимать слово «должность», потому что оно практичное."
546,546,pensja,зарплата,noun,Pojęcie „wynagrodzenie” często pojawia się w codziennym życiu w Polsce.,Понятие «зарплата» часто встречается в повседневной жизни в Польше.,"Warto dobrze rozumieć słowo „wynagrodzenie”, bo jest praktyczne.","Стоит хорошо понимать слово «зарплата», потому что оно практичное."
547,547,podwyżka,повышение зарплаты,noun,Pojęcie „podwyżka” często pojawia się w codziennym życiu w Polsce.,Понятие «повышение зарплаты» часто встречается в повседневной жизни в Польше.,"Warto dobrze rozumieć słowo „podwyżka”, bo jest praktyczne.","Стоит хорошо понимать слово «повышение зарплаты», потому что оно практичное."
548,548,promocja zawodowa,карьерный рост,noun,Pojęcie „awans” często pojawia się w codziennym życiu w Polsce.,Понятие «повышение» часто встречается в повседневной жизни в Польше.,"Warto dobrze rozumieć słowo „awans”, bo jest praktyczne.","Стоит хорошо понимать слово «повышение», потому что оно практичное."
549,549,kurs,курс,noun,Pojęcie „szkolenie” często pojawia się w codziennym życiu w Polsce.,Понятие «обучение» часто встречается в повседневной жизни в Польше.,"Warto dobrze rozumieć słowo „szkolenie”, bo jest praktyczne.","Стоит хорошо понимать слово «обучение», потому что оно практичное."
550,550,zdolności,способности,noun,Pojęcie „kompetencje” często pojawia się w codziennym życiu w Polsce.,Понятие «компетенции» часто встречается в повседневной жизни в Польше.,"Warto dobrze rozumieć słowo „kompetencje”, bo jest praktyczne.","Стоит хорошо понимать слово «компетенции», потому что оно практичное."
551,551,certyfikat,сертификат,noun,Pojęcie „kwalifikacje” często pojawia się w codziennym życiu w Polsce.,Понятие «квалификация» часто встречается в повседневной жизни в Польше.,"Warto dobrze rozumieć słowo „kwalifikacje”, bo jest praktyczne.","Стоит хорошо понимать слово «квалификация», потому что оно практичное."
552,552,doświadczenie zawodowe,опыт работы,noun,Pojęcie „doświadczenie zawodowe” często pojawia się w codziennym życiu w Polsce.,Понятие «опыт работы» часто встречается в повседневной жизни в Польше.,"Warto dobrze rozumieć słowo „doświadczenie zawodowe”, bo jest praktyczne.","Стоит хорошо понимать слово «опыт работы», потому что оно практичное."
553,553,obowiązki,обязанности,noun,Pojęcie „obowiązki” często pojawia się w codziennym życiu w Polsce.,Понятие «обязанности» часто встречается в повседневной жизни в Польше.,"Warto dobrze rozumieć słowo „obowiązki”, bo jest praktyczne.","Стоит хорошо понимать слово «обязанности», потому что оно практичное."
554,554,dyżur,дежурство,noun,Pojęcie „zastępstwo” często pojawia się w codziennym życiu w Polsce.,Понятие «замещение» часто встречается в повседневной жизни в Польше.,"Warto dobrze rozumieć słowo „zastępstwo”, bo jest praktyczne.","Стоит хорошо понимать слово «замещение», потому что оно практичное."
555,555,zwolnienie lekarskie,больничный,noun,Pojęcie „zwolnienie lekarskie” często pojawia się w codziennym życiu w Polsce.,Понятие «больничный» часто встречается в повседневной жизни в Польше.,"Warto dobrze rozumieć słowo „zwolnienie lekarskie”, bo jest praktyczne.","Стоит хорошо понимать слово «больничный», потому что оно практичное."
556,556,wolne,выходной,noun,Pojęcie „urlop” często pojawia się w codziennym życiu w Polsce.,Понятие «отпуск» часто встречается в повседневной жизни в Польше.,"Warto dobrze rozumieć słowo „urlop”, bo jest praktyczne.","Стоит хорошо понимать слово «отпуск», потому что оно практичное."
557,557,godziny pracy,рабочие часы,noun,Pojęcie „godziny pracy” często pojawia się w codziennym życiu w Polsce.,Понятие «рабочие часы» часто встречается в повседневной жизни в Польше.,"Warto dobrze rozumieć słowo „godziny pracy”, bo jest praktyczne.","Стоит хорошо понимать слово «рабочие часы», потому что оно практичное."
558,558,nadgodziny,сверхурочные,noun,Pojęcie „nadgodziny” często pojawia się w codziennym życiu w Polsce.,Понятие «сверхурочные» часто встречается в повседневной жизни в Польше.,"Warto dobrze rozumieć słowo „nadgodziny”, bo jest praktyczne.","Стоит хорошо понимать слово «сверхурочные», потому что оно практичное."
559,559,pracować zdalnie,работать удалённо,verb,Warto umieć poprawnie używać wyrażenia „pracować zdalnie” w rozmowie.,Стоит уметь правильно использовать выражение «работать удалённо» в разговоре.,"To wyrażenie często pojawia się w pracy, dokumentach i codziennych sytuacjach.","Это выражение часто встречается на работе, в документах и повседневных ситуациях."
560,560,biuro,офис,noun,Pojęcie „biuro” często pojawia się w codziennym życiu w Polsce.,Понятие «офис» часто встречается в повседневной жизни в Польше.,"Warto dobrze rozumieć słowo „biuro”, bo jest praktyczne.","Стоит хорошо понимать слово «офис», потому что оно практичное."
561,561,firma,фирма,noun,Pojęcie „przedsiębiorstwo” często pojawia się w codziennym życiu w Polsce.,Понятие «предприятие» часто встречается в повседневной жизни в Польше.,"Warto dobrze rozumieć słowo „przedsiębiorstwo”, bo jest praktyczne.","Стоит хорошо понимать слово «предприятие», потому что оно практичное."
562,562,eksport,экспорт,noun,Pojęcie „firma” często pojawia się w codziennym życiu w Polsce.,Понятие «фирма» часто встречается в повседневной жизни в Польше.,"Warto dobrze rozumieć słowo „firma”, bo jest praktyczne.","Стоит хорошо понимать слово «фирма», потому что оно практичное."
563,563,dział,отдел,noun,Pojęcie „dział” często pojawia się w codziennym życiu w Polsce.,Понятие «отдел» часто встречается в повседневной жизни в Польше.,"Warto dobrze rozumieć słowo „dział”, bo jest praktyczne.","Стоит хорошо понимать слово «отдел», потому что оно практичное."
564,564,zarząd,руководство,noun,Pojęcie „zarząd” często pojawia się w codziennym życiu w Polsce.,Понятие «руководство» часто встречается в повседневной жизни в Польше.,"Warto dobrze rozumieć słowo „zarząd”, bo jest praktyczne.","Стоит хорошо понимать слово «руководство», потому что оно практичное."
565,565,finanse,финансы,noun,Pojęcie „budżet” często pojawia się w codziennym życiu w Polsce.,Понятие «бюджет» часто встречается в повседневной жизни в Польше.,"Warto dobrze rozumieć słowo „budżet”, bo jest praktyczne.","Стоит хорошо понимать слово «бюджет», потому что оно практичное."
566,566,import,импорт,noun,Pojęcie „koszt” często pojawia się w codziennym życiu w Polsce.,Понятие «затраты» часто встречается в повседневной жизни в Польше.,"Warto dobrze rozumieć słowo „koszt”, bo jest praktyczne.","Стоит хорошо понимать слово «затраты», потому что оно практичное."
567,567,obrót,оборот,noun,Pojęcie „przychód” często pojawia się w codziennym życiu w Polsce.,Понятие «доход компании» часто встречается в повседневной жизни в Польше.,"Warto dobrze rozumieć słowo „przychód”, bo jest praktyczne.","Стоит хорошо понимать слово «доход компании», потому что оно практичное."
568,568,zysk,прибыль,noun,Pojęcie „zysk” często pojawia się w codziennym życiu w Polsce.,Понятие «прибыль» часто встречается в повседневной жизни в Польше.,"Warto dobrze rozumieć słowo „zysk”, bo jest praktyczne.","Стоит хорошо понимать слово «прибыль», потому что оно практичное."
569,569,strata,убыток,noun,Pojęcie „strata” często pojawia się w codziennym życiu w Polsce.,Понятие «убыток» часто встречается в повседневной жизни в Польше.,"Warto dobrze rozumieć słowo „strata”, bo jest praktyczne.","Стоит хорошо понимать слово «убыток», потому что оно практичное."
570,570,inwestycja,инвестиция,noun,Pojęcie „inwestycja” często pojawia się w codziennym życiu w Polsce.,Понятие «инвестиция» часто встречается в повседневной жизни в Польше.,"Warto dobrze rozumieć słowo „inwestycja”, bo jest praktyczne.","Стоит хорошо понимать слово «инвестиция», потому что оно практичное."
571,571,dochodowość,рентабельность,noun,Pojęcie „konkurencja” często pojawia się w codziennym życiu w Polsce.,Понятие «конкуренция» часто встречается в повседневной жизни в Польше.,"Warto dobrze rozumieć słowo „konkurencja”, bo jest praktyczne.","Стоит хорошо понимать слово «конкуренция», потому что оно практичное."
572,572,rynek,рынок,noun,Pojęcie „rynek” często pojawia się w codziennym życiu w Polsce.,Понятие «рынок» часто встречается в повседневной жизни в Польше.,"Warto dobrze rozumieć słowo „rynek”, bo jest praktyczne.","Стоит хорошо понимать слово «рынок», потому что оно практичное."
573,573,klient biznesowy,бизнес-клиент,noun,Pojęcie „klient biznesowy” często pojawia się w codziennym życiu w Polsce.,Понятие «бизнес-клиент» часто встречается в повседневной жизни в Польше.,"Warto dobrze rozumieć słowo „klient biznesowy”, bo jest praktyczne.","Стоит хорошо понимать слово «бизнес-клиент», потому что оно практичное."
574,574,oferta,предложение,noun,Pojęcie „oferta” często pojawia się w codziennym życiu w Polsce.,Понятие «предложение» часто встречается в повседневной жизни в Польше.,"Warto dobrze rozumieć słowo „oferta”, bo jest praktyczne.","Стоит хорошо понимать слово «предложение», потому что оно практичное."
575,575,umowa współpracy,договор о сотрудничестве,noun,Pojęcie „umowa współpracy” często pojawia się w codziennym życiu w Polsce.,Понятие «договор о сотрудничестве» часто встречается в повседневной жизни в Польше.,"Warto dobrze rozumieć słowo „umowa współpracy”, bo jest praktyczne.","Стоит хорошо понимать слово «договор о сотрудничестве», потому что оно практичное."
576,576,sprzedaż,продажи,noun,Pojęcie „negocjacje” często pojawia się w codziennym życiu w Polsce.,Понятие «переговоры» часто встречается в повседневной жизни в Польше.,"Warto dobrze rozumieć słowo „negocjacje”, bo jest praktyczne.","Стоит хорошо понимать слово «переговоры», потому что оно практичное."
577,577,regulamin,регламент,noun,Pojęcie „warunek” często pojawia się w codziennym życiu w Polsce.,Понятие «условие» часто встречается в повседневной жизни в Польше.,"Warto dobrze rozumieć słowo „warunek”, bo jest praktyczne.","Стоит хорошо понимать слово «условие», потому что оно практичное."
578,578,termin płatności,срок оплаты,noun,Pojęcie „termin płatności” często pojawia się w codziennym życiu w Polsce.,Понятие «срок оплаты» часто встречается в повседневной жизни в Польше.,"Warto dobrze rozumieć słowo „termin płatności”, bo jest praktyczne.","Стоит хорошо понимать слово «срок оплаты», потому что оно практичное."
579,579,rozliczenie podatkowe,налоговая декларация,noun,Pojęcie „faktura” często pojawia się w codziennym życiu w Polsce.,Понятие «счёт-фактура» часто встречается в повседневной жизни в Польше.,"Warto dobrze rozumieć słowo „faktura”, bo jest praktyczne.","Стоит хорошо понимать слово «счёт-фактура», потому что оно практичное."
580,580,operacja bankowa,банковская операция,noun,Pojęcie „płatność” często pojawia się w codziennym życiu w Polsce.,Понятие «платёж» часто встречается в повседневной жизни в Польше.,"Warto dobrze rozumieć słowo „płatność”, bo jest praktyczne.","Стоит хорошо понимать слово «платёж», потому что оно практичное."
581,581,bank,банк,noun,Pojęcie „bank” często pojawia się w codziennym życiu w Polsce.,Понятие «банк» часто встречается в повседневной жизни в Польше.,"Warto dobrze rozumieć słowo „bank”, bo jest praktyczne.","Стоит хорошо понимать слово «банк», потому что оно практичное."
582,582,konto bankowe,банковский счёт,noun,Pojęcie „konto bankowe” często pojawia się w codziennym życiu w Polsce.,Понятие «банковский счёт» часто встречается в повседневной жизни в Польше.,"Warto dobrze rozumieć słowo „konto bankowe”, bo jest praktyczne.","Стоит хорошо понимать слово «банковский счёт», потому что оно практичное."
583,583,koszty,затраты,noun,Pojęcie „przelew” często pojawia się w codziennym życiu w Polsce.,Понятие «банковский перевод» часто встречается в повседневной жизни в Польше.,"Warto dobrze rozumieć słowo „przelew”, bo jest praktyczne.","Стоит хорошо понимать слово «банковский перевод», потому что оно практичное."
584,584,saldo,баланс,noun,Pojęcie „saldo” często pojawia się w codziennym życiu w Polsce.,Понятие «баланс» часто встречается в повседневной жизни в Польше.,"Warto dobrze rozumieć słowo „saldo”, bo jest praktyczne.","Стоит хорошо понимать слово «баланс», потому что оно практичное."
585,585,oszczędności,сбережения,noun,Pojęcie „oszczędności” często pojawia się w codziennym życiu w Polsce.,Понятие «сбережения» часто встречается в повседневной жизни в Польше.,"Warto dobrze rozumieć słowo „oszczędności”, bo jest praktyczne.","Стоит хорошо понимать слово «сбережения», потому что оно практичное."
586,586,zarobek,заработок,noun,Pojęcie „wydatek” często pojawia się w codziennym życiu w Polsce.,Понятие «расход» часто встречается в повседневной жизни в Польше.,"Warto dobrze rozumieć słowo „wydatek”, bo jest praktyczne.","Стоит хорошо понимать слово «расход», потому что оно практичное."
587,587,hipoteczny,ипотечный,noun,Pojęcie „dochód” często pojawia się w codziennym życiu w Polsce.,Понятие «доход» часто встречается в повседневной жизни в Польше.,"Warto dobrze rozumieć słowo „dochód”, bo jest praktyczne.","Стоит хорошо понимать слово «доход», потому что оно практичное."
588,588,budżet domowy,семейный бюджет,noun,Pojęcie „budżet domowy” często pojawia się w codziennym życiu w Polsce.,Понятие «семейный бюджет» часто встречается в повседневной жизни в Польше.,"Warto dobrze rozumieć słowo „budżet domowy”, bo jest praktyczne.","Стоит хорошо понимать слово «семейный бюджет», потому что оно практичное."
589,589,kapitał,капитал,noun,Pojęcie „kredyt” często pojawia się w codziennym życiu w Polsce.,Понятие «кредит» часто встречается в повседневной жизни в Польше.,"Warto dobrze rozumieć słowo „kredyt”, bo jest praktyczne.","Стоит хорошо понимать слово «кредит», потому что оно практичное."
590,590,kredyt hipoteczny,ипотека,noun,Pojęcie „kredyt hipoteczny” często pojawia się w codziennym życiu w Polsce.,Понятие «ипотека» часто встречается в повседневной жизни в Польше.,"Warto dobrze rozumieć słowo „kredyt hipoteczny”, bo jest praktyczne.","Стоит хорошо понимать слово «ипотека», потому что оно практичное."
591,591,marża,маржа,noun,Pojęcie „rata” często pojawia się w codziennym życiu w Polsce.,Понятие «платёж по кредиту» часто встречается в повседневной жизни в Польше.,"Warto dobrze rozumieć słowo „rata”, bo jest praktyczne.","Стоит хорошо понимать слово «платёж по кредиту», потому что оно практичное."
592,592,VAT,НДС,noun,Pojęcie „oprocentowanie” często pojawia się w codziennym życiu w Polsce.,Понятие «процентная ставка» часто встречается в повседневной жизни в Польше.,"Warto dobrze rozumieć słowo „oprocentowanie”, bo jest praktyczne.","Стоит хорошо понимать слово «процентная ставка», потому что оно практичное."
593,593,księgowość,бухгалтерия,noun,Pojęcie „zdolność kredytowa” często pojawia się w codziennym życiu w Polsce.,Понятие «кредитоспособность» часто встречается в повседневной жизни в Польше.,"Warto dobrze rozumieć słowo „zdolność kredytowa”, bo jest praktyczne.","Стоит хорошо понимать слово «кредитоспособность», потому что оно практичное."
594,594,dług,долг,noun,Pojęcie „dług” często pojawia się w codziennym życiu w Polsce.,Понятие «долг» часто встречается в повседневной жизни в Польше.,"Warto dobrze rozumieć słowo „dług”, bo jest praktyczne.","Стоит хорошо понимать слово «долг», потому что оно практичное."
595,595,spłacać,"выплачивать, погашать",verb,Warto umieć poprawnie używać wyrażenia „spłacać” w rozmowie.,Стоит уметь правильно использовать выражение «выплачивать» в разговоре.,"To wyrażenie często pojawia się w pracy, dokumentach i codziennych sytuacjach.","Это выражение часто встречается на работе, в документах и повседневных ситуациях."
596,596,zakład,предприятие,noun,Pojęcie „podatek” często pojawia się w codziennym życiu w Polsce.,Понятие «налог» часто встречается в повседневной жизни в Польше.,"Warto dobrze rozumieć słowo „podatek”, bo jest praktyczne.","Стоит хорошо понимать слово «налог», потому что оно практичное."
597,597,znaczenie,значение,noun,Pojęcie „urząd skarbowy” często pojawia się w codziennym życiu w Polsce.,Понятие «налоговая инспекция» часто встречается в повседневной жизни в Польше.,"Warto dobrze rozumieć słowo „urząd skarbowy”, bo jest praktyczne.","Стоит хорошо понимать слово «налоговая инспекция», потому что оно практичное."
598,598,oddział,филиал,noun,Pojęcie „rozliczenie podatkowe” często pojawia się w codziennym życiu w Polsce.,Понятие «налоговая декларация» часто встречается в повседневной жизни в Польше.,"Warto dobrze rozumieć słowo „rozliczenie podatkowe”, bo jest praktyczne.","Стоит хорошо понимать слово «налоговая декларация», потому что оно практичное."
599,599,nastawienie,настрой,noun,Pojęcie „ubezpieczenie” często pojawia się w codziennym życiu w Polsce.,Понятие «страхование» часто встречается в повседневной жизни в Польше.,"Warto dobrze rozumieć słowo „ubezpieczenie”, bo jest praktyczne.","Стоит хорошо понимать слово «страхование», потому что оно практичное."
600,600,majątek,имущество,noun,Pojęcie „majątek” często pojawia się w codziennym życiu w Polsce.,Понятие «имущество» часто встречается в повседневной жизни в Польше.,"Warto dobrze rozumieć słowo „majątek”, bo jest praktyczne.","Стоит хорошо понимать слово «имущество», потому что оно практичное."
601,601,społeczeństwo,общество,noun,Pojęcie „społeczeństwo” często pojawia się w codziennym życiu w Polsce.,Понятие «общество» часто встречается в повседневной жизни в Польше.,"Warto dobrze rozumieć słowo „społeczeństwo”, bo jest praktyczne.","Стоит хорошо понимать слово «общество», потому что оно практичное."
602,602,obyczaj,обычай,noun,Pojęcie „obyczaj” często pojawia się w codziennym życiu w Polsce.,Понятие «обычай» часто встречается в повседневной жизни в Польше.,"Warto dobrze rozumieć słowo „obyczaj”, bo jest praktyczne.","Стоит хорошо понимать слово «обычай», потому что оно практичное."
603,603,tradycja,традиция,noun,Pojęcie „tradycja” często pojawia się w codziennym życiu w Polsce.,Понятие «традиция» часто встречается в повседневной жизни в Польше.,"Warto dobrze rozumieć słowo „tradycja”, bo jest praktyczne.","Стоит хорошо понимать слово «традиция», потому что оно практичное."
604,604,kultura,культура,noun,Pojęcie „kultura” często pojawia się w codziennym życiu w Polsce.,Понятие «культура» часто встречается в повседневной жизни в Польше.,"Warto dobrze rozumieć słowo „kultura”, bo jest praktyczne.","Стоит хорошо понимать слово «культура», потому что оно практичное."
605,605,oddziaływanie,воздействие,noun,Pojęcie „wartość” często pojawia się w codziennym życiu w Polsce.,Понятие «ценность» часто встречается в повседневной жизни в Польше.,"Warto dobrze rozumieć słowo „wartość”, bo jest praktyczne.","Стоит хорошо понимать слово «ценность», потому что оно практичное."
606,606,doskonalić się,совершенствоваться,noun,Pojęcie „zachowanie” często pojawia się w codziennym życiu w Polsce.,Понятие «поведение» часто встречается в повседневной жизни в Польше.,"Warto dobrze rozumieć słowo „zachowanie”, bo jest praktyczne.","Стоит хорошо понимать слово «поведение», потому что оно практичное."
607,607,postawa,"позиция, отношение",noun,Pojęcie „postawa” często pojawia się w codziennym życiu w Polsce.,Понятие «позиция» часто встречается в повседневной жизни в Польше.,"Warto dobrze rozumieć słowo „postawa”, bo jest praktyczne.","Стоит хорошо понимать слово «позиция», потому что оно практичное."
608,608,odnosić się,относиться,noun,Pojęcie „wpływ” często pojawia się w codziennym życiu w Polsce.,Понятие «влияние» часто встречается в повседневной жизни в Польше.,"Warto dobrze rozumieć słowo „wpływ”, bo jest praktyczne.","Стоит хорошо понимать слово «влияние», потому что оно практичное."
609,609,delegacja,командировка,noun,Pojęcie „znaczenie” często pojawia się w codziennym życiu w Polsce.,Понятие «значение» часто встречается в повседневной жизни в Польше.,"Warto dobrze rozumieć słowo „znaczenie”, bo jest praktyczne.","Стоит хорошо понимать слово «значение», потому что оно практичное."
610,610,świadomość,"осознанность, осведомлённость",noun,Pojęcie „świadomość” często pojawia się w codziennym życiu w Polsce.,Понятие «осознанность» часто встречается в повседневной жизни в Польше.,"Warto dobrze rozumieć słowo „świadomość”, bo jest praktyczne.","Стоит хорошо понимать слово «осознанность», потому что оно практичное."
611,611,zawierać,содержать,verb,Warto umieć poprawnie używać wyrażenia „rozwijać się” w rozmowie.,Стоит уметь правильно использовать выражение «развиваться» в разговоре.,"To wyrażenie często pojawia się w pracy, dokumentach i codziennych sytuacjach.","Это выражение часто встречается на работе, в документах и повседневных ситуациях."
612,612,poprawiać się,улучшаться,verb,Warto umieć poprawnie używać wyrażenia „poprawiać się” w rozmowie.,Стоит уметь правильно использовать выражение «улучшаться» в разговоре.,"To wyrażenie często pojawia się w pracy, dokumentach i codziennych sytuacjach.","Это выражение часто встречается на работе, в документах и повседневных ситуациях."
613,613,pogarszać się,ухудшаться,verb,Warto umieć poprawnie używać wyrażenia „pogarszać się” w rozmowie.,Стоит уметь правильно использовать выражение «ухудшаться» в разговоре.,"To wyrażenie często pojawia się w pracy, dokumentach i codziennych sytuacjach.","Это выражение часто встречается на работе, в документах и повседневных ситуациях."
614,614,zmieniać się,меняться,verb,Warto umieć poprawnie używać wyrażenia „zmieniać się” w rozmowie.,Стоит уметь правильно использовать выражение «меняться» в разговоре.,"To wyrażenie często pojawia się w pracy, dokumentach i codziennych sytuacjach.","Это выражение часто встречается на работе, в документах и повседневных ситуациях."
615,615,zależeć od,зависеть от,verb,Warto umieć poprawnie używać wyrażenia „zależeć od” w rozmowie.,Стоит уметь правильно использовать выражение «зависеть от» в разговоре.,"To wyrażenie często pojawia się w pracy, dokumentach i codziennych sytuacjach.","Это выражение часто встречается на работе, в документах и повседневных ситуациях."
616,616,sukces,успех,verb,Warto umieć poprawnie używać wyrażenia „dotyczyć” w rozmowie.,Стоит уметь правильно использовать выражение «касаться» в разговоре.,"To wyrażenie często pojawia się w pracy, dokumentach i codziennych sytuacjach.","Это выражение часто встречается на работе, в документах и повседневных ситуациях."
617,617,reakcja,реакция,verb,Warto umieć poprawnie używać wyrażenia „obejmować” w rozmowie.,Стоит уметь правильно использовать выражение «охватывать» в разговоре.,"To wyrażenie często pojawia się w pracy, dokumentach i codziennych sytuacjach.","Это выражение часто встречается на работе, в документах и повседневных ситуациях."
618,618,polegać na,заключаться в,verb,Warto umieć poprawnie używać wyrażenia „polegać na” w rozmowie.,Стоит уметь правильно использовать выражение «заключаться в» в разговоре.,"To wyrażenie często pojawia się w pracy, dokumentach i codziennych sytuacjach.","Это выражение часто встречается на работе, в документах и повседневных ситуациях."
619,619,wynikać z,следовать из,verb,Warto umieć poprawnie używać wyrażenia „wynikać z” w rozmowie.,Стоит уметь правильно использовать выражение «следовать из» в разговоре.,"To wyrażenie często pojawia się w pracy, dokumentach i codziennych sytuacjach.","Это выражение часто встречается на работе, в документах и повседневных ситуациях."
620,620,prowadzić do,приводить к,verb,Warto umieć poprawnie używać wyrażenia „prowadzić do” w rozmowie.,Стоит уметь правильно использовать выражение «приводить к» в разговоре.,"To wyrażenie często pojawia się w pracy, dokumentach i codziennych sytuacjach.","Это выражение часто встречается на работе, в документах и повседневных ситуациях."
621,621,wyjście,выход,noun,Pojęcie „osiągnięcie” często pojawia się w codziennym życiu w Polsce.,Понятие «достижение» часто встречается в повседневной жизни в Польше.,"Warto dobrze rozumieć słowo „osiągnięcie”, bo jest praktyczne.","Стоит хорошо понимать слово «достижение», потому что оно практичное."
622,622,kontrakt,контракт,noun,Pojęcie „sukces” często pojawia się w codziennym życiu w Polsce.,Понятие «успех» часто встречается в повседневной жизни в Польше.,"Warto dobrze rozumieć słowo „sukces”, bo jest praktyczne.","Стоит хорошо понимать слово «успех», потому что оно практичное."
623,623,porażka,неудача,noun,Pojęcie „porażka” często pojawia się w codziennym życiu w Polsce.,Понятие «неудача» часто встречается в повседневной жизни в Польше.,"Warto dobrze rozumieć słowo „porażka”, bo jest praktyczne.","Стоит хорошо понимать слово «неудача», потому что оно практичное."
624,624,wyzwanie,вызов,noun,Pojęcie „wyzwanie” często pojawia się w codziennym życiu w Polsce.,Понятие «вызов» часто встречается в повседневной жизни в Польше.,"Warto dobrze rozumieć słowo „wyzwanie”, bo jest praktyczne.","Стоит хорошо понимать слово «вызов», потому что оно практичное."
625,625,teza,тезис,noun,Pojęcie „odpowiedź” często pojawia się w codziennym życiu w Polsce.,Понятие «ответ» часто встречается в повседневной жизни в Польше.,"Warto dobrze rozumieć słowo „odpowiedź”, bo jest praktyczne.","Стоит хорошо понимать слово «ответ», потому что оно практичное."
626,626,uzasadnienie,обоснование,noun,Pojęcie „rozwiązanie” często pojawia się w codziennym życiu w Polsce.,Понятие «решение» часто встречается в повседневной жизни в Польше.,"Warto dobrze rozumieć słowo „rozwiązanie”, bo jest praktyczne.","Стоит хорошо понимать слово «решение», потому что оно практичное."
627,627,szacować,оценивать,noun,Pojęcie „argument” często pojawia się w codziennym życiu w Polsce.,Понятие «аргумент» часто встречается в повседневной жизни в Польше.,"Warto dobrze rozumieć słowo „argument”, bo jest praktyczne.","Стоит хорошо понимать слово «аргумент», потому что оно практичное."
628,628,wspólnik,партнер по бизнесу,noun,Pojęcie „dowód” często pojawia się w codziennym życiu w Polsce.,Понятие «доказательство» часто встречается в повседневной жизни в Польше.,"Warto dobrze rozumieć słowo „dowód”, bo jest praktyczne.","Стоит хорошо понимать слово «доказательство», потому что оно практичное."
629,629,przykład,пример,noun,Pojęcie „przykład” często pojawia się w codziennym życiu w Polsce.,Понятие «пример» часто встречается в повседневной жизни в Польше.,"Warto dobrze rozumieć słowo „przykład”, bo jest praktyczne.","Стоит хорошо понимать слово «пример», потому что оно практичное."
630,630,odrzucenie,отклонение,noun,Pojęcie „wniosek” często pojawia się w codziennym życiu w Polsce.,Понятие «вывод» часто встречается в повседневной жизни в Польше.,"Warto dobrze rozumieć słowo „wniosek”, bo jest praktyczne.","Стоит хорошо понимать слово «вывод», потому что оно практичное."
631,631,namówić,уговорить,verb,Warto umieć poprawnie używać wyrażenia „oceniać” w rozmowie.,Стоит уметь правильно использовать выражение «оценивать» в разговоре.,"To wyrażenie często pojawia się w pracy, dokumentach i codziennych sytuacjach.","Это выражение часто встречается на работе, в документах и повседневных ситуациях."
632,632,punkt widzenia,точка зрения,verb,Warto umieć poprawnie używać wyrażenia „porównywać” w rozmowie.,Стоит уметь правильно использовать выражение «сравнивать» в разговоре.,"To wyrażenie często pojawia się w pracy, dokumentach i codziennych sytuacjach.","Это выражение часто встречается на работе, в документах и повседневных ситуациях."
633,633,analizować,анализировать,verb,Warto umieć poprawnie używać wyrażenia „analizować” w rozmowie.,Стоит уметь правильно использовать выражение «анализировать» в разговоре.,"To wyrażenie często pojawia się w pracy, dokumentach i codziennych sytuacjach.","Это выражение часто встречается на работе, в документах и повседневных ситуациях."
634,634,rozumieć,понимать,verb,Warto umieć poprawnie używać wyrażenia „rozumieć” w rozmowie.,Стоит уметь правильно использовать выражение «понимать» в разговоре.,"To wyrażenie często pojawia się w pracy, dokumentach i codziennych sytuacjach.","Это выражение часто встречается на работе, в документах и повседневных ситуациях."
635,635,wyjaśniać,объяснять,verb,Warto umieć poprawnie używać wyrażenia „wyjaśniać” w rozmowie.,Стоит уметь правильно использовать выражение «объяснять» в разговоре.,"To wyrażenie często pojawia się w pracy, dokumentach i codziennych sytuacjach.","Это выражение часто встречается на работе, в документах и повседневных ситуациях."
636,636,potencjał,потенциал,verb,Warto umieć poprawnie używać wyrażenia „udowodnić” w rozmowie.,Стоит уметь правильно использовать выражение «доказать» в разговоре.,"To wyrażenie często pojawia się w pracy, dokumentach i codziennych sytuacjach.","Это выражение часто встречается на работе, в документах и повседневных ситуациях."
637,637,zaakceptować,принять,verb,Warto umieć poprawnie używać wyrażenia „zaakceptować” w rozmowie.,Стоит уметь правильно использовать выражение «принять» в разговоре.,"To wyrażenie często pojawia się w pracy, dokumentach i codziennych sytuacjach.","Это выражение часто встречается на работе, в документах и повседневных ситуациях."
638,638,kryterium,критерий,verb,Warto umieć poprawnie używać wyrażenia „odrzucić” w rozmowie.,Стоит уметь правильно использовать выражение «отклонить» в разговоре.,"To wyrażenie często pojawia się w pracy, dokumentach i codziennych sytuacjach.","Это выражение часто встречается на работе, в документах и повседневных ситуациях."
639,639,zarządzanie,управление,verb,Warto umieć poprawnie używać wyrażenia „przekonać” w rozmowie.,Стоит уметь правильно использовать выражение «убедить» в разговоре.,"To wyrażenie często pojawia się w pracy, dokumentach i codziennych sytuacjach.","Это выражение часто встречается на работе, в документах и повседневных ситуациях."
640,640,wątpić,сомневаться,verb,Warto umieć poprawnie używać wyrażenia „wątpić” w rozmowie.,Стоит уметь правильно использовать выражение «сомневаться» в разговоре.,"To wyrażenie często pojawia się w pracy, dokumentach i codziennych sytuacjach.","Это выражение часто встречается на работе, в документах и повседневных ситуациях."
641,641,opinia publiczna,общественное мнение,noun,Pojęcie „opinia publiczna” często pojawia się w codziennym życiu w Polsce.,Понятие «общественное мнение» часто встречается в повседневной жизни в Польше.,"Warto dobrze rozumieć słowo „opinia publiczna”, bo jest praktyczne.","Стоит хорошо понимать слово «общественное мнение», потому что оно практичное."
642,642,debata,дебаты,noun,Pojęcie „debata” często pojawia się w codziennym życiu w Polsce.,Понятие «дебаты» часто встречается в повседневной жизни в Польше.,"Warto dobrze rozumieć słowo „debata”, bo jest praktyczne.","Стоит хорошо понимать слово «дебаты», потому что оно практичное."
643,643,temat,тема,noun,Pojęcie „temat” często pojawia się w codziennym życiu w Polsce.,Понятие «тема» часто встречается в повседневной жизни в Польше.,"Warto dobrze rozumieć słowo „temat”, bo jest praktyczne.","Стоит хорошо понимать слово «тема», потому что оно практичное."
644,644,uprawnienie,"полномочие, право",noun,Pojęcie „punkt widzenia” często pojawia się w codziennym życiu w Polsce.,Понятие «точка зрения» часто встречается в повседневной жизни в Польше.,"Warto dobrze rozumieć słowo „punkt widzenia”, bo jest praktyczne.","Стоит хорошо понимать слово «точка зрения», потому что оно практичное."
645,645,wymóg formalny,формальное требование,noun,Pojęcie „perspektywa” często pojawia się w codziennym życiu w Polsce.,Понятие «перспектива» часто встречается в повседневной жизни в Польше.,"Warto dobrze rozumieć słowo „perspektywa”, bo jest praktyczne.","Стоит хорошо понимать слово «перспектива», потому что оно практичное."
646,646,rola,роль,noun,Pojęcie „rola” często pojawia się w codziennym życiu w Polsce.,Понятие «роль» часто встречается в повседневной жизни в Польше.,"Warto dobrze rozumieć słowo „rola”, bo jest praktyczne.","Стоит хорошо понимать слово «роль», потому что оно практичное."
647,647,odpowiedzialność społeczna,социальная ответственность,noun,Pojęcie „odpowiedzialność społeczna” często pojawia się w codziennym życiu w Polsce.,Понятие «социальная ответственность» часто встречается в повседневной жизни в Польше.,"Warto dobrze rozumieć słowo „odpowiedzialność społeczna”, bo jest praktyczne.","Стоит хорошо понимать слово «социальная ответственность», потому что оно практичное."
648,648,środowisko naturalne,окружающая среда,noun,Pojęcie „środowisko naturalne” często pojawia się w codziennym życiu w Polsce.,Понятие «окружающая среда» часто встречается в повседневной жизни в Польше.,"Warto dobrze rozumieć słowo „środowisko naturalne”, bo jest praktyczne.","Стоит хорошо понимать слово «окружающая среда», потому что оно практичное."
649,649,ekologia,экология,noun,Pojęcie „ekologia” często pojawia się w codziennym życiu w Polsce.,Понятие «экология» часто встречается в повседневной жизни в Польше.,"Warto dobrze rozumieć słowo „ekologia”, bo jest praktyczne.","Стоит хорошо понимать слово «экология», потому что оно практичное."
650,650,ochrona środowiska,охрана окружающей среды,noun,Pojęcie „ochrona środowiska” często pojawia się w codziennym życiu w Polsce.,Понятие «охрана окружающей среды» часто встречается в повседневной жизни в Польше.,"Warto dobrze rozumieć słowo „ochrona środowiska”, bo jest praktyczne.","Стоит хорошо понимать слово «охрана окружающей среды», потому что оно практичное."
651,651,mieszkać,проживать,verb,Warto umieć poprawnie używać wyrażenia „mieszkać” w rozmowie.,Стоит уметь правильно использовать выражение «проживать» в разговоре.,"To wyrażenie często pojawia się w pracy, dokumentach i codziennych sytuacjach.","Это выражение часто встречается на работе, в документах и повседневных ситуациях."
652,652,przenosić się,переезжать,verb,Warto umieć poprawnie używać wyrażenia „przenosić się” w rozmowie.,Стоит уметь правильно использовать выражение «переезжать» в разговоре.,"To wyrażenie często pojawia się w pracy, dokumentach i codziennych sytuacjach.","Это выражение часто встречается на работе, в документах и повседневных ситуациях."
653,653,uczestniczyć,участвовать,verb,Warto umieć poprawnie używać wyrażenia „uczestniczyć” w rozmowie.,Стоит уметь правильно использовать выражение «участвовать» в разговоре.,"To wyrażenie często pojawia się w pracy, dokumentach i codziennych sytuacjach.","Это выражение часто встречается на работе, в документах и повседневных ситуациях."
654,654,angażować się,вовлекаться,verb,Warto umieć poprawnie używać wyrażenia „angażować się” w rozmowie.,Стоит уметь правильно использовать выражение «вовлекаться» в разговоре.,"To wyrażenie często pojawia się w pracy, dokumentach i codziennych sytuacjach.","Это выражение часто встречается на работе, в документах и повседневных ситуациях."
655,655,wspierać,поддерживать,verb,Warto umieć poprawnie używać wyrażenia „wspierać” w rozmowie.,Стоит уметь правильно использовать выражение «поддерживать» в разговоре.,"To wyrażenie często pojawia się w pracy, dokumentach i codziennych sytuacjach.","Это выражение часто встречается на работе, в документах и повседневных ситуациях."
656,656,szanować,уважать,verb,Warto umieć poprawnie używać wyrażenia „szanować” w rozmowie.,Стоит уметь правильно использовать выражение «уважать» в разговоре.,"To wyrażenie często pojawia się w pracy, dokumentach i codziennych sytuacjach.","Это выражение часто встречается на работе, в документах и повседневных ситуациях."
657,657,doceniać,ценить,verb,Warto umieć poprawnie używać wyrażenia „doceniać” w rozmowie.,Стоит уметь правильно использовать выражение «ценить» в разговоре.,"To wyrażenie często pojawia się w pracy, dokumentach i codziennych sytuacjach.","Это выражение часто встречается на работе, в документах и повседневных ситуациях."
658,658,wpływać na,влиять на,verb,Warto umieć poprawnie używać wyrażenia „wpływać na” w rozmowie.,Стоит уметь правильно использовать выражение «влиять на» в разговоре.,"To wyrażenie często pojawia się w pracy, dokumentach i codziennych sytuacjach.","Это выражение часто встречается на работе, в документах и повседневных ситуациях."
659,659,reagować,реагировать,verb,Warto umieć poprawnie używać wyrażenia „reagować” w rozmowie.,Стоит уметь правильно использовать выражение «реагировать» в разговоре.,"To wyrażenie często pojawia się w pracy, dokumentach i codziennych sytuacjach.","Это выражение часто встречается на работе, в документах и повседневных ситуациях."
660,660,dostosować się,адаптироваться,verb,Warto umieć poprawnie używać wyrażenia „dostosować się” w rozmowie.,Стоит уметь правильно использовать выражение «адаптироваться» в разговоре.,"To wyrażenie często pojawia się w pracy, dokumentach i codziennych sytuacjach.","Это выражение часто встречается на работе, в документах и повседневных ситуациях."
661,661,zamysł,замысел,noun,Pojęcie „możliwość” często pojawia się w codziennym życiu w Polsce.,Понятие «возможность» часто встречается в повседневной жизни в Польше.,"Warto dobrze rozumieć słowo „możliwość”, bo jest praktyczne.","Стоит хорошо понимать слово «возможность», потому что оно практичное."
662,662,perspektywy,перспективы,noun,Pojęcie „okazja” często pojawia się w codziennym życiu w Polsce.,Понятие «возможность» часто встречается в повседневной жизни в Польше.,"Warto dobrze rozumieć słowo „okazja”, bo jest praktyczne.","Стоит хорошо понимать слово «возможность», потому что оно практичное."
663,663,awansować,повышаться,noun,Pojęcie „wymaganie” często pojawia się w codziennym życiu w Polsce.,Понятие «требование» часто встречается в повседневной жизни в Польше.,"Warto dobrze rozumieć słowo „wymaganie”, bo jest praktyczne.","Стоит хорошо понимать слово «требование», потому что оно практичное."
664,664,potrzeba,потребность,noun,Pojęcie „potrzeba” często pojawia się w codziennym życiu w Polsce.,Понятие «потребность» часто встречается в повседневной жизни в Польше.,"Warto dobrze rozumieć słowo „potrzeba”, bo jest praktyczne.","Стоит хорошо понимать слово «потребность», потому что оно практичное."
665,665,prezes,директор,noun,Pojęcie „oczekiwanie” często pojawia się w codziennym życiu w Polsce.,Понятие «ожидание» часто встречается в повседневной жизни в Польше.,"Warto dobrze rozumieć słowo „oczekiwanie”, bo jest praktyczne.","Стоит хорошо понимать слово «ожидание», потому что оно практичное."
666,666,zainteresowanie,интерес,noun,Pojęcie „zainteresowanie” często pojawia się w codziennym życiu w Polsce.,Понятие «интерес» часто встречается в повседневной жизни в Польше.,"Warto dobrze rozumieć słowo „zainteresowanie”, bo jest praktyczne.","Стоит хорошо понимать слово «интерес», потому что оно практичное."
667,667,obywatel UE,гражданин ЕС,noun,Pojęcie „rozwój” często pojawia się w codziennym życiu w Polsce.,Понятие «развитие» часто встречается в повседневной жизни в Польше.,"Warto dobrze rozumieć słowo „rozwój”, bo jest praktyczne.","Стоит хорошо понимать слово «развитие», потому что оно практичное."
668,668,zatrudniający,работодатель,noun,Pojęcie „postęp” często pojawia się w codziennym życiu w Polsce.,Понятие «прогресс» часто встречается в повседневной жизни в Польше.,"Warto dobrze rozumieć słowo „postęp”, bo jest praktyczne.","Стоит хорошо понимать слово «прогресс», потому что оно практичное."
669,669,tempo rozwoju,темп развития,noun,Pojęcie „tempo rozwoju” często pojawia się w codziennym życiu w Polsce.,Понятие «темп развития» часто встречается в повседневной жизни в Польше.,"Warto dobrze rozumieć słowo „tempo rozwoju”, bo jest praktyczne.","Стоит хорошо понимать слово «темп развития», потому что оно практичное."
670,670,sekretariat,секретариат,noun,Pojęcie „korzyść” często pojawia się w codziennym życiu w Polsce.,Понятие «польза» часто встречается в повседневной жизни в Польше.,"Warto dobrze rozumieć słowo „korzyść”, bo jest praktyczne.","Стоит хорошо понимать слово «польза», потому что оно практичное."
671,671,warto inwestować,стоит инвестировать,phrase,Wyrażenie „warto inwestować” pomaga budować bardziej naturalne zdania.,Выражение «стоит инвестировать» помогает строить более естественные предложения.,"Warto znać „warto inwestować”, bo często pojawia się w rozmowach i tekstach.","Стоит знать «стоит инвестировать», потому что оно часто встречается в разговорах и текстах."
672,672,podejmować decyzję,принимать решение,verb,Warto umieć poprawnie używać wyrażenia „podejmować decyzję” w rozmowie.,Стоит уметь правильно использовать выражение «принимать решение» в разговоре.,"To wyrażenie często pojawia się w pracy, dokumentach i codziennych sytuacjach.","Это выражение часто встречается на работе, в документах и повседневных ситуациях."
673,673,rozwiązywać problem,решать проблему,verb,Warto umieć poprawnie używać wyrażenia „rozwiązywać problem” w rozmowie.,Стоит уметь правильно использовать выражение «решать проблему» в разговоре.,"To wyrażenie często pojawia się w pracy, dokumentach i codziennych sytuacjach.","Это выражение часто встречается на работе, в документах и повседневных ситуациях."
674,674,osiągnąć cel,достичь цели,verb,Warto umieć poprawnie używać wyrażenia „osiągnąć cel” w rozmowie.,Стоит уметь правильно использовать выражение «достичь цели» в разговоре.,"To wyrażenie często pojawia się w pracy, dokumentach i codziennych sytuacjach.","Это выражение часто встречается на работе, в документах и повседневных ситуациях."
675,675,wyciągać wnioski,делать выводы,verb,Warto umieć poprawnie używać wyrażenia „wyciągać wnioski” w rozmowie.,Стоит уметь правильно использовать выражение «делать выводы» в разговоре.,"To wyrażenie często pojawia się w pracy, dokumentach i codziennych sytuacjach.","Это выражение часто встречается на работе, в документах и повседневных ситуациях."
676,676,zwracać uwagę,обращать внимание,verb,Warto umieć poprawnie używać wyrażenia „zwracać uwagę” w rozmowie.,Стоит уметь правильно использовать выражение «обращать внимание» в разговоре.,"To wyrażenie często pojawia się w pracy, dokumentach i codziennych sytuacjach.","Это выражение часто встречается на работе, в документах и повседневных ситуациях."
677,677,mieć znaczenie,иметь значение,verb,Warto umieć poprawnie używać wyrażenia „mieć znaczenie” w rozmowie.,Стоит уметь правильно использовать выражение «иметь значение» в разговоре.,"To wyrażenie często pojawia się w pracy, dokumentach i codziennych sytuacjach.","Это выражение часто встречается на работе, в документах и повседневных ситуациях."
678,678,państwo,государство,noun,Pojęcie „państwo” często pojawia się w codziennym życiu w Polsce.,Понятие «государство» часто встречается в повседневной жизни в Польше.,"Warto dobrze rozumieć słowo „państwo”, bo jest praktyczne.","Стоит хорошо понимать слово «государство», потому что оно практичное."
679,679,rząd,правительство,noun,Pojęcie „rząd” często pojawia się w codziennym życiu w Polsce.,Понятие «правительство» часто встречается в повседневной жизни в Польше.,"Warto dobrze rozumieć słowo „rząd”, bo jest praktyczne.","Стоит хорошо понимать слово «правительство», потому что оно практичное."
680,680,ministerstwo,министерство,noun,Pojęcie „ministerstwo” często pojawia się w codziennym życiu w Polsce.,Понятие «министерство» часто встречается в повседневной жизни в Польше.,"Warto dobrze rozumieć słowo „ministerstwo”, bo jest praktyczne.","Стоит хорошо понимать слово «министерство», потому что оно практичное."
681,681,samorząd,местное самоуправление,noun,Pojęcie „samorząd” często pojawia się w codziennym życiu w Polsce.,Понятие «местное самоуправление» часто встречается в повседневной жизни в Польше.,"Warto dobrze rozumieć słowo „samorząd”, bo jest praktyczne.","Стоит хорошо понимать слово «местное самоуправление», потому что оно практичное."
682,682,wybory,выборы,noun,Pojęcie „wybory” często pojawia się w codziennym życiu w Polsce.,Понятие «выборы» часто встречается в повседневной жизни в Польше.,"Warto dobrze rozumieć słowo „wybory”, bo jest praktyczne.","Стоит хорошо понимать слово «выборы», потому что оно практичное."
683,683,głosować,голосовать,verb,Warto umieć poprawnie używać wyrażenia „głosować” w rozmowie.,Стоит уметь правильно использовать выражение «голосовать» в разговоре.,"To wyrażenie często pojawia się w pracy, dokumentach i codziennych sytuacjach.","Это выражение часто встречается на работе, в документах и повседневных ситуациях."
684,684,planować z wyprzedzeniem,планировать заранее,noun,Pojęcie „obywatelstwo” często pojawia się w codziennym życiu w Polsce.,Понятие «гражданство» часто встречается в повседневной жизни в Польше.,"Warto dobrze rozumieć słowo „obywatelstwo”, bo jest praktyczne.","Стоит хорошо понимать слово «гражданство», потому что оно практичное."
685,685,prawo jazdy,водительское удостоверение,noun,Pojęcie „prawo jazdy” często pojawia się w codziennym życiu w Polsce.,Понятие «водительское удостоверение» часто встречается в повседневной жизни в Польше.,"Warto dobrze rozumieć słowo „prawo jazdy”, bo jest praktyczne.","Стоит хорошо понимать слово «водительское удостоверение», потому что оно практичное."
686,686,paszport,паспорт,noun,Pojęcie „paszport” często pojawia się w codziennym życiu w Polsce.,Понятие «паспорт» часто встречается в повседневной жизни в Польше.,"Warto dobrze rozumieć słowo „paszport”, bo jest praktyczne.","Стоит хорошо понимать слово «паспорт», потому что оно практичное."
687,687,dowód osobisty,удостоверение личности,noun,Pojęcie „dowód osobisty” często pojawia się w codziennym życiu w Polsce.,Понятие «удостоверение личности» часто встречается в повседневной жизни в Польше.,"Warto dobrze rozumieć słowo „dowód osobisty”, bo jest praktyczne.","Стоит хорошо понимать слово «удостоверение личности», потому что оно практичное."
688,688,wydział,"отдел, факультет",noun,Pojęcie „gospodarka” często pojawia się w codziennym życiu w Polsce.,Понятие «экономика» часто встречается в повседневной жизни в Польше.,"Warto dobrze rozumieć słowo „gospodarka”, bo jest praktyczne.","Стоит хорошо понимать слово «экономика», потому что оно практичное."
689,689,wzrost gospodarczy,экономический рост,noun,Pojęcie „wzrost gospodarczy” często pojawia się w codziennym życiu w Polsce.,Понятие «экономический рост» часто встречается в повседневной жизни в Польше.,"Warto dobrze rozumieć słowo „wzrost gospodarczy”, bo jest praktyczne.","Стоит хорошо понимать слово «экономический рост», потому что оно практичное."
690,690,inflacja,инфляция,noun,Pojęcie „inflacja” często pojawia się w codziennym życiu w Polsce.,Понятие «инфляция» часто встречается в повседневной жизни в Польше.,"Warto dobrze rozumieć słowo „inflacja”, bo jest praktyczne.","Стоит хорошо понимать слово «инфляция», потому что оно практичное."
691,691,zgodność,соответствие,noun,Pojęcie „bezrobocie” często pojawia się w codziennym życiu w Polsce.,Понятие «безработица» часто встречается в повседневной жизни в Польше.,"Warto dobrze rozumieć słowo „bezrobocie”, bo jest praktyczne.","Стоит хорошо понимать слово «безработица», потому что оно практичное."
692,692,rynek pracy,рынок труда,noun,Pojęcie „rynek pracy” często pojawia się w codziennym życiu w Polsce.,Понятие «рынок труда» часто встречается в повседневной жизни в Польше.,"Warto dobrze rozumieć słowo „rynek pracy”, bo jest praktyczne.","Стоит хорошо понимать слово «рынок труда», потому что оно практичное."
693,693,zatwierdzać,утверждать,noun,Pojęcie „pracodawca” często pojawia się w codziennym życiu w Polsce.,Понятие «работодатель» часто встречается в повседневной жизни в Польше.,"Warto dobrze rozumieć słowo „pracodawca”, bo jest praktyczne.","Стоит хорошо понимать слово «работодатель», потому что оно практичное."
694,694,wynik finansowy,финансовый результат,noun,Pojęcie „wynik finansowy” często pojawia się w codziennym życiu w Polsce.,Понятие «финансовый результат» часто встречается в повседневной жизни в Польше.,"Warto dobrze rozumieć słowo „wynik finansowy”, bo jest praktyczne.","Стоит хорошо понимать слово «финансовый результат», потому что оно практичное."
695,695,pomijać,пропускать,noun,Pojęcie „media” często pojawia się w codziennym życiu w Polsce.,Понятие «средства массовой информации» часто встречается в повседневной жизни в Польше.,"Warto dobrze rozumieć słowo „media”, bo jest praktyczne.","Стоит хорошо понимать слово «средства массовой информации», потому что оно практичное."
696,696,wiadomości,новости,noun,Pojęcie „wiadomości” często pojawia się w codziennym życiu w Polsce.,Понятие «новости» часто встречается в повседневной жизни в Польше.,"Warto dobrze rozumieć słowo „wiadomości”, bo jest praktyczne.","Стоит хорошо понимать слово «новости», потому что оно практичное."
697,697,mimo że,несмотря на то что,connector,Wyrażenie „mimo że” pomaga budować bardziej naturalne zdania.,Выражение «несмотря на то что» помогает строить более естественные предложения.,"Warto znać „mimo że”, bo często pojawia się w rozmowach i tekstach.","Стоит знать «несмотря на то что», потому что оно часто встречается в разговорах и текстах."
698,698,chociaż,хотя,connector,Wyrażenie „chociaż” pomaga budować bardziej naturalne zdania.,Выражение «хотя» помогает строить более естественные предложения.,"Warto znać „chociaż”, bo często pojawia się w rozmowach i tekstach.","Стоит знать «хотя», потому что оно часто встречается в разговорах и текстах."
699,699,jednak,однако,connector,Wyrażenie „jednak” pomaga budować bardziej naturalne zdania.,Выражение «однако» помогает строить более естественные предложения.,"Warto znać „jednak”, bo często pojawia się w rozmowach i tekstach.","Стоит знать «однако», потому что оно часто встречается в разговорах и текстах."
700,700,natomiast,в то время как,connector,Wyrażenie „natomiast” pomaga budować bardziej naturalne zdania.,Выражение «в то время как» помогает строить более естественные предложения.,"Warto znać „natomiast”, bo często pojawia się w rozmowach i tekstach.","Стоит знать «в то время как», потому что оно часто встречается в разговорах и текстах."
701,701,ponadto,кроме того,connector,Wyrażenie „ponadto” pomaga budować bardziej naturalne zdania.,Выражение «кроме того» помогает строить более естественные предложения.,"Warto znać „ponadto”, bo często pojawia się w rozmowach i tekstach.","Стоит знать «кроме того», потому что оно часто встречается в разговорах и текстах."
702,702,w związku z,в связи с,connector,Wyrażenie „w związku z” pomaga budować bardziej naturalne zdania.,Выражение «в связи с» помогает строить более естественные предложения.,"Warto znać „w związku z”, bo często pojawia się w rozmowach i tekstach.","Стоит знать «в связи с», потому что оно часто встречается в разговорах и текстах."
703,703,z tego powodu,по этой причине,connector,Wyrażenie „z tego powodu” pomaga budować bardziej naturalne zdania.,Выражение «по этой причине» помогает строить более естественные предложения.,"Warto znać „z tego powodu”, bo często pojawia się w rozmowach i tekstach.","Стоит знать «по этой причине», потому что оно часто встречается в разговорах и текстах."
704,704,w rezultacie,в результате,connector,Wyrażenie „w rezultacie” pomaga budować bardziej naturalne zdania.,Выражение «в результате» помогает строить более естественные предложения.,"Warto znać „w rezultacie”, bo często pojawia się w rozmowach i tekstach.","Стоит знать «в результате», потому что оно часто встречается в разговорах и текстах."
705,705,w porównaniu do,по сравнению с,connector,Wyrażenie „w porównaniu do” pomaga budować bardziej naturalne zdania.,Выражение «по сравнению с» помогает строить более естественные предложения.,"Warto znać „w porównaniu do”, bo często pojawia się w rozmowach i tekstach.","Стоит знать «по сравнению с», потому что оно часто встречается в разговорах и текстах."
706,706,pod warunkiem że,при условии что,connector,Wyrażenie „pod warunkiem że” pomaga budować bardziej naturalne zdania.,Выражение «при условии что» помогает строить более естественные предложения.,"Warto znać „pod warunkiem że”, bo często pojawia się w rozmowach i tekstach.","Стоит знать «при условии что», потому что оно часто встречается в разговорах и текстах."
707,707,zakładać,предполагать,verb,Warto umieć poprawnie używać wyrażenia „zakładać” w rozmowie.,Стоит уметь правильно использовать выражение «предполагать» в разговоре.,"To wyrażenie często pojawia się w pracy, dokumentach i codziennych sytuacjach.","Это выражение часто встречается на работе, в документах и повседневных ситуациях."
708,708,druk,печатная форма,verb,Warto umieć poprawnie używać wyrażenia „przewidywać” w rozmowie.,Стоит уметь правильно использовать выражение «предусматривать» в разговоре.,"To wyrażenie często pojawia się w pracy, dokumentach i codziennych sytuacjach.","Это выражение часто встречается на работе, в документах и повседневных ситуациях."
709,709,rozpatrywać,рассматривать,verb,Warto umieć poprawnie używać wyrażenia „rozpatrywać” w rozmowie.,Стоит уметь правильно использовать выражение «рассматривать» в разговоре.,"To wyrażenie często pojawia się w pracy, dokumentach i codziennych sytuacjach.","Это выражение часто встречается на работе, в документах и повседневных ситуациях."
710,710,uwzględniać,учитывать,verb,Warto umieć poprawnie używać wyrażenia „uwzględniać” w rozmowie.,Стоит уметь правильно использовать выражение «учитывать» в разговоре.,"To wyrażenie często pojawia się w pracy, dokumentach i codziennych sytuacjach.","Это выражение часто встречается на работе, в документах и повседневных ситуациях."
711,711,określać,определять,verb,Warto umieć poprawnie używać wyrażenia „określać” w rozmowie.,Стоит уметь правильно использовать выражение «определять» в разговоре.,"To wyrażenie często pojawia się w pracy, dokumentach i codziennych sytuacjach.","Это выражение часто встречается на работе, в документах и повседневных ситуациях."
712,712,wskazywać,указывать,verb,Warto umieć poprawnie używać wyrażenia „wskazywać” w rozmowie.,Стоит уметь правильно использовать выражение «указывать» в разговоре.,"To wyrażenie często pojawia się w pracy, dokumentach i codziennych sytuacjach.","Это выражение часто встречается на работе, в документах и повседневных ситуациях."
713,713,autograf,подпись,verb,Warto umieć poprawnie używać wyrażenia „potwierdzać” w rozmowie.,Стоит уметь правильно использовать выражение «подтверждать» в разговоре.,"To wyrażenie często pojawia się w pracy, dokumentach i codziennych sytuacjach.","Это выражение часто встречается на работе, в документах и повседневных ситуациях."
714,714,zaprzeczać,отрицать,verb,Warto umieć poprawnie używać wyrażenia „zaprzeczać” w rozmowie.,Стоит уметь правильно использовать выражение «отрицать» в разговоре.,"To wyrażenie często pojawia się w pracy, dokumentach i codziennych sytuacjach.","Это выражение часто встречается на работе, в документах и повседневных ситуациях."
715,715,przyczyniać się do,способствовать,verb,Warto umieć poprawnie używać wyrażenia „przyczyniać się do” w rozmowie.,Стоит уметь правильно использовать выражение «способствовать» в разговоре.,"To wyrażenie często pojawia się w pracy, dokumentach i codziennych sytuacjach.","Это выражение часто встречается на работе, в документах и повседневных ситуациях."
716,716,dzięki temu,благодаря этому,connector,Wyrażenie „dzięki temu” pomaga budować bardziej naturalne zdania.,Выражение «благодаря этому» помогает строить более естественные предложения.,"Warto znać „dzięki temu”, bo często pojawia się w rozmowach i tekstach.","Стоит знать «благодаря этому», потому что оно часто встречается в разговорах и текстах."
717,717,zamiast,вместо,connector,Wyrażenie „zamiast” pomaga budować bardziej naturalne zdania.,Выражение «вместо» помогает строить более естественные предложения.,"Warto znać „zamiast”, bo często pojawia się w rozmowach i tekstach.","Стоит знать «вместо», потому что оно часто встречается в разговорах и текстах."
718,718,zarówno... jak i...,как... так и...,connector,Wyrażenie „zarówno... jak i...” pomaga budować bardziej naturalne zdania.,Выражение «как... так и...» помогает строить более естественные предложения.,"Warto znać „zarówno... jak i...”, bo często pojawia się w rozmowach i tekstach.","Стоит знать «как... так и...», потому что оно часто встречается в разговорах и текстах."
719,719,nie tylko... ale także...,не только... но и...,connector,Wyrażenie „nie tylko... ale także...” pomaga budować bardziej naturalne zdania.,Выражение «не только... но и...» помогает строить более естественные предложения.,"Warto znać „nie tylko... ale także...”, bo często pojawia się w rozmowach i tekstach.","Стоит знать «не только... но и...», потому что оно часто встречается в разговорах и текстах."
720,720,choćby,хотя бы,connector,Wyrażenie „choćby” pomaga budować bardziej naturalne zdania.,Выражение «хотя бы» помогает строить более естественные предложения.,"Warto znać „choćby”, bo często pojawia się w rozmowach i tekstach.","Стоит знать «хотя бы», потому что оно часто встречается в разговорах и текстах."
721,721,szczególnie,особенно,adverb,Wyrażenie „szczególnie” pomaga budować bardziej naturalne zdania.,Выражение «особенно» помогает строить более естественные предложения.,"Warto znać „szczególnie”, bo często pojawia się w rozmowach i tekstach.","Стоит знать «особенно», потому что оно часто встречается в разговорах и текстах."
722,722,głównie,главным образом,adverb,Wyrażenie „głównie” pomaga budować bardziej naturalne zdania.,Выражение «главным образом» помогает строить более естественные предложения.,"Warto znać „głównie”, bo często pojawia się w rozmowach i tekstach.","Стоит знать «главным образом», потому что оно часто встречается в разговорах и текстах."
723,723,wyłącznie,исключительно,adverb,Wyrażenie „wyłącznie” pomaga budować bardziej naturalne zdania.,Выражение «исключительно» помогает строить более естественные предложения.,"Warto znać „wyłącznie”, bo często pojawia się w rozmowach i tekstach.","Стоит знать «исключительно», потому что оно часто встречается в разговорах и текстах."
724,724,prawdopodobnie,вероятно,adverb,Wyrażenie „prawdopodobnie” pomaga budować bardziej naturalne zdania.,Выражение «вероятно» помогает строить более естественные предложения.,"Warto znać „prawdopodobnie”, bo często pojawia się w rozmowach i tekstach.","Стоит знать «вероятно», потому что оно часто встречается в разговорах и текстах."
725,725,niewątpliwie,несомненно,adverb,Wyrażenie „niewątpliwie” pomaga budować bardziej naturalne zdania.,Выражение «несомненно» помогает строить более естественные предложения.,"Warto znać „niewątpliwie”, bo często pojawia się w rozmowach i tekstach.","Стоит знать «несомненно», потому что оно часто встречается в разговорах и текстах."
726,726,rzeczywiście,действительно,adverb,Wyrażenie „rzeczywiście” pomaga budować bardziej naturalne zdania.,Выражение «действительно» помогает строить более естественные предложения.,"Warto znać „rzeczywiście”, bo często pojawia się w rozmowach i tekstach.","Стоит знать «действительно», потому что оно часто встречается в разговорах и текстах."
727,727,ostatecznie,в конечном итоге,adverb,Wyrażenie „ostatecznie” pomaga budować bardziej naturalne zdania.,Выражение «в конечном итоге» помогает строить более естественные предложения.,"Warto znać „ostatecznie”, bo często pojawia się w rozmowach i tekstach.","Стоит знать «в конечном итоге», потому что оно часто встречается в разговорах и текстах."
728,728,dodatkowo,дополнительно,adverb,Wyrażenie „dodatkowo” pomaga budować bardziej naturalne zdania.,Выражение «дополнительно» помогает строить более естественные предложения.,"Warto znać „dodatkowo”, bo często pojawia się w rozmowach i tekstach.","Стоит знать «дополнительно», потому что оно часто встречается в разговорах и текстах."
729,729,stopniowo,постепенно,adverb,Wyrażenie „stopniowo” pomaga budować bardziej naturalne zdania.,Выражение «постепенно» помогает строить более естественные предложения.,"Warto znać „stopniowo”, bo często pojawia się w rozmowach i tekstach.","Стоит знать «постепенно», потому что оно часто встречается в разговорах и текстах."
730,730,wcześniej czy później,рано или поздно,phrase,Wyrażenie „wcześniej czy później” pomaga budować bardziej naturalne zdania.,Выражение «рано или поздно» помогает строить более естественные предложения.,"Warto znać „wcześniej czy później”, bo często pojawia się w rozmowach i tekstach.","Стоит знать «рано или поздно», потому что оно часто встречается в разговорах и текстах."
731,731,z punktu widzenia,с точки зрения,phrase,Wyrażenie „z punktu widzenia” pomaga budować bardziej naturalne zdania.,Выражение «с точки зрения» помогает строить более естественные предложения.,"Warto znać „z punktu widzenia”, bo często pojawia się w rozmowach i tekstach.","Стоит знать «с точки зрения», потому что оно часто встречается в разговорах и текстах."
732,732,w praktyce,на практике,phrase,Wyrażenie „w praktyce” pomaga budować bardziej naturalne zdania.,Выражение «на практике» помогает строить более естественные предложения.,"Warto znać „w praktyce”, bo często pojawia się w rozmowach i tekstach.","Стоит знать «на практике», потому что оно часто встречается в разговорах и текстах."
733,733,w rzeczywistości,на самом деле,phrase,Wyrażenie „w rzeczywistości” pomaga budować bardziej naturalne zdania.,Выражение «на самом деле» помогает строить более естественные предложения.,"Warto znać „w rzeczywistości”, bo często pojawia się w rozmowach i tekstach.","Стоит знать «на самом деле», потому что оно часто встречается в разговорах и текстах."
734,734,zgodnie z,в соответствии с,phrase,Wyrażenie „zgodnie z” pomaga budować bardziej naturalne zdania.,Выражение «в соответствии с» помогает строить более естественные предложения.,"Warto znać „zgodnie z”, bo często pojawia się w rozmowach i tekstach.","Стоит знать «в соответствии с», потому что оно часто встречается в разговорах и текстах."
735,735,w przeciwieństwie do,в отличие от,phrase,Wyrażenie „w przeciwieństwie do” pomaga budować bardziej naturalne zdania.,Выражение «в отличие от» помогает строить более естественные предложения.,"Warto znać „w przeciwieństwie do”, bo często pojawia się w rozmowach i tekstach.","Стоит знать «в отличие от», потому что оно часто встречается в разговорах и текстах."
736,736,na przykład,например,phrase,Wyrażenie „na przykład” pomaga budować bardziej naturalne zdania.,Выражение «например» помогает строить более естественные предложения.,"Warto znać „na przykład”, bo często pojawia się w rozmowach i tekstach.","Стоит знать «например», потому что оно часто встречается в разговорах и текстах."
737,737,między innymi,в том числе,phrase,Wyrażenie „między innymi” pomaga budować bardziej naturalne zdania.,Выражение «в том числе» помогает строить более естественные предложения.,"Warto znać „między innymi”, bo często pojawia się w rozmowach i tekstach.","Стоит знать «в том числе», потому что оно часто встречается в разговорах и текстах."
738,738,przede wszystkim,прежде всего,phrase,Wyrażenie „przede wszystkim” pomaga budować bardziej naturalne zdania.,Выражение «прежде всего» помогает строить более естественные предложения.,"Warto znać „przede wszystkim”, bo często pojawia się w rozmowach i tekstach.","Стоит знать «прежде всего», потому что оно часто встречается в разговорах и текстах."
739,739,w szczególności,в частности,phrase,Wyrażenie „w szczególności” pomaga budować bardziej naturalne zdania.,Выражение «в частности» помогает строить более естественные предложения.,"Warto znać „w szczególności”, bo często pojawia się w rozmowach i tekstach.","Стоит знать «в частности», потому что оно часто встречается в разговорах и текстах."
740,740,bez względu na,независимо от,phrase,Wyrażenie „bez względu na” pomaga budować bardziej naturalne zdania.,Выражение «независимо от» помогает строить более естественные предложения.,"Warto znać „bez względu na”, bo często pojawia się w rozmowach i tekstach.","Стоит знать «независимо от», потому что оно часто встречается в разговорах и текстах."
741,741,w zależności od,в зависимости от,phrase,Wyrażenie „w zależności od” pomaga budować bardziej naturalne zdania.,Выражение «в зависимости от» помогает строить более естественные предложения.,"Warto znać „w zależności od”, bo często pojawia się w rozmowach i tekstach.","Стоит знать «в зависимости от», потому что оно часто встречается в разговорах и текстах."
742,742,na podstawie,на основании,phrase,Wyrażenie „na podstawie” pomaga budować bardziej naturalne zdania.,Выражение «на основании» помогает строить более естественные предложения.,"Warto znać „na podstawie”, bo często pojawia się w rozmowach i tekstach.","Стоит знать «на основании», потому что оно часто встречается в разговорах и текстах."
743,743,zamiar,намерение,noun,Pojęcie „zamiar” często pojawia się w codziennym życiu w Polsce.,Понятие «намерение» часто встречается в повседневной жизни в Польше.,"Warto dobrze rozumieć słowo „zamiar”, bo jest praktyczne.","Стоит хорошо понимать слово «намерение», потому что оно практичное."
744,744,celowo,намеренно,adverb,Wyrażenie „celowo” pomaga budować bardziej naturalne zdania.,Выражение «намеренно» помогает строить более естественные предложения.,"Warto znać „celowo”, bo często pojawia się w rozmowach i tekstach.","Стоит знать «намеренно», потому что оно часто встречается в разговорах и текстах."
745,745,przypadkowo,случайно,adverb,Wyrażenie „przypadkowo” pomaga budować bardziej naturalne zdania.,Выражение «случайно» помогает строить более естественные предложения.,"Warto znać „przypadkowo”, bo często pojawia się w rozmowach i tekstach.","Стоит знать «случайно», потому что оно часто встречается в разговорах и текстах."
746,746,świadomie,осознанно,adverb,Wyrażenie „świadomie” pomaga budować bardziej naturalne zdania.,Выражение «осознанно» помогает строить более естественные предложения.,"Warto znać „świadomie”, bo często pojawia się w rozmowach i tekstach.","Стоит знать «осознанно», потому что оно часто встречается в разговорах и текстах."
747,747,nieświadomie,неосознанно,adverb,Wyrażenie „nieświadomie” pomaga budować bardziej naturalne zdania.,Выражение «неосознанно» помогает строить более естественные предложения.,"Warto znać „nieświadomie”, bo często pojawia się w rozmowach i tekstach.","Стоит знать «неосознанно», потому что оно часто встречается в разговорах и текстах."
748,748,prawdą jest,"правда в том, что",phrase,Wyrażenie „prawdą jest” pomaga budować bardziej naturalne zdania.,Выражение «правда в том» помогает строить более естественные предложения.,"Warto znać „prawdą jest”, bo często pojawia się w rozmowach i tekstach.","Стоит знать «правда в том», потому что оно часто встречается в разговорах и текстах."
749,749,wydaje się,кажется,verb,Warto umieć poprawnie używać wyrażenia „wydaje się” w rozmowie.,Стоит уметь правильно использовать выражение «кажется» в разговоре.,"To wyrażenie często pojawia się w pracy, dokumentach i codziennych sytuacjach.","Это выражение часто встречается на работе, в документах и повседневных ситуациях."
750,750,oznaczać,означать,verb,Warto umieć poprawnie używać wyrażenia „oznaczać” w rozmowie.,Стоит уметь правильно использовать выражение «означать» в разговоре.,"To wyrażenie często pojawia się w pracy, dokumentach i codziennych sytuacjach.","Это выражение часто встречается на работе, в документах и повседневных ситуациях."
751,751,zakres,"объём, диапазон",noun,Pojęcie „zakres” często pojawia się w codziennym życiu w Polsce.,Понятие «объём» часто встречается в повседневной жизни в Польше.,"Warto dobrze rozumieć słowo „zakres”, bo jest praktyczne.","Стоит хорошо понимать слово «объём», потому что оно практичное."
752,752,obszar,область,noun,Pojęcie „obszar” często pojawia się w codziennym życiu w Polsce.,Понятие «область» часто встречается в повседневной жизни в Польше.,"Warto dobrze rozumieć słowo „obszar”, bo jest praktyczne.","Стоит хорошо понимать слово «область», потому что оно практичное."
753,753,dziedzina,"сфера, область",noun,Pojęcie „dziedzina” często pojawia się w codziennym życiu w Polsce.,Понятие «сфера» часто встречается в повседневной жизни в Польше.,"Warto dobrze rozumieć słowo „dziedzina”, bo jest praktyczne.","Стоит хорошо понимать слово «сфера», потому что оно практичное."
754,754,poziom życia,уровень жизни,noun,Pojęcie „poziom życia” często pojawia się w codziennym życiu w Polsce.,Понятие «уровень жизни» часто встречается в повседневной жизни в Польше.,"Warto dobrze rozumieć słowo „poziom życia”, bo jest praktyczne.","Стоит хорошо понимать слово «уровень жизни», потому что оно практичное."
755,755,sytuacja życiowa,жизненная ситуация,noun,Pojęcie „sytuacja życiowa” często pojawia się w codziennym życiu w Polsce.,Понятие «жизненная ситуация» часто встречается в повседневной жизни в Польше.,"Warto dobrze rozumieć słowo „sytuacja życiowa”, bo jest praktyczne.","Стоит хорошо понимать слово «жизненная ситуация», потому что оно практичное."
756,756,radzić sobie,справляться,verb,Warto umieć poprawnie używać wyrażenia „radzić sobie” w rozmowie.,Стоит уметь правильно использовать выражение «справляться» в разговоре.,"To wyrażenie często pojawia się w pracy, dokumentach i codziennych sytuacjach.","Это выражение часто встречается на работе, в документах и повседневных ситуациях."
757,757,stawić czoła,столкнуться с,verb,Warto umieć poprawnie używać wyrażenia „stawić czoła” w rozmowie.,Стоит уметь правильно использовать выражение «столкнуться с» в разговоре.,"To wyrażenie często pojawia się w pracy, dokumentach i codziennych sytuacjach.","Это выражение часто встречается на работе, в документах и повседневных ситуациях."
758,758,postępowanie,процедура,verb,Warto umieć poprawnie używać wyrażenia „unikać” w rozmowie.,Стоит уметь правильно использовать выражение «избегать» в разговоре.,"To wyrażenie często pojawia się w pracy, dokumentach i codziennych sytuacjach.","Это выражение часто встречается на работе, в документах и повседневных ситуациях."
759,759,przezwyciężyć,преодолеть,verb,Warto umieć poprawnie używać wyrażenia „przezwyciężyć” w rozmowie.,Стоит уметь правильно использовать выражение «преодолеть» в разговоре.,"To wyrażenie często pojawia się w pracy, dokumentach i codziennych sytuacjach.","Это выражение часто встречается на работе, в документах и повседневных ситуациях."
760,760,utrzymać,"поддерживать, сохранять",verb,Warto umieć poprawnie używać wyrażenia „utrzymać” w rozmowie.,Стоит уметь правильно использовать выражение «поддерживать» в разговоре.,"To wyrażenie często pojawia się w pracy, dokumentach i codziennych sytuacjach.","Это выражение часто встречается на работе, в документах и повседневных ситуациях."
761,761,zachować,сохранить,verb,Warto umieć poprawnie używać wyrażenia „zachować” w rozmowie.,Стоит уметь правильно использовать выражение «сохранить» в разговоре.,"To wyrażenie często pojawia się w pracy, dokumentach i codziennych sytuacjach.","Это выражение часто встречается на работе, в документах и повседневных ситуациях."
762,762,osiągalny,достижимый,adjective,Słowo „osiągalny” często pomaga dokładniej opisać sytuację.,Слово «достижимый» часто помогает точнее описать ситуацию.,"To przydatne słowo w pracy, rozmowach i oficjalnych tekstach.","Это полезное слово в работе, разговорах и официальных текстах."
763,763,realistyczny,реалистичный,adjective,Słowo „realistyczny” często pomaga dokładniej opisać sytuację.,Слово «реалистичный» часто помогает точнее описать ситуацию.,"To przydatne słowo w pracy, rozmowach i oficjalnych tekstach.","Это полезное слово в работе, разговорах и официальных текстах."
764,764,praktyczny,практичный,adjective,Słowo „praktyczny” często pomaga dokładniej opisać sytuację.,Слово «практичный» часто помогает точнее описать ситуацию.,"To przydatne słowo w pracy, rozmowach i oficjalnych tekstach.","Это полезное слово в работе, разговорах и официальных текстах."
765,765,skutecznie,эффективно,adverb,Wyrażenie „skutecznie” pomaga budować bardziej naturalne zdania.,Выражение «эффективно» помогает строить более естественные предложения.,"Warto znać „skutecznie”, bo często pojawia się w rozmowach i tekstach.","Стоит знать «эффективно», потому что оно часто встречается в разговорах и текстах."
766,766,efektywnie,эффективно,adverb,Wyrażenie „efektywnie” pomaga budować bardziej naturalne zdania.,Выражение «эффективно» помогает строить более естественные предложения.,"Warto znać „efektywnie”, bo często pojawia się w rozmowach i tekstach.","Стоит знать «эффективно», потому что оно часто встречается в разговорах и текстах."
767,767,odpowiednio,соответствующим образом,adverb,Wyrażenie „odpowiednio” pomaga budować bardziej naturalne zdania.,Выражение «соответствующим образом» помогает строить более естественные предложения.,"Warto znać „odpowiednio”, bo często pojawia się w rozmowach i tekstach.","Стоит знать «соответствующим образом», потому что оно часто встречается в разговорах и текстах."
768,768,wystarczająco,достаточно,adverb,Wyrażenie „wystarczająco” pomaga budować bardziej naturalne zdania.,Выражение «достаточно» помогает строить более естественные предложения.,"Warto znać „wystarczająco”, bo często pojawia się w rozmowach i tekstach.","Стоит знать «достаточно», потому что оно часто встречается в разговорах и текстах."
769,769,znacznie,значительно,adverb,Wyrażenie „znacznie” pomaga budować bardziej naturalne zdania.,Выражение «значительно» помогает строить более естественные предложения.,"Warto znać „znacznie”, bo często pojawia się w rozmowach i tekstach.","Стоит знать «значительно», потому что оно часто встречается в разговорах и текстах."
770,770,stosunkowo,относительно,adverb,Wyrażenie „stosunkowo” pomaga budować bardziej naturalne zdania.,Выражение «относительно» помогает строить более естественные предложения.,"Warto znać „stosunkowo”, bo często pojawia się w rozmowach i tekstach.","Стоит знать «относительно», потому что оно часто встречается в разговорах и текстах."
771,771,ostateczny,окончательный,adjective,Słowo „ostateczny” często pomaga dokładniej opisać sytuację.,Слово «окончательный» часто помогает точнее описать ситуацию.,"To przydatne słowo w pracy, rozmowach i oficjalnych tekstach.","Это полезное слово в работе, разговорах и официальных текстах."
772,772,zjawisko,явление,noun,Pojęcie „zjawisko” często pojawia się w codziennym życiu w Polsce.,Понятие «явление» часто встречается в повседневной жизни в Польше.,"Warto dobrze rozumieć słowo „zjawisko”, bo jest praktyczne.","Стоит хорошо понимать слово «явление», потому что оно практичное."
773,773,tendencja,тенденция,noun,Pojęcie „tendencja” często pojawia się w codziennym życiu w Polsce.,Понятие «тенденция» часто встречается в повседневной жизни в Польше.,"Warto dobrze rozumieć słowo „tendencja”, bo jest praktyczne.","Стоит хорошо понимать слово «тенденция», потому что оно практичное."
774,774,podejście,подход,noun,Pojęcie „podejście” często pojawia się w codziennym życiu w Polsce.,Понятие «подход» часто встречается в повседневной жизни в Польше.,"Warto dobrze rozumieć słowo „podejście”, bo jest praktyczne.","Стоит хорошо понимать слово «подход», потому что оно практичное."
775,775,strategia,стратегия,noun,Pojęcie „strategia” często pojawia się w codziennym życiu w Polsce.,Понятие «стратегия» часто встречается в повседневной жизни в Польше.,"Warto dobrze rozumieć słowo „strategia”, bo jest praktyczne.","Стоит хорошо понимать слово «стратегия», потому что оно практичное."
776,776,koncepcja,концепция,noun,Pojęcie „koncepcja” często pojawia się w codziennym życiu w Polsce.,Понятие «концепция» часто встречается в повседневной жизни в Польше.,"Warto dobrze rozumieć słowo „koncepcja”, bo jest praktyczne.","Стоит хорошо понимать слово «концепция», потому что оно практичное."
777,777,model,модель,noun,Pojęcie „model” często pojawia się w codziennym życiu w Polsce.,Понятие «модель» часто встречается в повседневной жизни в Польше.,"Warto dobrze rozumieć słowo „model”, bo jest praktyczne.","Стоит хорошо понимать слово «модель», потому что оно практичное."
778,778,struktura,структура,noun,Pojęcie „struktura” często pojawia się w codziennym życiu w Polsce.,Понятие «структура» часто встречается в повседневной жизни в Польше.,"Warto dobrze rozumieć słowo „struktura”, bo jest praktyczne.","Стоит хорошо понимать слово «структура», потому что оно практичное."
779,779,system,система,noun,Pojęcie „system” często pojawia się w codziennym życiu w Polsce.,Понятие «система» часто встречается в повседневной жизни в Польше.,"Warto dobrze rozumieć słowo „system”, bo jest praktyczne.","Стоит хорошо понимать слово «система», потому что оно практичное."
780,780,czynnik,фактор,noun,Pojęcie „czynnik” często pojawia się w codziennym życiu w Polsce.,Понятие «фактор» часто встречается в повседневной жизни в Польше.,"Warto dobrze rozumieć słowo „czynnik”, bo jest praktyczne.","Стоит хорошо понимать слово «фактор», потому что оно практичное."
781,781,równowaga,баланс,noun,Pojęcie „równowaga” często pojawia się w codziennym życiu w Polsce.,Понятие «баланс» часто встречается в повседневной жизни в Польше.,"Warto dobrze rozumieć słowo „równowaga”, bo jest praktyczne.","Стоит хорошо понимать слово «баланс», потому что оно практичное."
782,782,recepcjonista,администратор,noun,Pojęcie „perspektywy” często pojawia się w codziennym życiu w Polsce.,Понятие «перспективы» часто встречается в повседневной жизни в Польше.,"Warto dobrze rozumieć słowo „perspektywy”, bo jest praktyczne.","Стоит хорошо понимать слово «перспективы», потому что оно практичное."
783,783,społeczność,сообщество,noun,Pojęcie „społeczność” często pojawia się w codziennym życiu w Polsce.,Понятие «сообщество» часто встречается в повседневной жизни в Польше.,"Warto dobrze rozumieć słowo „społeczność”, bo jest praktyczne.","Стоит хорошо понимать слово «сообщество», потому что оно практичное."
784,784,wspólnota,сообщество,noun,Pojęcie „wspólnota” często pojawia się w codziennym życiu w Polsce.,Понятие «сообщество» часто встречается в повседневной жизни в Польше.,"Warto dobrze rozumieć słowo „wspólnota”, bo jest praktyczne.","Стоит хорошо понимать слово «сообщество», потому что оно практичное."
785,785,uczciwość,честность,noun,Pojęcie „uczciwość” często pojawia się w codziennym życiu w Polsce.,Понятие «честность» часто встречается в повседневной жизни в Польше.,"Warto dobrze rozumieć słowo „uczciwość”, bo jest praktyczne.","Стоит хорошо понимать слово «честность», потому что оно практичное."
786,786,wiarygodny,надёжный,adjective,Słowo „wiarygodny” często pomaga dokładniej opisać sytuację.,Слово «надёжный» часто помогает точнее описать ситуацию.,"To przydatne słowo w pracy, rozmowach i oficjalnych tekstach.","Это полезное слово в работе, разговорах и официальных текстах."
787,787,niekorzystny,невыгодный,adjective,Słowo „niekorzystny” często pomaga dokładniej opisać sytuację.,Слово «невыгодный» часто помогает точнее описать ситуацию.,"To przydatne słowo w pracy, rozmowach i oficjalnych tekstach.","Это полезное слово в работе, разговорах и официальных текстах."
788,788,kluczowy,ключевой,adjective,Słowo „kluczowy” często pomaga dokładniej opisać sytuację.,Слово «ключевой» часто помогает точнее описать ситуацию.,"To przydatne słowo w pracy, rozmowach i oficjalnych tekstach.","Это полезное слово в работе, разговорах и официальных текстах."
789,789,powszechny,распространённый,adjective,Słowo „powszechny” często pomaga dokładniej opisać sytuację.,Слово «распространённый» часто помогает точнее описать ситуацию.,"To przydatne słowo w pracy, rozmowach i oficjalnych tekstach.","Это полезное слово в работе, разговорах и официальных текстах."
790,790,typowy,типичный,adjective,Słowo „typowy” często pomaga dokładniej opisać sytuację.,Слово «типичный» часто помогает точнее описать ситуацию.,"To przydatne słowo w pracy, rozmowach i oficjalnych tekstach.","Это полезное слово в работе, разговорах и официальных текстах."
791,791,wyjątkowy,исключительный,adjective,Słowo „wyjątkowy” często pomaga dokładniej opisać sytuację.,Слово «исключительный» часто помогает точнее описать ситуацию.,"To przydatne słowo w pracy, rozmowach i oficjalnych tekstach.","Это полезное слово в работе, разговорах и официальных текстах."
792,792,podobny,похожий,adjective,Słowo „podobny” często pomaga dokładniej opisać sytuację.,Слово «похожий» часто помогает точнее описать ситуацию.,"To przydatne słowo w pracy, rozmowach i oficjalnych tekstach.","Это полезное слово в работе, разговорах и официальных текстах."
793,793,różnorodny,разнообразный,adjective,Słowo „różnorodny” często pomaga dokładniej opisać sytuację.,Слово «разнообразный» часто помогает точнее описать ситуацию.,"To przydatne słowo w pracy, rozmowach i oficjalnych tekstach.","Это полезное слово в работе, разговорах и официальных текстах."
794,794,elastyczny,гибкий,adjective,Słowo „elastyczny” często pomaga dokładniej opisać sytuację.,Слово «гибкий» часто помогает точнее описать ситуацию.,"To przydatne słowo w pracy, rozmowach i oficjalnych tekstach.","Это полезное слово в работе, разговорах и официальных текстах."
795,795,niezależny,независимый,adjective,Słowo „niezależny” często pomaga dokładniej opisać sytuację.,Слово «независимый» часто помогает точнее описать ситуацию.,"To przydatne słowo w pracy, rozmowach i oficjalnych tekstach.","Это полезное слово в работе, разговорах и официальных текстах."
796,796,samopoczucie,самочувствие,noun,Pojęcie „samopoczucie” często pojawia się w codziennym życiu w Polsce.,Понятие «самочувствие» часто встречается в повседневной жизни в Польше.,"Warto dobrze rozumieć słowo „samopoczucie”, bo jest praktyczne.","Стоит хорошо понимать слово «самочувствие», потому что оно практичное."
797,797,obawa,опасение,noun,Pojęcie „obawa” często pojawia się w codziennym życiu w Polsce.,Понятие «опасение» часто встречается в повседневной жизни в Польше.,"Warto dobrze rozumieć słowo „obawa”, bo jest praktyczne.","Стоит хорошо понимать слово «опасение», потому что оно практичное."
798,798,niepokój,тревога,noun,Pojęcie „niepokój” często pojawia się w codziennym życiu w Polsce.,Понятие «тревога» часто встречается в повседневной жизни в Польше.,"Warto dobrze rozumieć słowo „niepokój”, bo jest praktyczne.","Стоит хорошо понимать слово «тревога», потому что оно практичное."
799,799,zadowolenie,удовлетворение,noun,Pojęcie „zadowolenie” często pojawia się w codziennym życiu w Polsce.,Понятие «удовлетворение» часто встречается в повседневной жизни в Польше.,"Warto dobrze rozumieć słowo „zadowolenie”, bo jest praktyczne.","Стоит хорошо понимать слово «удовлетворение», потому что оно практичное."
800,800,szczęście,счастье,noun,Pojęcie „szczęście” często pojawia się w codziennym życiu w Polsce.,Понятие «счастье» часто встречается в повседневной жизни в Польше.,"Warto dobrze rozumieć słowo „szczęście”, bo jest praktyczne.","Стоит хорошо понимать слово «счастье», потому что оно практичное."
801,801,radość,радость,noun,Pojęcie „radość” często pojawia się w codziennym życiu w Polsce.,Понятие «радость» часто встречается в повседневной жизни в Польше.,"Warto dobrze rozumieć słowo „radość”, bo jest praktyczne.","Стоит хорошо понимать слово «радость», потому что оно практичное."
802,802,smutek,грусть,noun,Pojęcie „smutek” często pojawia się w codziennym życiu w Polsce.,Понятие «грусть» часто встречается в повседневной жизни в Польше.,"Warto dobrze rozumieć słowo „smutek”, bo jest praktyczne.","Стоит хорошо понимать слово «грусть», потому что оно практичное."
803,803,złość,злость,noun,Pojęcie „złość” często pojawia się w codziennym życiu w Polsce.,Понятие «злость» часто встречается в повседневной жизни в Польше.,"Warto dobrze rozumieć słowo „złość”, bo jest praktyczne.","Стоит хорошо понимать слово «злость», потому что оно практичное."
804,804,współczucie,сочувствие,noun,Pojęcie „współczucie” często pojawia się w codziennym życiu w Polsce.,Понятие «сочувствие» часто встречается в повседневной жизни в Польше.,"Warto dobrze rozumieć słowo „współczucie”, bo jest praktyczne.","Стоит хорошо понимать слово «сочувствие», потому что оно практичное."
805,805,cierpliwość,терпение,noun,Pojęcie „cierpliwość” często pojawia się w codziennym życiu w Polsce.,Понятие «терпение» часто встречается в повседневной жизни в Польше.,"Warto dobrze rozumieć słowo „cierpliwość”, bo jest praktyczne.","Стоит хорошо понимать слово «терпение», потому что оно практичное."
806,806,odwaga,смелость,noun,Pojęcie „odwaga” często pojawia się w codziennym życiu w Polsce.,Понятие «смелость» часто встречается в повседневной жизни в Польше.,"Warto dobrze rozumieć słowo „odwaga”, bo jest praktyczne.","Стоит хорошо понимать слово «смелость», потому что оно практичное."
807,807,dyscyplina,дисциплина,noun,Pojęcie „dyscyplina” często pojawia się w codziennym życiu w Polsce.,Понятие «дисциплина» часто встречается в повседневной жизни в Польше.,"Warto dobrze rozumieć słowo „dyscyplina”, bo jest praktyczne.","Стоит хорошо понимать слово «дисциплина», потому что оно практичное."
808,808,zaangażowanie,вовлечённость,noun,Pojęcie „zaangażowanie” często pojawia się w codziennym życiu w Polsce.,Понятие «вовлечённость» часто встречается в повседневной жизни в Польше.,"Warto dobrze rozumieć słowo „zaangażowanie”, bo jest praktyczne.","Стоит хорошо понимать слово «вовлечённость», потому что оно практичное."
809,809,wysiłek,усилие,noun,Pojęcie „wysiłek” często pojawia się w codziennym życiu w Polsce.,Понятие «усилие» часто встречается в повседневной жизни в Польше.,"Warto dobrze rozumieć słowo „wysiłek”, bo jest praktyczne.","Стоит хорошо понимать слово «усилие», потому что оно практичное."
810,810,nawyk,привычка,noun,Pojęcie „nawyk” często pojawia się w codziennym życiu w Polsce.,Понятие «привычка» часто встречается в повседневной жизни в Польше.,"Warto dobrze rozumieć słowo „nawyk”, bo jest praktyczne.","Стоит хорошо понимать слово «привычка», потому что оно практичное."
811,811,przyzwyczajenie,привычка,noun,Pojęcie „przyzwyczajenie” często pojawia się w codziennym życiu w Polsce.,Понятие «привычка» часто встречается в повседневной жизни в Польше.,"Warto dobrze rozumieć słowo „przyzwyczajenie”, bo jest praktyczne.","Стоит хорошо понимать слово «привычка», потому что оно практичное."
812,812,przekazywać,передавать,verb,Warto umieć poprawnie używać wyrażenia „przekazywać” w rozmowie.,Стоит уметь правильно использовать выражение «передавать» в разговоре.,"To wyrażenie często pojawia się w pracy, dokumentach i codziennych sytuacjach.","Это выражение часто встречается на работе, в документах и повседневных ситуациях."
813,813,dzielić się,делиться,verb,Warto umieć poprawnie używać wyrażenia „dzielić się” w rozmowie.,Стоит уметь правильно использовать выражение «делиться» в разговоре.,"To wyrażenie często pojawia się w pracy, dokumentach i codziennych sytuacjach.","Это выражение часто встречается на работе, в документах и повседневных ситуациях."
814,814,współpracować,сотрудничать,verb,Warto umieć poprawnie używać wyrażenia „współpracować” w rozmowie.,Стоит уметь правильно использовать выражение «сотрудничать» в разговоре.,"To wyrażenie często pojawia się w pracy, dokumentach i codziennych sytuacjach.","Это выражение часто встречается на работе, в документах и повседневных ситуациях."
815,815,dyskutować,обсуждать,verb,Warto umieć poprawnie używać wyrażenia „dyskutować” w rozmowie.,Стоит уметь правильно использовать выражение «обсуждать» в разговоре.,"To wyrażenie często pojawia się w pracy, dokumentach i codziennych sytuacjach.","Это выражение часто встречается на работе, в документах и повседневных ситуациях."
816,816,negocjować,вести переговоры,verb,Warto umieć poprawnie używać wyrażenia „negocjować” w rozmowie.,Стоит уметь правильно использовать выражение «вести переговоры» в разговоре.,"To wyrażenie często pojawia się w pracy, dokumentach i codziennych sytuacjach.","Это выражение часто встречается на работе, в документах и повседневных ситуациях."
817,817,uzgadniać,согласовывать,verb,Warto umieć poprawnie używać wyrażenia „uzgadniać” w rozmowie.,Стоит уметь правильно использовать выражение «согласовывать» в разговоре.,"To wyrażenie często pojawia się w pracy, dokumentach i codziennych sytuacjach.","Это выражение часто встречается на работе, в документах и повседневных ситуациях."
818,818,akceptować,принимать,verb,Warto umieć poprawnie używać wyrażenia „akceptować” w rozmowie.,Стоит уметь правильно использовать выражение «принимать» в разговоре.,"To wyrażenie często pojawia się w pracy, dokumentach i codziennych sytuacjach.","Это выражение часто встречается на работе, в документах и повседневных ситуациях."
819,819,odmawiać,отказывать,verb,Warto umieć poprawnie używać wyrażenia „odmawiać” w rozmowie.,Стоит уметь правильно использовать выражение «отказывать» в разговоре.,"To wyrażenie często pojawia się w pracy, dokumentach i codziennych sytuacjach.","Это выражение часто встречается на работе, в документах и повседневных ситуациях."
820,820,wiedza,знания,noun,Pojęcie „wiedza” często pojawia się w codziennym życiu w Polsce.,Понятие «знания» часто встречается в повседневной жизни в Польше.,"Warto dobrze rozumieć słowo „wiedza”, bo jest praktyczne.","Стоит хорошо понимать слово «знания», потому что оно практичное."
821,821,zdolność,способность,noun,Pojęcie „zdolność” często pojawia się w codziennym życiu w Polsce.,Понятие «способность» часто встречается в повседневной жизни в Польше.,"Warto dobrze rozumieć słowo „zdolność”, bo jest praktyczne.","Стоит хорошо понимать слово «способность», потому что оно практичное."
822,822,talent,талант,noun,Pojęcie „talent” często pojawia się w codziennym życiu w Polsce.,Понятие «талант» часто встречается в повседневной жизни в Польше.,"Warto dobrze rozumieć słowo „talent”, bo jest praktyczne.","Стоит хорошо понимать слово «талант», потому что оно практичное."
823,823,nauczanie,обучение,noun,Pojęcie „nauczanie” często pojawia się w codziennym życiu w Polsce.,Понятие «обучение» часто встречается в повседневной жизни в Польше.,"Warto dobrze rozumieć słowo „nauczanie”, bo jest praktyczne.","Стоит хорошо понимать слово «обучение», потому что оно практичное."
824,824,uczyć się,учиться,verb,Warto umieć poprawnie używać wyrażenia „uczyć się” w rozmowie.,Стоит уметь правильно использовать выражение «учиться» в разговоре.,"To wyrażenie często pojawia się w pracy, dokumentach i codziennych sytuacjach.","Это выражение часто встречается на работе, в документах и повседневных ситуациях."
825,825,zapamiętać,запомнить,verb,Warto umieć poprawnie używać wyrażenia „zapamiętać” w rozmowie.,Стоит уметь правильно использовать выражение «запомнить» в разговоре.,"To wyrażenie często pojawia się w pracy, dokumentach i codziennych sytuacjach.","Это выражение часто встречается на работе, в документах и повседневных ситуациях."
826,826,pamiętać,помнить,verb,Warto umieć poprawnie używać wyrażenia „pamiętać” w rozmowie.,Стоит уметь правильно использовать выражение «помнить» в разговоре.,"To wyrażenie często pojawia się w pracy, dokumentach i codziennych sytuacjach.","Это выражение часто встречается на работе, в документах и повседневных ситуациях."
827,827,zapominać,забывать,verb,Warto umieć poprawnie używać wyrażenia „zapominać” w rozmowie.,Стоит уметь правильно использовать выражение «забывать» в разговоре.,"To wyrażenie często pojawia się w pracy, dokumentach i codziennych sytuacjach.","Это выражение часто встречается на работе, в документах и повседневных ситуациях."
828,828,myśleć,думать,verb,Warto umieć poprawnie używać wyrażenia „myśleć” w rozmowie.,Стоит уметь правильно использовать выражение «думать» в разговоре.,"To wyrażenie często pojawia się w pracy, dokumentach i codziennych sytuacjach.","Это выражение часто встречается на работе, в документах и повседневных ситуациях."
829,829,wnioskować,делать выводы,verb,Warto umieć poprawnie używać wyrażenia „wnioskować” w rozmowie.,Стоит уметь правильно использовать выражение «делать выводы» в разговоре.,"To wyrażenie często pojawia się w pracy, dokumentach i codziennych sytuacjach.","Это выражение часто встречается на работе, в документах и повседневных ситуациях."
830,830,przewidywanie,прогнозирование,noun,Pojęcie „przewidywanie” często pojawia się w codziennym życiu w Polsce.,Понятие «прогнозирование» часто встречается в повседневной жизни в Польше.,"Warto dobrze rozumieć słowo „przewidywanie”, bo jest praktyczne.","Стоит хорошо понимать слово «прогнозирование», потому что оно практичное."
831,831,mądrość,мудрость,noun,Pojęcie „mądrość” często pojawia się w codziennym życiu w Polsce.,Понятие «мудрость» часто встречается в повседневной жизни в Польше.,"Warto dobrze rozumieć słowo „mądrość”, bo jest praktyczne.","Стоит хорошо понимать слово «мудрость», потому что оно практичное."
832,832,realizacja,реализация,noun,Pojęcie „realizacja” często pojawia się w codziennym życiu w Polsce.,Понятие «реализация» часто встречается в повседневной жизни в Польше.,"Warto dobrze rozumieć słowo „realizacja”, bo jest praktyczne.","Стоит хорошо понимать слово «реализация», потому что оно практичное."
833,833,osiągnięcie celu,достижение цели,noun,Pojęcie „osiągnięcie celu” często pojawia się w codziennym życiu w Polsce.,Понятие «достижение цели» часто встречается в повседневной жизни в Польше.,"Warto dobrze rozumieć słowo „osiągnięcie celu”, bo jest praktyczne.","Стоит хорошо понимать слово «достижение цели», потому что оно практичное."
834,834,udoskonalać,совершенствовать,verb,Warto umieć poprawnie używać wyrażenia „udoskonalać” w rozmowie.,Стоит уметь правильно использовать выражение «совершенствовать» в разговоре.,"To wyrażenie często pojawia się w pracy, dokumentach i codziennych sytuacjach.","Это выражение часто встречается на работе, в документах и повседневных ситуациях."
835,835,osiągać sukces,добиваться успеха,verb,Warto umieć poprawnie używać wyrażenia „osiągać sukces” w rozmowie.,Стоит уметь правильно использовать выражение «добиваться успеха» в разговоре.,"To wyrażenie często pojawia się w pracy, dokumentach i codziennych sytuacjach.","Это выражение часто встречается на работе, в документах и повседневных ситуациях."
836,836,ponosić odpowiedzialność,нести ответственность,verb,Warto umieć poprawnie używać wyrażenia „ponosić odpowiedzialność” w rozmowie.,Стоит уметь правильно использовать выражение «нести ответственность» в разговоре.,"To wyrażenie często pojawia się w pracy, dokumentach i codziennych sytuacjach.","Это выражение часто встречается на работе, в документах и повседневных ситуациях."
837,837,podejmować działania,предпринимать действия,verb,Warto umieć poprawnie używać wyrażenia „podejmować działania” w rozmowie.,Стоит уметь правильно использовать выражение «предпринимать действия» в разговоре.,"To wyrażenie często pojawia się w pracy, dokumentach i codziennych sytuacjach.","Это выражение часто встречается на работе, в документах и повседневных ситуациях."
838,838,dążyć do,стремиться к,verb,Warto umieć poprawnie używać wyrażenia „dążyć do” w rozmowie.,Стоит уметь правильно использовать выражение «стремиться к» в разговоре.,"To wyrażenie często pojawia się w pracy, dokumentach i codziennych sytuacjach.","Это выражение часто встречается на работе, в документах и повседневных ситуациях."
839,839,mieć zastosowanie,применяться,noun,Pojęcie „formularz” często pojawia się w codziennym życiu w Polsce.,Понятие «формуляр» часто встречается в повседневной жизни в Польше.,"Warto dobrze rozumieć słowo „formularz”, bo jest praktyczne.","Стоит хорошо понимать слово «формуляр», потому что оно практичное."
840,840,wynosić,составлять,noun,Pojęcie „podpis” często pojawia się w codziennym życiu w Polsce.,Понятие «подпись» часто встречается в повседневной жизни в Польше.,"Warto dobrze rozumieć słowo „podpis”, bo jest praktyczne.","Стоит хорошо понимать слово «подпись», потому что оно практичное."
841,841,załącznik,приложение,noun,Pojęcie „załącznik” często pojawia się w codziennym życiu w Polsce.,Понятие «приложение» часто встречается в повседневной жизни в Польше.,"Warto dobrze rozumieć słowo „załącznik”, bo jest praktyczne.","Стоит хорошо понимать слово «приложение», потому что оно практичное."
842,842,oryginał,оригинал,noun,Pojęcie „oryginał” często pojawia się w codziennym życiu w Polsce.,Понятие «оригинал» часто встречается в повседневной жизни в Польше.,"Warto dobrze rozumieć słowo „oryginał”, bo jest praktyczne.","Стоит хорошо понимать слово «оригинал», потому что оно практичное."
843,843,kopia,копия,noun,Pojęcie „kopia” często pojawia się w codziennym życiu w Polsce.,Понятие «копия» часто встречается в повседневной жизни в Польше.,"Warto dobrze rozumieć słowo „kopia”, bo jest praktyczne.","Стоит хорошо понимать слово «копия», потому что оно практичное."
844,844,pełnomocnictwo,доверенность,noun,Pojęcie „pełnomocnictwo” często pojawia się w codziennym życiu w Polsce.,Понятие «доверенность» часто встречается в повседневной жизни в Польше.,"Warto dobrze rozumieć słowo „pełnomocnictwo”, bo jest praktyczne.","Стоит хорошо понимать слово «доверенность», потому что оно практичное."
845,845,status,статус,noun,Pojęcie „status” często pojawia się w codziennym życiu w Polsce.,Понятие «статус» часто встречается в повседневной жизни в Польше.,"Warto dobrze rozumieć słowo „status”, bo jest praktyczne.","Стоит хорошо понимать слово «статус», потому что оно практичное."
846,846,konto rozliczeniowe,расчетный счет,noun,Pojęcie „procedura” często pojawia się w codziennym życiu w Polsce.,Понятие «процедура» часто встречается в повседневной жизни в Польше.,"Warto dobrze rozumieć słowo „procedura”, bo jest praktyczne.","Стоит хорошо понимать слово «процедура», потому что оно практичное."
847,847,magazyn,склад,noun,Pojęcie „kryterium” często pojawia się w codziennym życiu w Polsce.,Понятие «критерий» часто встречается в повседневной жизни в Польше.,"Warto dobrze rozumieć słowo „kryterium”, bo jest praktyczne.","Стоит хорошо понимать слово «критерий», потому что оно практичное."
848,848,przedstawiciel,представитель,noun,Pojęcie „uprawnienie” często pojawia się w codziennym życiu w Polsce.,Понятие «право» часто встречается в повседневной жизни в Польше.,"Warto dobrze rozumieć słowo „uprawnienie”, bo jest praktyczne.","Стоит хорошо понимать слово «право», потому что оно практичное."
849,849,kurier,курьер,verb,Warto umieć poprawnie używać wyrażenia „obowiązywać” w rozmowie.,Стоит уметь правильно использовать выражение «действовать» в разговоре.,"To wyrażenie często pojawia się w pracy, dokumentach i codziennych sytuacjach.","Это выражение часто встречается на работе, в документах и повседневных ситуациях."
850,850,zgłaszać,"сообщать, заявлять",verb,Warto umieć poprawnie używać wyrażenia „zgłaszać” w rozmowie.,Стоит уметь правильно использовать выражение «сообщать» в разговоре.,"To wyrażenie często pojawia się w pracy, dokumentach i codziennych sytuacjach.","Это выражение часто встречается на работе, в документах и повседневных ситуациях."
851,851,składać wniosek,подавать заявление,verb,Warto umieć poprawnie używać wyrażenia „składać wniosek” w rozmowie.,Стоит уметь правильно использовать выражение «подавать заявление» в разговоре.,"To wyrażenie często pojawia się w pracy, dokumentach i codziennych sytuacjach.","Это выражение часто встречается на работе, в документах и повседневных ситуациях."
852,852,otrzymywać,получать,verb,Warto umieć poprawnie używać wyrażenia „otrzymywać” w rozmowie.,Стоит уметь правильно использовать выражение «получать» в разговоре.,"To wyrażenie często pojawia się w pracy, dokumentach i codziennych sytuacjach.","Это выражение часто встречается на работе, в документах и повседневных ситуациях."
853,853,wydawać,выдавать,verb,Warto umieć poprawnie używać wyrażenia „wydawać” w rozmowie.,Стоит уметь правильно использовать выражение «выдавать» в разговоре.,"To wyrażenie często pojawia się w pracy, dokumentach i codziennych sytuacjach.","Это выражение часто встречается на работе, в документах и повседневных ситуациях."
854,854,odbiorca,получатель,verb,Warto umieć poprawnie używać wyrażenia „zatwierdzać” w rozmowie.,Стоит уметь правильно использовать выражение «утверждать» в разговоре.,"To wyrażenie często pojawia się w pracy, dokumentach i codziennych sytuacjach.","Это выражение часто встречается на работе, в документах и повседневных ситуациях."
855,855,odwołanie,апелляция,noun,Pojęcie „odwołanie” często pojawia się w codziennym życiu w Polsce.,Понятие «апелляция» часто встречается в повседневной жизни в Польше.,"Warto dobrze rozumieć słowo „odwołanie”, bo jest praktyczne.","Стоит хорошо понимать слово «апелляция», потому что оно практичное."
856,856,rozpatrzenie,рассмотрение,noun,Pojęcie „rozpatrzenie” często pojawia się w codziennym życiu w Polsce.,Понятие «рассмотрение» часто встречается в повседневной жизни в Польше.,"Warto dobrze rozumieć słowo „rozpatrzenie”, bo jest praktyczne.","Стоит хорошо понимать слово «рассмотрение», потому что оно практичное."
857,857,terminowo,своевременно,adverb,Wyrażenie „terminowo” pomaga budować bardziej naturalne zdania.,Выражение «своевременно» помогает строить более естественные предложения.,"Warto znać „terminowo”, bo często pojawia się w rozmowach i tekstach.","Стоит знать «своевременно», потому что оно часто встречается в разговорах и текстах."
858,858,powiadomienie,уведомление,noun,Pojęcie „powiadomienie” często pojawia się w codziennym życiu w Polsce.,Понятие «уведомление» часто встречается в повседневной жизни в Польше.,"Warto dobrze rozumieć słowo „powiadomienie”, bo jest praktyczne.","Стоит хорошо понимать слово «уведомление», потому что оно практичное."
859,859,komunikat,сообщение,noun,Pojęcie „komunikat” często pojawia się w codziennym życiu w Polsce.,Понятие «сообщение» часто встречается в повседневной жизни в Польше.,"Warto dobrze rozumieć słowo „komunikat”, bo jest praktyczne.","Стоит хорошо понимать слово «сообщение», потому что оно практичное."
860,860,informować,информировать,verb,Warto umieć poprawnie używać wyrażenia „informować” w rozmowie.,Стоит уметь правильно использовать выражение «информировать» в разговоре.,"To wyrażenie często pojawia się w pracy, dokumentach i codziennych sytuacjach.","Это выражение часто встречается на работе, в документах и повседневных ситуациях."
861,861,ogłaszać,объявлять,verb,Warto umieć poprawnie używać wyrażenia „ogłaszać” w rozmowie.,Стоит уметь правильно использовать выражение «объявлять» в разговоре.,"To wyrażenie często pojawia się w pracy, dokumentach i codziennych sytuacjach.","Это выражение часто встречается на работе, в документах и повседневных ситуациях."
862,862,publikować,публиковать,verb,Warto umieć poprawnie używać wyrażenia „publikować” w rozmowie.,Стоит уметь правильно использовать выражение «публиковать» в разговоре.,"To wyrażenie często pojawia się w pracy, dokumentach i codziennych sytuacjach.","Это выражение часто встречается на работе, в документах и повседневных ситуациях."
863,863,badanie opinii,опрос,noun,Pojęcie „badanie opinii” często pojawia się w codziennym życiu w Polsce.,Понятие «опрос» часто встречается в повседневной жизни в Польше.,"Warto dobrze rozumieć słowo „badanie opinii”, bo jest praktyczne.","Стоит хорошо понимать слово «опрос», потому что оно практичное."
864,864,ekspert,эксперт,noun,Pojęcie „ekspert” często pojawia się w codziennym życiu w Polsce.,Понятие «эксперт» часто встречается в повседневной жизни в Польше.,"Warto dobrze rozumieć słowo „ekspert”, bo jest praktyczne.","Стоит хорошо понимать слово «эксперт», потому что оно практичное."
865,865,specjalizacja,специализация,noun,Pojęcie „specjalizacja” często pojawia się w codziennym życiu w Polsce.,Понятие «специализация» часто встречается в повседневной жизни в Польше.,"Warto dobrze rozumieć słowo „specjalizacja”, bo jest praktyczne.","Стоит хорошо понимать слово «специализация», потому что оно практичное."
866,866,wspólny,общий,adjective,Słowo „wspólny” często pomaga dokładniej opisać sytuację.,Слово «общий» часто помогает точнее описать ситуацию.,"To przydatne słowo w pracy, rozmowach i oficjalnych tekstach.","Это полезное слово в работе, разговорах и официальных текстах."
867,867,indywidualny,индивидуальный,adjective,Słowo „indywidualny” często pomaga dokładniej opisać sytuację.,Слово «индивидуальный» часто помогает точнее описать ситуацию.,"To przydatne słowo w pracy, rozmowach i oficjalnych tekstach.","Это полезное слово в работе, разговорах и официальных текстах."
868,868,ogólny,общий,adjective,Słowo „ogólny” często pomaga dokładniej opisać sytuację.,Слово «общий» часто помогает точнее описать ситуацию.,"To przydatne słowo w pracy, rozmowach i oficjalnych tekstach.","Это полезное слово в работе, разговорах и официальных текстах."
869,869,szczegółowy,подробный,adjective,Słowo „szczegółowy” często pomaga dokładniej opisać sytuację.,Слово «подробный» часто помогает точнее описать ситуацию.,"To przydatne słowo w pracy, rozmowach i oficjalnych tekstach.","Это полезное слово в работе, разговорах и официальных текстах."
870,870,dokładny,точный,adjective,Słowo „dokładny” często pomaga dokładniej opisać sytuację.,Слово «точный» часто помогает точнее описать ситуацию.,"To przydatne słowo w pracy, rozmowach i oficjalnych tekstach.","Это полезное слово в работе, разговорах и официальных текстах."
871,871,aktualny,актуальный,adjective,Słowo „aktualny” często pomaga dokładniej opisać sytuację.,Слово «актуальный» часто помогает точнее описать ситуацию.,"To przydatne słowo w pracy, rozmowach i oficjalnych tekstach.","Это полезное слово в работе, разговорах и официальных текстах."
872,872,przydatny,полезный,adjective,Słowo „przydatny” często pomaga dokładniej opisać sytuację.,Слово «полезный» часто помогает точнее описать ситуацию.,"To przydatne słowo w pracy, rozmowach i oficjalnych tekstach.","Это полезное слово в работе, разговорах и официальных текстах."
873,873,wartościowy,ценный,adjective,Słowo „wartościowy” często pomaga dokładniej opisać sytuację.,Слово «ценный» часто помогает точнее описать ситуацию.,"To przydatne słowo w pracy, rozmowach i oficjalnych tekstach.","Это полезное слово в работе, разговорах и официальных текстах."
874,874,niezwykle,чрезвычайно,adverb,Wyrażenie „niezwykle” pomaga budować bardziej naturalne zdania.,Выражение «чрезвычайно» помогает строить более естественные предложения.,"Warto znać „niezwykle”, bo często pojawia się w rozmowach i tekstach.","Стоит знать «чрезвычайно», потому что оно часто встречается в разговорах и текстах."
875,875,wymagać,требовать,verb,Warto umieć poprawnie używać wyrażenia „wymagać” w rozmowie.,Стоит уметь правильно использовать выражение «требовать» в разговоре.,"To wyrażenie często pojawia się w pracy, dokumentach i codziennych sytuacjach.","Это выражение часто встречается на работе, в документах и повседневных ситуациях."
876,876,zapewnić,обеспечить,verb,Warto umieć poprawnie używać wyrażenia „zapewnić” w rozmowie.,Стоит уметь правильно использовать выражение «обеспечить» в разговоре.,"To wyrażenie często pojawia się w pracy, dokumentach i codziennych sytuacjach.","Это выражение часто встречается на работе, в документах и повседневных ситуациях."
877,877,przedstawiać,представлять,verb,Warto umieć poprawnie używać wyrażenia „przedstawiać” w rozmowie.,Стоит уметь правильно использовать выражение «представлять» в разговоре.,"To wyrażenie często pojawia się w pracy, dokumentach i codziennych sytuacjach.","Это выражение часто встречается на работе, в документах и повседневных ситуациях."
878,878,dostarczać,предоставлять,verb,Warto umieć poprawnie używać wyrażenia „dostarczać” w rozmowie.,Стоит уметь правильно использовать выражение «предоставлять» в разговоре.,"To wyrażenie często pojawia się w pracy, dokumentach i codziennych sytuacjach.","Это выражение часто встречается на работе, в документах и повседневных ситуациях."
879,879,okazywać się,оказываться,verb,Warto umieć poprawnie używać wyrażenia „okazywać się” w rozmowie.,Стоит уметь правильно использовать выражение «оказываться» в разговоре.,"To wyrażenie często pojawia się w pracy, dokumentach i codziennych sytuacjach.","Это выражение часто встречается на работе, в документах и повседневных ситуациях."
880,880,stanowić,"составлять, представлять собой",verb,Warto umieć poprawnie używać wyrażenia „stanowić” w rozmowie.,Стоит уметь правильно использовать выражение «составлять» в разговоре.,"To wyrażenie często pojawia się w pracy, dokumentach i codziennych sytuacjach.","Это выражение часто встречается на работе, в документах и повседневных ситуациях."
881,881,dążyć,стремиться,verb,Warto umieć poprawnie używać wyrażenia „dążyć” w rozmowie.,Стоит уметь правильно использовать выражение «стремиться» в разговоре.,"To wyrażenie często pojawia się w pracy, dokumentach i codziennych sytuacjach.","Это выражение часто встречается на работе, в документах и повседневных ситуациях."
882,882,przynosić,приносить,verb,Warto umieć poprawnie używać wyrażenia „przynosić” w rozmowie.,Стоит уметь правильно использовать выражение «приносить» в разговоре.,"To wyrażenie często pojawia się w pracy, dokumentach i codziennych sytuacjach.","Это выражение часто встречается на работе, в документах и повседневных ситуациях."
883,883,dotychczasowy,прежний,adjective,Słowo „dotychczasowy” często pomaga dokładniej opisać sytuację.,Слово «прежний» часто помогает точнее описать ситуацию.,"To przydatne słowo w pracy, rozmowach i oficjalnych tekstach.","Это полезное слово в работе, разговорах и официальных текстах."
884,884,przyszły,будущий,adjective,Słowo „przyszły” często pomaga dokładniej opisać sytuację.,Слово «будущий» часто помогает точнее описать ситуацию.,"To przydatne słowo w pracy, rozmowach i oficjalnych tekstach.","Это полезное слово в работе, разговорах и официальных текстах."
885,885,obecny,текущий,adjective,Słowo „obecny” często pomaga dokładniej opisać sytuację.,Слово «текущий» часто помогает точнее описать ситуацию.,"To przydatne słowo w pracy, rozmowach i oficjalnych tekstach.","Это полезное слово в работе, разговорах и официальных текстах."
886,886,pozostały,оставшийся,adjective,Słowo „pozostały” często pomaga dokładniej opisać sytuację.,Слово «оставшийся» часто помогает точнее описать ситуацию.,"To przydatne słowo w pracy, rozmowach i oficjalnych tekstach.","Это полезное слово в работе, разговорах и официальных текстах."
887,887,właściwy,правильный,adjective,Słowo „właściwy” często pomaga dokładniej opisać sytuację.,Слово «правильный» часто помогает точнее описать ситуацию.,"To przydatne słowo w pracy, rozmowach i oficjalnych tekstach.","Это полезное слово в работе, разговорах и официальных текстах."
888,888,niewłaściwy,неправильный,adjective,Słowo „niewłaściwy” często pomaga dokładniej opisać sytuację.,Слово «неправильный» часто помогает точнее описать ситуацию.,"To przydatne słowo w pracy, rozmowach i oficjalnych tekstach.","Это полезное слово в работе, разговорах и официальных текстах."
889,889,zgodny,соответствующий,adjective,Słowo „zgodny” często pomaga dokładniej opisać sytuację.,Слово «соответствующий» часто помогает точнее описать ситуацию.,"To przydatne słowo w pracy, rozmowach i oficjalnych tekstach.","Это полезное слово в работе, разговорах и официальных текстах."
890,890,podobnie,аналогично,adverb,Wyrażenie „podobnie” pomaga budować bardziej naturalne zdania.,Выражение «аналогично» помогает строить более естественные предложения.,"Warto znać „podobnie”, bo często pojawia się w rozmowach i tekstach.","Стоит знать «аналогично», потому что оно часто встречается в разговорах и текстах."
891,891,jednocześnie,одновременно,adverb,Wyrażenie „jednocześnie” pomaga budować bardziej naturalne zdania.,Выражение «одновременно» помогает строить более естественные предложения.,"Warto znać „jednocześnie”, bo często pojawia się w rozmowach i tekstach.","Стоит знать «одновременно», потому что оно часто встречается в разговорах и текстах."
892,892,w konsekwencji,вследствие этого,phrase,Wyrażenie „w konsekwencji” pomaga budować bardziej naturalne zdania.,Выражение «вследствие этого» помогает строить более естественные предложения.,"Warto znać „w konsekwencji”, bo często pojawia się w rozmowach i tekstach.","Стоит знать «вследствие этого», потому что оно часто встречается в разговорах и текстах."
893,893,w odniesieniu do,в отношении,phrase,Wyrażenie „w odniesieniu do” pomaga budować bardziej naturalne zdania.,Выражение «в отношении» помогает строить более естественные предложения.,"Warto znać „w odniesieniu do”, bo często pojawia się w rozmowach i tekstach.","Стоит знать «в отношении», потому что оно часто встречается в разговорах и текстах."
894,894,zgodnie z planem,согласно плану,phrase,Wyrażenie „zgodnie z planem” pomaga budować bardziej naturalne zdania.,Выражение «согласно плану» помогает строить более естественные предложения.,"Warto znać „zgodnie z planem”, bo często pojawia się w rozmowach i tekstach.","Стоит знать «согласно плану», потому что оно часто встречается в разговорах и текстах."
895,895,na bieżąco,по мере поступления,phrase,Wyrażenie „na bieżąco” pomaga budować bardziej naturalne zdania.,Выражение «по мере поступления» помогает строить более естественные предложения.,"Warto znać „na bieżąco”, bo często pojawia się w rozmowach i tekstach.","Стоит знать «по мере поступления», потому что оно часто встречается в разговорах и текстах."
896,896,w związku z tym,в связи с этим,phrase,Wyrażenie „w związku z tym” pomaga budować bardziej naturalne zdania.,Выражение «в связи с этим» помогает строить более естественные предложения.,"Warto znać „w związku z tym”, bo często pojawia się w rozmowach i tekstach.","Стоит знать «в связи с этим», потому что оно часто встречается в разговорах и текстах."
897,897,co więcej,более того,phrase,Wyrażenie „co więcej” pomaga budować bardziej naturalne zdania.,Выражение «более того» помогает строить более естественные предложения.,"Warto znać „co więcej”, bo często pojawia się w rozmowach i tekstach.","Стоит знать «более того», потому что оно часто встречается в разговорах и текстах."
898,898,z drugiej strony,с другой стороны,phrase,Wyrażenie „z drugiej strony” pomaga budować bardziej naturalne zdania.,Выражение «с другой стороны» помогает строить более естественные предложения.,"Warto znać „z drugiej strony”, bo często pojawia się w rozmowach i tekstach.","Стоит знать «с другой стороны», потому что оно часто встречается в разговорах и текстах."
899,899,warto zauważyć,стоит отметить,phrase,Wyrażenie „warto zauważyć” pomaga budować bardziej naturalne zdania.,Выражение «стоит отметить» помогает строить более естественные предложения.,"Warto znać „warto zauważyć”, bo często pojawia się w rozmowach i tekstach.","Стоит знать «стоит отметить», потому что оно часто встречается в разговорах и текстах."
900,900,nie ma wątpliwości,нет сомнений,phrase,Wyrażenie „nie ma wątpliwości” pomaga budować bardziej naturalne zdania.,Выражение «нет сомнений» помогает строить более естественные предложения.,"Warto znać „nie ma wątpliwości”, bo często pojawia się w rozmowach i tekstach.","Стоит знать «нет сомнений», потому что оно часто встречается в разговорах и текстах."
901,901,podsumowanie,резюме,noun,Pojęcie „podsumowanie” często pojawia się w codziennym życiu w Polsce.,Понятие «резюме» часто встречается в повседневной жизни в Польше.,"Warto dobrze rozumieć słowo „podsumowanie”, bo jest praktyczne.","Стоит хорошо понимать слово «резюме», потому что оно практичное."
902,902,wniosek końcowy,итоговый вывод,noun,Pojęcie „wniosek końcowy” często pojawia się w codziennym życiu w Polsce.,Понятие «итоговый вывод» часто встречается в повседневной жизни в Польше.,"Warto dobrze rozumieć słowo „wniosek końcowy”, bo jest praktyczne.","Стоит хорошо понимать слово «итоговый вывод», потому что оно практичное."
903,903,priorytetowy,приоритетный,adjective,Słowo „priorytetowy” często pomaga dokładniej opisać sytuację.,Слово «приоритетный» часто помогает точнее описать ситуацию.,"To przydatne słowo w pracy, rozmowach i oficjalnych tekstach.","Это полезное слово в работе, разговорах и официальных текстах."
904,904,długoterminowy,долгосрочный,adjective,Słowo „długoterminowy” często pomaga dokładniej opisać sytuację.,Слово «долгосрочный» часто помогает точнее описать ситуацию.,"To przydatne słowo w pracy, rozmowach i oficjalnych tekstach.","Это полезное слово в работе, разговорах и официальных текстах."
905,905,krótkoterminowy,краткосрочный,adjective,Słowo „krótkoterminowy” często pomaga dokładniej opisać sytuację.,Слово «краткосрочный» часто помогает точнее описать ситуацию.,"To przydatne słowo w pracy, rozmowach i oficjalnych tekstach.","Это полезное слово в работе, разговорах и официальных текстах."
906,906,efektywność,эффективность,noun,Pojęcie „efektywność” często pojawia się w codziennym życiu w Polsce.,Понятие «эффективность» часто встречается в повседневной жизни в Польше.,"Warto dobrze rozumieć słowo „efektywność”, bo jest praktyczne.","Стоит хорошо понимать слово «эффективность», потому что оно практичное."
907,907,nadawca,отправитель,noun,Pojęcie „produktywność” często pojawia się w codziennym życiu w Polsce.,Понятие «продуктивность» часто встречается в повседневной жизни в Польше.,"Warto dobrze rozumieć słowo „produktywność”, bo jest praktyczne.","Стоит хорошо понимать слово «продуктивность», потому что оно практичное."
908,908,zasób,ресурс,noun,Pojęcie „zasób” często pojawia się w codziennym życiu w Polsce.,Понятие «ресурс» часто встречается в повседневной жизни в Польше.,"Warto dobrze rozumieć słowo „zasób”, bo jest praktyczne.","Стоит хорошо понимать слово «ресурс», потому что оно практичное."
909,909,przewoźnik,перевозчик,noun,Pojęcie „potencjał” często pojawia się w codziennym życiu w Polsce.,Понятие «потенциал» часто встречается в повседневной жизни в Польше.,"Warto dobrze rozumieć słowo „potencjał”, bo jest praktyczne.","Стоит хорошо понимать слово «потенциал», потому что оно практичное."
910,910,wartość dodana,добавленная ценность,noun,Pojęcie „wartość dodana” często pojawia się w codziennym życiu w Polsce.,Понятие «добавленная ценность» часто встречается в повседневной жизни в Польше.,"Warto dobrze rozumieć słowo „wartość dodana”, bo jest praktyczne.","Стоит хорошо понимать слово «добавленная ценность», потому что оно практичное."
911,911,rozwój osobisty,личностное развитие,noun,Pojęcie „rozwój osobisty” często pojawia się w codziennym życiu w Polsce.,Понятие «личностное развитие» часто встречается в повседневной жизни в Польше.,"Warto dobrze rozumieć słowo „rozwój osobisty”, bo jest praktyczne.","Стоит хорошо понимать слово «личностное развитие», потому что оно практичное."
912,912,równowaga życiowa,жизненный баланс,noun,Pojęcie „równowaga życiowa” często pojawia się w codziennym życiu w Polsce.,Понятие «жизненный баланс» часто встречается в повседневной жизни в Польше.,"Warto dobrze rozumieć słowo „równowaga życiowa”, bo jest praktyczne.","Стоит хорошо понимать слово «жизненный баланс», потому что оно практичное."
913,913,dobrobyt,благополучие,noun,Pojęcie „dobrobyt” często pojawia się w codziennym życiu w Polsce.,Понятие «благополучие» часто встречается в повседневной жизни в Польше.,"Warto dobrze rozumieć słowo „dobrobyt”, bo jest praktyczne.","Стоит хорошо понимать слово «благополучие», потому что оно практичное."
914,914,przyszłość,будущее,noun,Pojęcie „przyszłość” często pojawia się w codziennym życiu w Polsce.,Понятие «будущее» часто встречается в повседневной жизни в Польше.,"Warto dobrze rozumieć słowo „przyszłość”, bo jest praktyczne.","Стоит хорошо понимать слово «будущее», потому что оно практичное."
915,915,możliwości,возможности,noun,Pojęcie „możliwości” często pojawia się w codziennym życiu w Polsce.,Понятие «возможности» часто встречается в повседневной жизни в Польше.,"Warto dobrze rozumieć słowo „możliwości”, bo jest praktyczne.","Стоит хорошо понимать слово «возможности», потому что оно практичное."
916,916,perspektywa rozwoju,перспектива развития,noun,Pojęcie „perspektywa rozwoju” często pojawia się w codziennym życiu w Polsce.,Понятие «перспектива развития» часто встречается в повседневной жизни в Польше.,"Warto dobrze rozumieć słowo „perspektywa rozwoju”, bo jest praktyczne.","Стоит хорошо понимать слово «перспектива развития», потому что оно практичное."
917,917,świadomy,осознанный,adjective,Słowo „świadomy” często pomaga dokładniej opisać sytuację.,Слово «осознанный» часто помогает точнее описать ситуацию.,"To przydatne słowo w pracy, rozmowach i oficjalnych tekstach.","Это полезное слово в работе, разговорах и официальных текстах."
918,918,odpowiedzialnie,ответственно,adverb,Wyrażenie „odpowiedzialnie” pomaga budować bardziej naturalne zdania.,Выражение «ответственно» помогает строить более естественные предложения.,"Warto znać „odpowiedzialnie”, bo często pojawia się w rozmowach i tekstach.","Стоит знать «ответственно», потому что оно часто встречается в разговорах и текстах."
919,919,konsekwentnie,последовательно,adverb,Wyrażenie „konsekwentnie” pomaga budować bardziej naturalne zdania.,Выражение «последовательно» помогает строить более естественные предложения.,"Warto znać „konsekwentnie”, bo często pojawia się w rozmowach i tekstach.","Стоит знать «последовательно», потому что оно часто встречается в разговорах и текстах."
920,920,świadczyć o,свидетельствовать о,verb,Warto umieć poprawnie używać wyrażenia „świadczyć o” w rozmowie.,Стоит уметь правильно использовать выражение «свидетельствовать о» в разговоре.,"To wyrażenie często pojawia się w pracy, dokumentach i codziennych sytuacjach.","Это выражение часто встречается на работе, в документах и повседневных ситуациях."
921,921,ubezpieczony,застрахованный,verb,Warto umieć poprawnie używać wyrażenia „wynikać” w rozmowie.,Стоит уметь правильно использовать выражение «следовать» в разговоре.,"To wyrażenie często pojawia się w pracy, dokumentach i codziennych sytuacjach.","Это выражение часто встречается на работе, в документах и повседневных ситуациях."
922,922,wskazówka,подсказка,noun,Pojęcie „wskazówka” często pojawia się w codziennym życiu w Polsce.,Понятие «подсказка» часто встречается в повседневной жизни в Польше.,"Warto dobrze rozumieć słowo „wskazówka”, bo jest praktyczne.","Стоит хорошо понимать слово «подсказка», потому что оно практичное."
923,923,rekomendacja,рекомендация,noun,Pojęcie „rekomendacja” często pojawia się w codziennym życiu w Polsce.,Понятие «рекомендация» часто встречается в повседневной жизни в Польше.,"Warto dobrze rozumieć słowo „rekomendacja”, bo jest praktyczne.","Стоит хорошо понимать слово «рекомендация», потому что оно практичное."
924,924,rozwijać kompetencje,развивать компетенции,verb,Warto umieć poprawnie używać wyrażenia „rozwijać kompetencje” w rozmowie.,Стоит уметь правильно использовать выражение «развивать компетенции» в разговоре.,"To wyrażenie często pojawia się w pracy, dokumentach i codziennych sytuacjach.","Это выражение часто встречается на работе, в документах и повседневных ситуациях."
925,rachunek bankowy,банковский счет,noun,noun,To słowo zostało dodane jako uzupełnienie listy.,Это слово было добавлено как дополнение списка.,Warto później zastąpić je dokładniejszą pozycją.,Позже стоит заменить его более точной позицией.
926,osiedle,жилой район,noun,noun,To słowo zostało dodane jako uzupełnienie listy.,Это слово было добавлено как дополнение списка.,Warto później zastąpić je dokładniejszą pozycją.,Позже стоит заменить его более точной позицией.
927,dzielnica,район города,noun,noun,To słowo zostało dodane jako uzupełnienie listy.,Это слово было добавлено как дополнение списка.,Warto później zastąpić je dokładniejszą pozycją.,Позже стоит заменить его более точной позицией.
928,chodnik,тротуар,noun,noun,To słowo zostało dodane jako uzupełnienie listy.,Это слово было добавлено как дополнение списка.,Warto później zastąpić je dokładniejszą pozycją.,Позже стоит заменить его более точной позицией.
929,przejście dla pieszych,пешеходный переход,noun,noun,To słowo zostało dodane jako uzupełnienie listy.,Это слово было добавлено как дополнение списка.,Warto później zastąpić je dokładniejszą pozycją.,Позже стоит заменить его более точной позицией.
930,skrzyżowanie,перекресток,noun,noun,To słowo zostało dodane jako uzupełnienie listy.,Это слово было добавлено как дополнение списка.,Warto później zastąpić je dokładniejszą pozycją.,Позже стоит заменить его более точной позицией.
931,apteczka,аптечка,noun,noun,To słowo zostało dodane jako uzupełnienie listy.,Это слово было добавлено как дополнение списка.,Warto później zastąpić je dokładniejszą pozycją.,Позже стоит заменить его более точной позицией.
932,pielęgniarka,медсестра,noun,noun,To słowo zostało dodane jako uzupełnienie listy.,Это слово было добавлено как дополнение списка.,Warto później zastąpić je dokładniejszą pozycją.,Позже стоит заменить его более точной позицией.
933,rehabilitacja,реабилитация,noun,noun,To słowo zostało dodane jako uzupełnienie listy.,Это слово было добавлено как дополнение списка.,Warto później zastąpić je dokładniejszą pozycją.,Позже стоит заменить его более точной позицией.
934,badanie krwi,анализ крови,noun,noun,To słowo zostało dodane jako uzupełnienie listy.,Это слово было добавлено как дополнение списка.,Warto później zastąpić je dokładniejszą pozycją.,Позже стоит заменить его более точной позицией.
935,dowód osobisty,удостоверение личности,noun,noun,To słowo zostało dodane jako uzupełnienie listy.,Это слово было добавлено как дополнение списка.,Warto później zastąpić je dokładniejszą pozycją.,Позже стоит заменить его более точной позицией.
936,paszport,паспорт,noun,noun,To słowo zostało dodane jako uzupełnienie listy.,Это слово было добавлено как дополнение списка.,Warto później zastąpić je dokładniejszą pozycją.,Позже стоит заменить его более точной позицией.
937,obywatelstwo,гражданство,noun,noun,To słowo zostało dodane jako uzupełnienie listy.,Это слово было добавлено как дополнение списка.,Warto później zastąpić je dokładniejszą pozycją.,Позже стоит заменить его более точной позицией.
938,legalizacja pobytu,легализация пребывания,noun,noun,To słowo zostało dodane jako uzupełnienie listy.,Это слово было добавлено как дополнение списка.,Warto później zastąpić je dokładniejszą pozycją.,Позже стоит заменить его более точной позицией.
939,urzędowy,официальный,adjective,noun,To słowo zostało dodane jako uzupełnienie listy.,Это слово было добавлено как дополнение списка.,Warto później zastąpić je dokładniejszą pozycją.,Позже стоит заменить его более точной позицией.
940,formularz,"форма, бланк",noun,noun,To słowo zostało dodane jako uzupełnienie listy.,Это слово было добавлено как дополнение списка.,Warto później zastąpić je dokładniejszą pozycją.,Позже стоит заменить его более точной позицией.
941,załącznik,приложение к документу,noun,noun,To słowo zostało dodane jako uzupełnienie listy.,Это слово было добавлено как дополнение списка.,Warto później zastąpić je dokładniejszą pozycją.,Позже стоит заменить его более точной позицией.
942,podpis,подпись,noun,noun,To słowo zostało dodane jako uzupełnienie listy.,Это слово было добавлено как дополнение списка.,Warto później zastąpić je dokładniejszą pozycją.,Позже стоит заменить его более точной позицией.
943,pieczątka,печать,noun,noun,To słowo zostało dodane jako uzupełnienie listy.,Это слово было добавлено как дополнение списка.,Warto później zastąpić je dokładniejszą pozycją.,Позже стоит заменить его более точной позицией.
944,wydruk,распечатка,noun,noun,To słowo zostało dodane jako uzupełnienie listy.,Это слово было добавлено как дополнение списка.,Warto później zastąpić je dokładniejszą pozycją.,Позже стоит заменить его более точной позицией.
945,księgowy,бухгалтер,noun,noun,To słowo zostało dodane jako uzupełnienie listy.,Это слово было добавлено как дополнение списка.,Warto później zastąpić je dokładniejszą pozycją.,Позже стоит заменить его более точной позицией.
946,wynagrodzenie,заработная плата,noun,noun,To słowo zostało dodane jako uzupełnienie listy.,Это слово было добавлено как дополнение списка.,Warto później zastąpić je dokładniejszą pozycją.,Позже стоит заменить его более точной позицией.
947,premia,премия,noun,noun,To słowo zostało dodane jako uzupełnienie listy.,Это слово было добавлено как дополнение списка.,Warto później zastąpić je dokładniejszą pozycją.,Позже стоит заменить его более точной позицией.
948,podwyżka,повышение зарплаты,noun,noun,To słowo zostało dodane jako uzupełnienie listy.,Это слово было добавлено как дополнение списка.,Warto później zastąpić je dokładniejszą pozycją.,Позже стоит заменить его более точной позицией.
949,zwolnienie lekarskie,больничный,noun,noun,To słowo zostało dodane jako uzupełnienie listy.,Это слово было добавлено как дополнение списка.,Warto później zastąpić je dokładniejszą pozycją.,Позже стоит заменить его более точной позицией.
950,nadgodziny,сверхурочные,noun,noun,To słowo zostało dodane jako uzupełnienie listy.,Это слово было добавлено как дополнение списка.,Warto później zastąpić je dokładniejszą pozycją.,Позже стоит заменить его более точной позицией.
951,rejestracja,регистрация,noun,noun,To słowo zostało dodane jako uzupełnienie listy.,Это слово было добавлено как дополнение списка.,Warto później zastąpić je dokładniejszą pozycją.,Позже стоит заменить его более точной позицией.
952,ubezpieczyciel,страховщик,noun,noun,To słowo zostało dodane jako uzupełnienie listy.,Это слово было добавлено как дополнение списка.,Warto później zastąpić je dokładniejszą pozycją.,Позже стоит заменить его более точной позицией.
953,właściciel firmy,владелец компании,noun,noun,To słowo zostało dodane jako uzupełnienie listy.,Это слово было добавлено как дополнение списка.,Warto później zastąpić je dokładniejszą pozycją.,Позже стоит заменить его более точной позицией.
954,pracownik biurowy,офисный сотрудник,noun,noun,To słowo zostało dodane jako uzupełnienie listy.,Это слово было добавлено как дополнение списка.,Warto później zastąpić je dokładniejszą pozycją.,Позже стоит заменить его более точной позицией.
955,umowa o pracę,трудовой договор,noun,noun,To słowo zostało dodane jako uzupełnienie listy.,Это слово было добавлено как дополнение списка.,Warto później zastąpić je dokładniejszą pozycją.,Позже стоит заменить его более точной позицией.
956,umowa zlecenie,договор подряда,noun,noun,To słowo zostało dodane jako uzupełnienie listy.,Это слово было добавлено как дополнение списка.,Warto później zastąpić je dokładniejszą pozycją.,Позже стоит заменить его более точной позицией.
957,umowa o dzieło,договор на выполнение работы,noun,noun,To słowo zostało dodane jako uzupełnienie listy.,Это слово было добавлено как дополнение списка.,Warto później zastąpić je dokładniejszą pozycją.,Позже стоит заменить его более точной позицией.
958,rachunek telefoniczny,счет за телефон,noun,noun,To słowo zostało dodane jako uzupełnienie listy.,Это слово было добавлено как дополнение списка.,Warto później zastąpić je dokładniejszą pozycją.,Позже стоит заменить его более точной позицией.
959,oprogramowanie,программное обеспечение,noun,noun,To słowo zostało dodane jako uzupełnienie listy.,Это слово было добавлено как дополнение списка.,Warto później zastąpić je dokładniejszą pozycją.,Позже стоит заменить его более точной позицией.
960,plik,файл,noun,noun,To słowo zostało dodane jako uzupełnienie listy.,Это слово было добавлено как дополнение списка.,Warto później zastąpić je dokładniejszą pozycją.,Позже стоит заменить его более точной позицией.
961,folder,папка,noun,noun,To słowo zostało dodane jako uzupełnienie listy.,Это слово было добавлено как дополнение списка.,Warto później zastąpić je dokładniejszą pozycją.,Позже стоит заменить его более точной позицией.
962,wyszukiwarka,поисковая система,noun,noun,To słowo zostało dodane jako uzupełnienie listy.,Это слово было добавлено как дополнение списка.,Warto później zastąpić je dokładniejszą pozycją.,Позже стоит заменить его более точной позицией.
963,strona internetowa,веб-сайт,noun,noun,To słowo zostało dodane jako uzupełnienie listy.,Это слово было добавлено как дополнение списка.,Warto później zastąpić je dokładniejszą pozycją.,Позже стоит заменить его более точной позицией.
964,przeglądarka,браузер,noun,noun,To słowo zostało dodane jako uzupełnienie listy.,Это слово было добавлено как дополнение списка.,Warto później zastąpić je dokładniejszą pozycją.,Позже стоит заменить его более точной позицией.
965,bezpieczeństwo danych,безопасность данных,noun,noun,To słowo zostało dodane jako uzupełnienie listy.,Это слово было добавлено как дополнение списка.,Warto później zastąpić je dokładniejszą pozycją.,Позже стоит заменить его более точной позицией.
966,konto bankowe,przedsięwzięcie,"проект, начинание",noun,To słowo zostało dodane jako uzupełnienie listy.,Это слово было добавлено как дополнение списка.,Warto później zastąpić je dokładniejszą pozycją.,Позже стоит заменить его более точной позицией.
967,karta płatnicza,платежная карта,noun,noun,To słowo zostało dodane jako uzupełnienie listy.,Это слово было добавлено как дополнение списка.,Warto później zastąpić je dokładniejszą pozycją.,Позже стоит заменить его более точной позицией.
968,bankomat,банкомат,noun,noun,To słowo zostało dodane jako uzupełnienie listy.,Это слово было добавлено как дополнение списка.,Warto później zastąpić je dokładniejszą pozycją.,Позже стоит заменить его более точной позицией.
969,wypłata,снятие денег,noun,noun,To słowo zostało dodane jako uzupełnienie listy.,Это слово было добавлено как дополнение списка.,Warto później zastąpić je dokładniejszą pozycją.,Позже стоит заменить его более точной позицией.
970,wpłata,внесение денег,noun,noun,To słowo zostało dodane jako uzupełnienie listy.,Это слово было добавлено как дополнение списка.,Warto później zastąpić je dokładniejszą pozycją.,Позже стоит заменить его более точной позицией.
971,saldo,баланс счета,noun,noun,To słowo zostało dodane jako uzupełnienie listy.,Это слово было добавлено как дополнение списка.,Warto później zastąpić je dokładniejszą pozycją.,Позже стоит заменить его более точной позицией.
972,oszczędnościowe,сберегательный,adjective,noun,To słowo zostało dodane jako uzupełnienie listy.,Это слово было добавлено как дополнение списка.,Warto później zastąpić je dokładniejszą pozycją.,Позже стоит заменить его более точной позицией.
973,lokata,депозит,noun,noun,To słowo zostało dodane jako uzupełnienie listy.,Это слово было добавлено как дополнение списка.,Warto później zastąpić je dokładniejszą pozycją.,Позже стоит заменить его более точной позицией.
974,inwestycja,инвестиция,noun,noun,To słowo zostało dodane jako uzupełnienie listy.,Это слово было добавлено как дополнение списка.,Warto później zastąpić je dokładniejszą pozycją.,Позже стоит заменить его более точной позицией.
975,doradca,консультант,noun,noun,To słowo zostało dodane jako uzupełnienie listy.,Это слово было добавлено как дополнение списка.,Warto później zastąpić je dokładniejszą pozycją.,Позже стоит заменить его более точной позицией.
976,sprzęt,оборудование,noun,noun,To słowo zostało dodane jako uzupełnienie listy.,Это слово было добавлено как дополнение списка.,Warto później zastąpić je dokładniejszą pozycją.,Позже стоит заменить его более точной позицией.
977,narzędzie,инструмент,noun,noun,To słowo zostało dodane jako uzupełnienie listy.,Это слово было добавлено как дополнение списка.,Warto później zastąpić je dokładniejszą pozycją.,Позже стоит заменить его более точной позицией.
978,wyposażony,оборудованный,adjective,noun,To słowo zostało dodane jako uzupełnienie listy.,Это слово было добавлено как дополнение списка.,Warto później zastąpić je dokładniejszą pozycją.,Позже стоит заменить его более точной позицией.
979,wydarzenie,мероприятие,noun,noun,To słowo zostało dodane jako uzupełnienie listy.,Это слово было добавлено как дополнение списка.,Warto później zastąpić je dokładniejszą pozycją.,Позже стоит заменить его более точной позицией.
980,uczestnik,участник,noun,noun,To słowo zostało dodane jako uzupełnienie listy.,Это слово было добавлено как дополнение списка.,Warto później zastąpić je dokładniejszą pozycją.,Позже стоит заменить его более точной позицией.
981,organizator,организатор,noun,noun,To słowo zostało dodane jako uzupełnienie listy.,Это слово было добавлено как дополнение списка.,Warto później zastąpić je dokładniejszą pozycją.,Позже стоит заменить его более точной позицией.
982,publiczność,публика,noun,noun,To słowo zostało dodane jako uzupełnienie listy.,Это слово было добавлено как дополнение списка.,Warto później zastąpić je dokładniejszą pozycją.,Позже стоит заменить его более точной позицией.
983,kultura,культура,noun,noun,To słowo zostało dodane jako uzupełnienie listy.,Это слово было добавлено как дополнение списка.,Warto później zastąpić je dokładniejszą pozycją.,Позже стоит заменить его более точной позицией.
984,muzeum,музей,noun,noun,To słowo zostało dodane jako uzupełnienie listy.,Это слово было добавлено как дополнение списка.,Warto później zastąpić je dokładniejszą pozycją.,Позже стоит заменить его более точной позицией.
985,wystawa,выставка,noun,noun,To słowo zostało dodane jako uzupełnienie listy.,Это слово было добавлено как дополнение списка.,Warto później zastąpić je dokładniejszą pozycją.,Позже стоит заменить его более точной позицией.
986,biblioteka,библиотека,noun,noun,To słowo zostało dodane jako uzupełnienie listy.,Это слово было добавлено как дополнение списка.,Warto później zastąpić je dokładniejszą pozycją.,Позже стоит заменить его более точной позицией.
987,książka,книга,noun,noun,To słowo zostało dodane jako uzupełnienie listy.,Это слово было добавлено как дополнение списка.,Warto później zastąpić je dokładniejszą pozycją.,Позже стоит заменить его более точной позицией.
988,czytelnik,читатель,noun,noun,To słowo zostało dodane jako uzupełnienie listy.,Это слово было добавлено как дополнение списка.,Warto później zastąpić je dokładniejszą pozycją.,Позже стоит заменить его более точной позицией.
989,autor,автор,noun,noun,To słowo zostało dodane jako uzupełnienie listy.,Это слово было добавлено как дополнение списка.,Warto później zastąpić je dokładniejszą pozycją.,Позже стоит заменить его более точной позицией.
990,artykuł,статья,noun,noun,To słowo zostało dodane jako uzupełnienie listy.,Это слово было добавлено как дополнение списка.,Warto później zastąpić je dokładniejszą pozycją.,Позже стоит заменить его более точной позицией.
991,gazeta,газета,noun,noun,To słowo zostało dodane jako uzupełnienie listy.,Это слово было добавлено как дополнение списка.,Warto później zastąpić je dokładniejszą pozycją.,Позже стоит заменить его более точной позицией.
992,wiadomości,новости,noun,noun,To słowo zostało dodane jako uzupełnienie listy.,Это слово было добавлено как дополнение списка.,Warto później zastąpić je dokładniejszą pozycją.,Позже стоит заменить его более точной позицией.
993,program,программа,noun,noun,To słowo zostało dodane jako uzupełnienie listy.,Это слово было добавлено как дополнение списка.,Warto później zastąpić je dokładniejszą pozycją.,Позже стоит заменить его более точной позицией.
994,kanał,канал,noun,noun,To słowo zostało dodane jako uzupełnienie listy.,Это слово было добавлено как дополнение списка.,Warto później zastąpić je dokładniejszą pozycją.,Позже стоит заменить его более точной позицией.
995,ekran,экран,noun,noun,To słowo zostało dodane jako uzupełnienie listy.,Это слово было добавлено как дополнение списка.,Warto później zastąpić je dokładniejszą pozycją.,Позже стоит заменить его более точной позицией.
996,podróżować,путешествовать,verb,noun,To słowo zostało dodane jako uzupełnienie listy.,Это слово было добавлено как дополнение списка.,Warto później zastąpić je dokładniejszą pozycją.,Позже стоит заменить его более точной позицией.
997,odpoczywać,отдыхать,verb,noun,To słowo zostało dodane jako uzupełnienie listy.,Это слово было добавлено как дополнение списка.,Warto później zastąpić je dokładniejszą pozycją.,Позже стоит заменить его более точной позицией.
998,spacer,прогулка,noun,noun,To słowo zostało dodane jako uzupełnienie listy.,Это слово было добавлено как дополнение списка.,Warto później zastąpić je dokładniejszą pozycją.,Позже стоит заменить его более точной позицией.
999,aktywność,активность,noun,noun,To słowo zostało dodane jako uzupełnienie listy.,Это слово было добавлено как дополнение списка.,Warto później zastąpić je dokładniejszą pozycją.,Позже стоит заменить его более точной позицией.
1000,ćwiczenie,упражнение,noun,noun,To słowo zostało dodane jako uzupełnienie listy.,Это слово было добавлено как дополнение списка.,Warto później zastąpić je dokładniejszą pozycją.,Позже стоит заменить его более точной позицией.
